,fiscal_yr,service_id,service_name_en,service_name_fr,service_description_en,service_description_fr,service_type,service_recipient_type,service_scope,client_target_groups,program_name_en,program_name_fr,client_feedback_channel,service_fee,os_account_registration,os_authentication,os_application,os_decision,os_issuance,os_issue_resolution_feedback,os_comments_client_interaction_en,os_comments_client_interaction_fr,last_service_review,last_service_improvement,sin_usage,cra_bn_identifier_usage,num_phone_enquiries,num_applications_by_phone,num_website_visits,num_applications_online,num_applications_in_person,num_applications_by_mail,num_applications_by_email,num_applications_by_fax,num_applications_by_other,special_remarks_en,special_remarks_fr,service_uri_en,service_uri_fr,num_applications_total,org_name_variant,org_id,department_en,department_fr,program_id,automated_decision_system_description_fr,automated_decision_system,automated_decision_system_description_en,service_scope_ext_or_ent,fy_org_id_service_id,planned_spending_2024-25,planned_spending_2025-26,planned_spending_2026-27
0,2023-2024,3596,ATSSC General Inquiries,Demandes générales SCDATA,"The ATSSC hotline is a voice message inbox that is available to the public and members of media organizations. It can store up to 5 new messages. Additionally, there is a general inquiry email address.","The ATSSC hotline is a voice message inbox that is available to the public and members of media organizations. It can store up to 5 new messages. Additionally, there is a general inquiry email address.",INFO,SOCIETY,EXTERN,PERSON,'Communications Services','Services de communication',"EML, TEL",N,N,N,N,N,N,N,This service is not e-enabled,Ce service n'est pas accessible en ligne.,2022-2023,,N,N,50,,2556,,,,,,,ATSSC General Inquiries does not accept applications. We only take note of questions that are relevant to the mandate of the ATSSC.,Demandes générales SCDATA n'accepte pas des applications. On prend note seulement des questions qui sont pertinent au mandat du SCDATA.,https://www.canada.ca/en/administrative-tribunals-support-service/contact.html,https://www.canada.ca/fr/service-canadien-appui-tribunaux- administratifs/coordonnees.html,0.0,atssc-scdata,539.0,Administrative Tribunals Support Service of Canada,Service canadien d'appui aux tribunaux administratifs,ISSA2,,N,,True,2023-2024_539_3596,0.0,0.0,0.0
2,2023-2024,3598,Access to Information and Privacy,Accès à l’information et protection des renseignements personnels,"The Access to Information Act gives Canadian citizens, permanent residents, and any person or corporation present in Canada a right to access records of government institutions that are subject to the Act. The Privacy Act gives Canadian citizens, permanent residents, and individuals present in Canada the right to access their personal information held by government institutions that are subject to the Act, and protects that information against unauthorized collection, use, retention and disclosure.","La Loi sur l’accès à l’information accorde aux citoyens canadiens, aux résidents permanents et à toute personne ou société présents au Canada un droit d’accès aux documents des institutions fédérales assujetties à la Loi.La Loi sur la protection des renseignements personnels donne aux citoyens canadiens, aux résidents permanents et aux personnes présentes au Canada le droit d’accéder à leurs renseignements personnels détenus par les institutions gouvernementales assujetties à la Loi, et protège ces renseignements contre la collecte, l’utilisation, la conservation et la divulgation non autorisées.",INFO,SOCIETY,EXTERN,PERSON,'Communications Services','Services de communication',"EML, FAX, ONL, POST",Y,Y,N,Y,N,N,N,,,2022-2023,,N,N,,,,15,,2,1,,,,,https://www.canada.ca/en/administrative-tribunals-support-service/contact.html,https://www.canada.ca/fr/service-canadien-appui-tribunaux-administratifs/coordonnees.html,18.0,atssc-scdata,539.0,Administrative Tribunals Support Service of Canada,Service canadien d'appui aux tribunaux administratifs,ISS02,,N,,True,2023-2024_539_3598,0.0,0.0,0.0
83,2023-2024,851,Grant and contribution programs,Programmes de subventions et contributions,"CED delivers grant and contribution programs that primarily target small and medium-sized businesses (SMEs) and economic non-profit organizations (NPOs). We support projects targeting entrepreneurial growth, innovation, diversification and local economic development. The three main programs through which we deliver our various measures are: the Regional Economic Growth through Innovation (REGI) program, the Quebec Economic Development Program (QEDP) and the Community Futures Program (CFP). CED is also called upon to deliver temporary initiatives from time to time.","DEC livre des programmes de subventions et contributions, principalement auprès de petites et moyennes entreprises (PME) et d'organismes à but non lucratif (OBNL) à vocation économique. Nous soutenons des projets de croissance entrepreneuriale, d'innovation, de diversification et de développement économique local. Le programme Croissance économique régionale par l'innovation (CERI), le Programme de développement économique du Québec (PDEQ) et le Programme de développement des collectivités (PDC) sont les trois grands programmes qui regroupent les diverses mesyres d'aide financière que nous offrons. DEC est également appelé à livrer des initiatives ponctuelles à l'occasion.",GNC,CLIENT,EXTERN,"ECONOM, NGO, PTC","'Business innovation and growth', 'Vitality of communities', 'Targeted or temporary support', 'Regional Innovation'","'Innovation et croissance des entreprises', 'Vitalité des collectivités', 'Soutien ponctuel ou ciblé', 'Innovation régionale'","ONL, PERSON",N,N,N,Y,N,N,,,S/O,2022-2023,,,N,1859,0,74000,0,0,0,517,0,0,"1859 inquiries were handled during the 2023-2024 year. Of those, 854 were                  answered by telephone, 607 by email and 398 by in-person meetings.

In October 2023, the Business Information Services was created to offer first-level  services to businesses (see the following indicator). Methodology to measure volumetry was modified accordingly based on date of the interaction, belonging to work unit, type and objective of the interaction.","1859 demandes de renseignements ont été traitées au cours de l'année 2023-2024. De ce nombre, 854 ont été répondues par téléphone, 607 par courriel et 398 lors de rencontres avec des clients.

En octobre 2023, le Service d'information aux entreprises a été mis sur pied (voir autre indicateur). La méthodologie pour mesurer la volumétrie a été ajustée en conséquence. La date de l'interaction, l'appartenance à l'unité de travail, le type et l'objectif de l'interaction ont ainsi été pris en considération pour quantifier les requêtes.",https://dec.canada.ca/eng/programs/index.html,https://dec.canada.ca/fra/programmes/index.html,517.0,ced-dec,141.0,Canada Economic Development for Quebec Regions,Développement économique Canada pour les régions du Québec,"BLL01,BLL02,BLL03,BLL04",,N,,True,2023-2024_141_851,293604291.0,287612733.0,192652361.0
84,2023-2024,3585,Business Information Services,Services d'information aux entreprises,"CED provides information services to future entrepreneurs and small businesses to support their development. These services include front-line referrals to programs, support resources, regulations and market information on trends and business opportunities.","DEC offre des services d'information aux futurs entrepreneurs et petites entreprises pour les appuyer dans leur développement. Ces services incluent de l'aiguillage de première ligne sur les renseignements de programmes, les ressources de soutien, la réglementation ainsi que de l'information de marché sur les tendances et les opportunités d'affaires.",INFO,CLIENT,EXTERN,"ECONOM, NGO, PTC","'Business innovation and growth', 'Vitality of communities', 'Targeted or temporary support', 'Regional Innovation'","'Innovation et croissance des entreprises', 'Vitalité des collectivités', 'Soutien ponctuel ou ciblé', 'Innovation régionale'","EML, ONL, POST, TEL",N,,,Y,,,,Requests for referrals and market information can be submitted online via a request form.,Les requêtes d'aiguillage et d'information de marché peuvent être transmises en ligne à partir d'un formulaire de demande.,2023-2024,2023-2024,N,N,1487,,4623,2023,0,0,147,,,"Online requests for information are transmitted via GC forms, which may include more than one service.",Les demandes d'information en ligne sont transmises à partir de formulaires GC qui peuvent inclure plus d'un service.,https://ced.canada.ca/en/business-information-services/,https://dec.canada.ca/fr/services-dinformation-aux-entreprises/,2170.0,ced-dec,141.0,Canada Economic Development for Quebec Regions,Développement économique Canada pour les régions du Québec,"BLL01,BLL02,BLL03,BLL04",N: No,N,N: No,True,2023-2024_141_3585,293604291.0,287612733.0,192652361.0
85,2023-2024,849,Media Relations,Relations médias,CED responds to media inquiries.,DEC répond aux demandes d'information des médias.,INFO,CLIENT,EXTERN,"ECONOM, NGO",'Communications Services','Services de communication',NON,N,,,N,,,,Media responses do not generate any formal feedback from the media.,Les réponses fournies aux médias ne donnent lieu à aucune rétroaction formelle de la part de ceux-ci.,2022-2023,,,N,0,0,ND,ND,0,,47,,0,Media inquiries can only be submitted to CED by email or phone (not online or through the website).,DEC peut recevoir des médias par téléphone ou par courriel seulement (pas par le site web).,https://ced.canada.ca/en/newsroom/,https://dec.canada.ca/fr/salle-de-nouvelles/,47.0,ced-dec,141.0,Canada Economic Development for Quebec Regions,Développement économique Canada pour les régions du Québec,ISS02,,N,,True,2023-2024_141_849,0.0,0.0,0.0
86,2023-2024,315,Access to Information Requests,Accès à l'information,"The Canada Energy Regulator’s response to information requests made under the Access to Information Act that gives the Canadian public a right to access information contained in federal government records, subject to certain specific and limited exceptions.","La réponse de la Régie de l’énergie du Canada aux demandes des renseignements au sujet de la Loi sur l’accès à l’information qui accorde au public canadien un droit d’accès à l’information contenue dans les documents du gouvernement fédéral, sous réserve de certaines exceptions particulières et limitées.",INFO,SOCIETY,EXTERN,PERSON,'Information Management Services',"""Services de gestion de l'information""","EML, FAX, ONL, PERSON, TEL",Y,N,Y,Y,N,N,N,Feedback can be received by different channels.,Commentaires peuvent être reçus par différents moyennes de communication.,2023-2024,2023-2024,,,0,0,0,24,0,0,0,0,0,,,https://www.cer-rec.gc.ca/en/about/who-we-are-what-we-do/cer-time-limits-and-service-standards.html,https://www.cer-rec.gc.ca/fr/regie/nous-sommes-nous-faisons/delais-et-normes-de-service-de-la-regie.html,24.0,cer-rec,221.0,Canada Energy Regulator,Régie de l'énergie du Canada,ISS06,,N,,True,2023-2024_221_315,0.0,0.0,0.0
96,2023-2024,309,Processing Participant Funding Requests,Traitement des demandes d'aide financière aux participants,"The Commission’s decision on requests for Participant Funding to facilitate the participation of the public, the Indigenous Peoples of Canada and Indigenous organizations in public hearings under section 183 of the Canadian Energy Regulator Act.","La décision de la Commission sur les demandes d'aide financière aux participants pour faciliter la participation du public, des peuples autochtones du Canada et des organisations autochtones aux audiences publiques en vertu de l'article 183 de la Loi sur la réglementation canadienne de l'énergie.",GNC,SOCIETY,EXTERN,NGO,'Participant Funding','Aide financière aux participants',"EML, FAX, ONL, PERSON, POST, TEL",N,N,N,Y,,,N,Feedback can be received by different channels.,Commentaires peuvent être reçus par différents moyennes de communication.,2023-2024,2023-2024,N,N,0,0,0,149,0,0,0,0,0,,,https://www.cer-rec.gc.ca/en/about/who-we-are-what-we-do/cer-time-limits-and-service-standards.html,https://www.cer-rec.gc.ca/fr/regie/nous-sommes-nous-faisons/delais-et-normes-de-service-de-la-regie.html,149.0,cer-rec,221.0,Canada Energy Regulator,Régie de l'énergie du Canada,BXY02,,N,,True,2023-2024_221_309,0.0,0.0,0.0
97,2023-2024,314,Responding to Library Requests,Demandes à la bibliothèque,"The Canada Energy Regulator's response to Library requests made by the public for a range of services including consultation on regulatory documents, copies of publications, as well as referrals to internal and external sources of information.","La réponse de la Régie de l’énergie du Canada aux demandes du public à la bibliothèque au sujet de consultation des documents réglementaires, distribution d’exemplaires des publications de la Régie et l’aiguillage vers des sources d’information internes et externes.",INFO,SOCIETY,EXTERN,PERSON,'Information Management Services',"""Services de gestion de l'information""","EML, FAX, ONL, OTH, PERSON, TEL",N,N,N,N,N,N,N,Feedback can be received by different channels.,Commentaires peuvent être reçus par différents moyennes de communication.,2023-2024,2023-2024,,,6,6,0,0,9,0,980,0,0,,,https://www.cer-rec.gc.ca/en/about/who-we-are-what-we-do/cer-time-limits-and-service-standards.html<>https://www.cer-rec.gc.ca/en/about/publications-reports/departmental-results-reports/2020-2021/fiscal-year-2020-2021-service-standards-results.html,https://www.cer-rec.gc.ca/fr/regie/nous-sommes-nous-faisons/delais-et-normes-de-service-de-la-regie.html<>https://www.cer-rec.gc.ca/fr/regie/publications-rapports/rapport-resultats-ministeriels/2020-2021/resultats-relatifs-aux-normes-de-service-pour-lexercice-2020-2021.html,995.0,cer-rec,221.0,Canada Energy Regulator,Régie de l'énergie du Canada,ISSA6,,N,,True,2023-2024_221_314,0.0,0.0,0.0
127,2023-2024,3726,Liaison Officer Service,Service d'agents de liaison,"The CRA offers free, personalized support to small businesses and self-employed individuals to help them understand their tax obligations. This support is offered in-person or virtually through one-on-one visits and through group seminars.",L'ARC offre un soutien gratuit et personnalisé aux petites entreprises et aux travailleurs autonomes pour les aider à comprendre leurs obligations fiscales. Ce soutien est offert en personne ou virtuellement sous forme de visites individuelles et de séminaires de groupe.,RES,CLIENT,EXTERN,"ECONOM, PERSON",'Domestic Compliance','Observation nationale',"EML, FAX, ONL, PERSON, POST, TEL",N,,,Y,N,N,Y,"Authentication/Account registration: Taxpayers can request the service through the online request form - this form is anonymous and does not interact with source systems and is available to the public outside of secure portals. No authentication occurs; no unique identifiers are requested or required. The service is available online (videoconference), over the phone and in-person.","Authentification/Inscription: les contribuables peuvent demander le service via le formulaire de demande en ligne. Ce formulaire est anonyme, n'interagit pas avec les systèmes sources et est accessible au public en dehors des portails sécurisés. Aucune authentification n'a lieu ; aucun identifiant unique n’est demandé ou requis. Le service est disponible en ligne (par videoconference), par telephone ou en personne.",,2020-2021,Y,Y,0,0,78442,14836,0,0,0,0,0,"The program offers in-person services,  however these were not offered last year due to COVID-19. 
The program does not track application received by officers by phone or by mail.","Le programme offre des services en personne; cependant ceux-ci n'étaient pas offerts à cause de la COVID-19.
Le programme ne fait pas de suivi des demandes reçues par téléphone ou par courriel par les agents.",https://www.canada.ca/en/revenue-agency/programs/about-canada-revenue-agency-cra/compliance/liaison-officer-initiative-loi.html,https://www.canada.ca/fr/agence-revenu/programmes/a-propos-agence-revenu-canada-arc/observation/initiative-relative-agents-liaison.html,14836.0,cra-arc,46.0,Canada Revenue Agency,Agence du revenu du Canada,BRA04,N/A- S/O,N,N/A- S/O,True,2023-2024_46_3726,0.0,0.0,0.0
277,2023-2024,3707,Media Relations,Relations avec les médias,Proactive and reactive engagement with media to meet information needs.,Engagement proactif et réactif avec les médias pour répondre aux besoins d'information.,INFO,SOCIETY,EXTERN,ECONOM,'Communication Services','Services de communication',TEL,N,,,,,,,This service is delivered through various user-determined channels and will not be available through a centralized online platform.,Ce service est fourni via divers canaux déterminés par l'utilisateur et ne sera pas disponible via une plateforme en ligne centralisée.,2022-2023,,N,N,0,0,1992,0,0,0,0,0,579,Channel-specific data is not tracked/available but could include various channels.,Les données spécifiques aux chaînes ne sont pas suivies/disponibles mais peuvent inclure diverses chaînes.,,,579.0,cfia-acia,65.0,Canadian Food Inspection Agency,Agence canadienne d'inspection des aliments,BVY02,,N,,True,2023-2024_65_3707,0.0,0.0,0.0
278,2023-2024,3705,Import Admissibility,Admissibilité à l'importation,Assessment completed in order to determine whether a product is eligible to be imported into Canada based on specific requirements or criteria.,Évaluation effectuée afin de déterminer si un produit est admissible à l'importation au Canada en fonction d'exigences ou de critères spécifiques.,APIR,CLIENT,EXTERN,ECONOM,"'Removals', 'Permissions for Animal Products', 'Permissions for Food Products'","'Renvois', ""Autorisations pour les produits d'origine animale"", 'Autorisations pour les produits alimentaires'",TEL,Y,Y,Y,Y,Y,Y,Y,,,2022-2023,,N,Y,8377,0,23778,369000,0,0,0,0,0,,,https://inspection.canada.ca/en/importing-food-plants-animals/food-imports/nisc,https://inspection.canada.ca/fr/importation-daliments-vegetaux-ou-danimaux/importation-daliments/csni,369000.0,cfia-acia,65.0,Canadian Food Inspection Agency,Agence canadienne d'inspection des aliments,"BUG04,BUH08,BUH12",,N,,True,2023-2024_65_3705,64538000.0,61594000.0,58902000.0
374,2023-2024,1129,Access to Information and Privacy,Loi sur l’accès à l’information et Loi sur la protection des renseignements personnels,"The Access to Information Act gives Canadian citizens, permanent residents, and any person or corporation present in Canada a right to access records of government institutions that are subject to the Act. The Privacy Act gives Canadian citizens, permanent residents, and individuals present in Canada the right to access their personal information held by government institutions that are subject to the Act, and protects that information against unauthorized collection, use, retention and disclosure.","La Loi sur l’accès à l’information donne aux citoyens canadiens, aux résidents permanents, et à toute personne ou société présente au Canada le droit d’accéder aux documents des institutions gouvernementales qui sont assujetties à la Loi. La Loi sur la protection des renseignements personnels donne aux citoyens canadiens, aux résidents permanents et aux personnes présentes au Canada le droit d’accéder à leurs renseignements personnels détenus par les institutions gouvernementales assujetties à la Loi, et protège ces renseignements contre toute collecte, utilisation, conservation et communication non autorisées.",INFO,CLIENT,EXTERN,PERSON,'Management and Oversight Services','Services de gestion et de surveillance',"EML, POST",N,Y,N,N,N,N,,"Interactions are online through TBS site, by postal mail to TBS or by email to CIHR. Data concerning this service is  collected directly by TBS.","Les interactions sont en ligne, via le site du SCT, par courier postal au SCT, ou par courrier électronique aux IRSC. Les données concernant ce service sont recueillies directement par le SCT.",2022-2023,2022-2023,N,N,,,,,,,,,,"The delivery channels are by postal mail and online toTBS or  by email to CIHR, Data concerning this service is  collected directly byTBS.",Les mode de prestation sont par courier postal et en ligne au SCT ou part courrier électronique aux IRSC. Les données concernant ce service sont recueillies directement par le SCT.,https://cihr-irsc.gc.ca/e/51258.html,https://cihr-irsc.gc.ca/f/51258.html,0.0,cihr-irsc,74.0,Canadian Institutes of Health Research,Instituts de recherche en santé du Canada,ISS11,,N,,True,2023-2024_74_1129,0.0,0.0,0.0
375,2023-2024,1862,Public Enquiries,Demande d'informations parvenant du public,Provide information and/or documentation to the public within prescribed protocols,Fournir de l'information et/ou de la documentation au public dans le cadre des protocoles prescrits,INFO,CLIENT,EXTERN,"NGO, PERSON, PTC",'Information Management Services',"""Services de gestion de l'information""","EML, ONL",N,,,Y,,,,They don't apply to this service,Ils ne s'appliquent pas à se service,2023-2024,2023-2024,N,N,0,0,2087,0,0,0,48,0,0,"- The volume reflected in the ""Applications by Email"" column includes the online applications as well (the online forms translates equates to an email sent)","- Le volume indiqué dans la colonne ""demandes par courriel"" inclut également les demandes en ligne (puisqu'un formulaire remplit en ligne équivaut à un courriel envoyé)",https://scics.ca/en/contact-us/,https://scics.ca/fr/contactez-nous/,48.0,cics-scic,76.0,Canadian Intergovernmental Conference Secretariat,Secrétariat des conférences intergouvernementales canadiennes,ISSA6,,N,,True,2023-2024_76_1862,0.0,0.0,0.0
380,2023-2024,1533,Access to Information and Privacy,Accès à l’information et protection des renseignements personnels,Provide a right of access to information in records under the control of a government institution in accordance with the principles that government information should be available to the public.,"Accorde au public un droit d’accès aux documents relevant de l’administration fédérale, et ce, conformément aux principes selon lesquels les renseignements détenus par le gouvernement devraient être mis à la disposition du public.",INFO,CLIENT,EXTERN,"ECONOM, NGO, PERSON",'Access to information and privacy',"""Accès à l'information et protection des renseignements personnels""",NON,N,Y,Y,Y,,,,Not applicable to ATIP service,Non applicable au service AIPRP,,,N,N,,,,13,,0,64,0,10,"CanNor received 13 formal ATIP requests via the online portal, 64 informal ATIP requests via email and 10 consultation requests from other Government Departments representing a  total volume of 87 requests for 2023-24; representing a 3 fold increase in request volume over 2022-23.","CanNor a reçu 13 demandes officielles d'AIPRP via le portail en ligne, 64 demandes informelles d'AIPRP par courriel et 10 demandes de consultation d'autres ministères, ce qui représente un volume total de 87 demandes pour 2023-24; soit une multiplication par trois du volume des demandes par rapport à 2022-23.",,,87.0,cannor,86.0,Canadian Northern Economic Development Agency,Agence canadienne de développement économique du Nord,BSJ03,,N,,True,2023-2024_86_1533,0.0,0.0,0.0
381,2023-2024,1887,Client Services,Services à la clientèle,"The CRTC’s Client Services (CS) team strives to provide excellent and efficient service that allows citizens to easily file complaints, questions and feedback regarding the Canadian communication system, receive answers to their inquiries and share their comments on the telecommunications and broadcasting industry.","L’équipe des services à la clientèle (SC) du CRTC s’efforce de fournir un service efficace basé sur l'excellence permettant aux citoyens de déposer facilement des plaintes, questions et de la rétroaction concernant le système de communication canadien, de recevoir des réponses à leurs demandes de renseignements et de faire part de leurs commentaires sur l’industrie des télécommunications et de la radiodiffusion.",INFO,CLIENT,EXTERN,PERSON,'Communications Services','Services de communication',"EML, FAX, ONL, OTH, POST, TEL",N,,,,,,,,Aucun,2018-2019,2022-2023,N,,21300,0,105700,,,,,,,,,https://crtc.gc.ca/eng/contact/,https://crtc.gc.ca/fra/contact/,0.0,crtc,93.0,Canadian Radio-television and Telecommunications Commission,Conseil de la radiodiffusion et des télécommunications canadiennes,ISS12,,N,,True,2023-2024_93_1887,0.0,0.0,0.0
407,2023-2024,208,Management and Oversight,Gestion et Surveillance,"Management and Oversight contributes to the systematic management of the Agency's priorities, promotes an organizational environment focused on achieving results, and puts in place the essential conditions for effective strategic direction.","Gestion et Surveillance contribue à la bonne gestion des priorités de l'Office des transports du Canada (Office), favorise un milieu organisationnel soucieux d'obtenir des résultats, et met en place les conditions essentielles à une orientation stratégique efficace.",INFO,CLIENT,EXTERN,PERSON,'Management and Oversight Services','Services de gestion et de surveillance',"EML, FAX, ONL, POST, TEL",N,Y,Y,Y,Y,Y,,Oversight platform and rules managed by Treasury Board of Canada Secretariat(TBS),Plate-forme de surveillance et règles gérées par le Secrétariat du Conseil du Trésor du Canada (SCT),,,N,N,ND,0,ND,29,0,0,0,0,0,,,https://www.canada.ca/en/treasury-board-secretariat/services/access-information-privacy/access-information/request-information.html,https://www.canada.ca/fr/secretariat-conseil-tresor/services/acces-information-protection-reseignements-personnels/acces-information/presenter-demande.html,29.0,cta-otc,99.0,Canadian Transportation Agency,Office des transports du Canada,ISS01,,N,,True,2023-2024_99_208,0.0,0.0,0.0
411,2023-2024,3181,Cyber Defence Services,Services de cyberdéfense,"To protect and defend Canadian interests, CSE provides dynamic and proactive cyber defences services to federal institutions and Critical Infrastructure.","Pour protéger et défendre les intérêts du Canada, le CST offre des services de cyberdéfense dynamiques et proactifs aux institutions fédérales et aux infrastructures essentielles.",PPI,CLIENT,"ENTERPRISE, EXTERN","ECONOM, INTERN_GOV, PTC",'Cyber Security and Information Assurance',"""Cybersécurité et assurance de l'information""","EML, TEL",N,N,N,N,N,N,N,"Services do not have an online service component, they are only available by email/phone.",Ces services ne comportent pas une composante de services en ligne; ils ne sont disponibles que par courriel ou par téléphone.,,,N,N,,,,,,,60,,,,,,,60.0,csec-cstc,110.0,Communications Security Establishment Canada,Centre de la sécurité des télécommunications Canada,BUM02,,N,,True,2023-2024_110_3181,0.0,0.0,0.0
412,2023-2024,3403,Collaboration with Priority Critical Infrastructure Owners and Operators,Collaboration avec des propriétaires et exploitants d’infrastructures essentielles prioritaires,CSE builds strategic collaboration with Canada’s critical infrastructure owners and operators across a range of sectors to strengthen Canada’s resiliency against cyber threats. CSE shares enhanced cyber threat information and promotes the integration of cyber defence technology.,"Le CST tisse des liens de collaboration stratégique avec les propriétaires et exploitants d’infrastructures essentielles, et ce, dans toute une gamme de secteurs, afin de renforcer la résilience du Canada à l’égard des cybermenaces. Le CST diffuse des renseignements au sujet des cybermenaces et promeut l’intégration des technologies de cyberdéfense.",INFO,CLIENT,EXTERN,"ECONOM, PTC",'Cyber Security and Information Assurance',"""Cybersécurité et assurance de l'information""",EML,N,,,,,,,"Services do not have an online service component, they are only available by email/phone.",Ces services ne comportent pas une composante de services en ligne; ils ne sont disponibles que par courriel ou par téléphone.,,,,N,,,,,,,,,,,,,,0.0,csec-cstc,110.0,Communications Security Establishment Canada,Centre de la sécurité des télécommunications Canada,BUM02,,N,,True,2023-2024_110_3403,0.0,0.0,0.0
413,2023-2024,3404,Incident Handling and Support,Intervention et soutien en cas d’incident,"Direct support for victims of major cyber incidents requesting assistance, including coordinated provision of varied services to victims.","Soutien direct aux victimes de cyberincidents majeurs qui demandent de l’aide,  y compris en matière de prestation coordonnée de services divers aux victimes.",PPI,SOCIETY,"ENTERPRISE, EXTERN","ECONOM, INTERN_GOV, PTC",'Cyber Security and Information Assurance',"""Cybersécurité et assurance de l'information""","EML, ONL",N,Y,Y,Y,,Y,Y,Decision is not delivered online,Ce service n’est pas offert en ligne.,,,,N,,,81,10,,,51,,,"This Service transitioned to a Customer Relationship Management system in March 2024, and as a result, we cannot report on the full year for 2023/24. We can provide a sample result for March 2024. We will be able to report on the full year result for next year (FY 24/25)","En mars 2024, ce service est devenu un système de gestion des relations avec la clientèle. Par conséquent, il n’est pas possible de fournir un rapport pour l’ensemble de l’année 2023-2024. Nous pouvons fournir un échantillon de résultats pour mars 2024. L’année prochaine (2024-2025), nous pourrons fournir un rapport qui couvrira la totalité de l’année.",https://www.cyber.gc.ca/en/incident-management,https://www.cyber.gc.ca/fr/cyberincidents,61.0,csec-cstc,110.0,Communications Security Establishment Canada,Centre de la sécurité des télécommunications Canada,BUM02,,N,,True,2023-2024_110_3404,0.0,0.0,0.0
414,2023-2024,3408,Service Coordination,Coordination des services,"Managing general inquiries by receiving, assessing, redirecting, or addressing  cyber service requests from stakeholders such as federal institutions and organizations that form Canada's critical infrastructures.","Gestion des demandes générales en recevant, en évaluant, en redirigeant ou en répondant à une demande de service de la part des parties prenantes, comme les institutions et les organismes fédéraux formant les infrastructures essentielles du Canada.",INFO,CLIENT,"ENTERPRISE, EXTERN","ECONOM, INTERN_GOV, PERSON, PTC",'Cyber Security and Information Assurance',"""Cybersécurité et assurance de l'information""","EML, TEL",N,Y,,Y,Y,Y,N,Online services are available by invitation only to authenticated organizations.,Les services en ligne sont accessibles sur invitation seulement aux organismes authentifiés.,,,,Y,2014,,4814,1858,,,4806,,,CSE can only support inquiries and service requests from entities covered within its mandate.,Le CST peut seulement traiter les demandes de service des entités relevant de son mandat.,https://portal-portail.cyber.gc.ca/en/,https://portal-portail.cyber.gc.ca/fr/,6664.0,csec-cstc,110.0,Communications Security Establishment Canada,Centre de la sécurité des télécommunications Canada,BUM02,,N,,True,2023-2024_110_3408,0.0,0.0,0.0
415,2023-2024,3411,Cybersecurity Advice & Guidance - System Security Architecture,Avis et conseils en matière de cybersécurité – Architecture de sécurité du système,Cyber advice and guidance based on publicly-available reports and guidance from CSE as well as the knowledge and assessments of various Subject Matter Experts. The service is available to federal institutions. These services also serves as an entry point for clientele requests for Subject Matter Expert engagement.,Avis et conseils en matière de cybersécurité fondés sur des rapports et des conseils du CST (accessibles au public) ainsi que sur des évaluations effectuées par divers spécialistes en la matière et sur leurs connaissances. Ce service est offert aux institutions fédérales. Ces services servent aussi de point d’entrée pour les demandes de la clientèle pour avoir recours à des spécialistes en la matière.,INFO,CLIENT,"ENTERPRISE, EXTERN","ECONOM, INTERN_GOV, NGO, PERSON, PTC",'Cyber Security and Information Assurance',"""Cybersécurité et assurance de l'information""",EML,N,,,,,,,"Services do not have an online service component, they are only available by email/phone.",Ces services ne comportent pas une composante de services en ligne; ils ne sont disponibles que par courriel ou par téléphone.,,,,,12,,,37,,,468,,21,"Online is via the Publications Review Governance Committee, which takes requests gathered from CSE and our Allied Nations (e.g. CISA/NIST/NSA. UK, Australia, etc.).  'Other Channels' represents the requests we receive via GC Tripartite (TBS, SSC, CCCS) Governance bodies.","« En ligne » signifie par l’intermédiaire du Comité de gouvernance de révision des publications (PRGC pour Publications Review Governance Committee), qui rassemble les demandes du CST et de nos nations alliées (p. ex. CISA/NIST/NSA, Royaume-Uni et Australie). « Autres canaux » représente les demandes que nous recevons des organes de gouvernance tripartites du GC (Secrétariat du Conseil du Trésor, Services partagés Canada et Centre pour la cybersécurité).",,,526.0,csec-cstc,110.0,Communications Security Establishment Canada,Centre de la sécurité des télécommunications Canada,BUM02,,N,,True,2023-2024_110_3411,0.0,0.0,0.0
416,2023-2024,3413,Access to Information and Privacy - Privacy Act,Accès à l’information et protection des renseignements personnels  - Loi sur la protection des renseignements personnels,Access to Information and Privacy role in this service is to respond to Privacy Act requests.,Le rôle de l’AIPRP dans ce service est de répondre aux demandes faites en vertu de la Loi sur la protection des renseignements personnels.,INFO,SOCIETY,EXTERN,PERSON,'Access to information and privacy',"""Accès à l'information et protection des renseignements personnels""","EML, ONL, POST, TEL",N,Y,Y,Y,Y,Y,Y,,,,,N,N,0,,,23,0,1,6,0,0,,,,,30.0,csec-cstc,110.0,Communications Security Establishment Canada,Centre de la sécurité des télécommunications Canada,BSJ03,,N,,True,2023-2024_110_3413,0.0,0.0,0.0
417,2023-2024,3414,Access to Information and Privacy - Access to Information Act,Accès à l’information et protection des renseignements personnels - Loi sur l'accès à l'information,Access to Information and Privacy role in this service is to respond to Access to Information Act requests.,Le rôle de l’AIPRP dans ce service est de répondre aux demandes en vertu de la Loi sur l’accès à l’information.,INFO,SOCIETY,EXTERN,PERSON,'Access to information and privacy',"""Accès à l'information et protection des renseignements personnels""","EML, ONL, POST, TEL",N,Y,Y,Y,Y,Y,Y,,,,,N,N,,0,,51,0,1,0,0,0,,,,,52.0,csec-cstc,110.0,Communications Security Establishment Canada,Centre de la sécurité des télécommunications Canada,BSJ03,,N,,True,2023-2024_110_3414,0.0,0.0,0.0
418,2023-2024,3643,Cyber Centre Learning Hub - Learning Management System,Carrefour de l’apprentissage du Centre pour la cybersécurité – Système de gestion de l’apprentissage,"The Learning Hub manages a Learning Mangement System to enable clients to self-register on public courses and participate in various elearning courses; the Learning Mangement System automates various training functions such as sending course reminders, course certificates, and more.","Le Carrefour de l’apprentissage gère un système de gestion de l’apprentissage (SGA) pour permettre à la clientèle de s’auto-inscrire à des cours accessibles au public et de participer à divers cours en ligne. Le SGA automatise les fonctions liées aux formations comme envoyer des rappels, des certificats, etc.",CER,SOCIETY,"ENTERPRISE, EXTERN","ECONOM, INTERN_GOV, NGO, PTC",'Cyber Security and Information Assurance',"""Cybersécurité et assurance de l'information""","EML, TEL",N,Y,Y,Y,Y,Y,Y,,,,,N,N,50,,7779,6491,,,,,,,,https://lh-ca.cyber.gc.ca/,https://lh-ca.cyber.gc.ca/?lang=fr_ca,6491.0,csec-cstc,110.0,Communications Security Establishment Canada,Centre de la sécurité des télécommunications Canada,BUM02,,N,,True,2023-2024_110_3643,0.0,0.0,0.0
419,2023-2024,3644,Cyber Centre Learning Hub - Curriculum Review,Carrefour de l’apprentissage du Centre pour la cybersécurité – Examen des programmes,Working with post-secondary institutions to improve the quality of cyber security education across Canada and provide a report on cyber security experts advice and guidance to align program and courses with the requirements of the market.,Collaboration avec des établissements postsecondaires en vue d’améliorer la qualité de l’enseignement en matière de cybersécurité au Canada et de fournir un rapport sur les conseils et avis des spécialistes en cybersécurité pour conformer les programmes et les cours aux exigences du marché.,CER,CLIENT,"ENTERPRISE, EXTERN","ECONOM, INTERN_GOV, NGO, PTC",'Cyber Security and Information Assurance',"""Cybersécurité et assurance de l'information""","EML, TEL",N,,,,,,,Service is not delivered online.,Ce service n’est pas offert en ligne.,,,,,,,,,,,21,,,,,,,21.0,csec-cstc,110.0,Communications Security Establishment Canada,Centre de la sécurité des télécommunications Canada,BUM02,,N,,True,2023-2024_110_3644,0.0,0.0,0.0
420,2023-2024,3645,Advice and Guidance - Supply Chain Integrity,Avis et conseils en matière de cybersécurité – Architecture de sécurité du système,"The Cyber Centre's Supply Chain Integrity Risk Assessment framework is a comprehensive program developed to perform assessments on ICT products and services that will be deployed onto GC infrastructure. The aim of the program is to safeguard the confidentiality, integrity, and availability of the Government of Canada’s communications and data by fostering resilience against digital supply chain vulnerabilities and compromise.","Le cadre d’évaluation des risques liés à l’intégrité de la chaîne d’approvisionnement du Centre pour la cybersécurité est un programme exhaustif conçu en vue d’effectuer des évaluations des produits et services de technologies de l’information et des communications qui seront déployés dans l’infrastructure du GC. Ce programme a pour objectif de protéger la confidentialité, l’intégrité et la disponibilité des communications et des données du GC en favorisant la résilience contre les vulnérabilités et les compromissions de la chaîne d’approvisionnement.",INFO,CLIENT,ENTERPRISE,INTERN_GOV,'Cyber Security and Information Assurance',"""Cybersécurité et assurance de l'information""",EML,N,,,,,,,"Services do not have an online service component, they are only available by email/phone.",Ces services ne comportent pas une composante de services en ligne; ils ne sont disponibles que par courriel ou par téléphone.,,,,,,,,,,,987,,,,,,,987.0,csec-cstc,110.0,Communications Security Establishment Canada,Centre de la sécurité des télécommunications Canada,BUM02,,N,,True,2023-2024_110_3645,0.0,0.0,0.0
421,2023-2024,3646,Compliance Reviews / Certifications - Cryptographic Module Validation Program,Certifications/examens de conformité – Programme de validation des modules cryptographiques,"The Crypographc Module Validation Program validates the cryptographic modules (the parts of systems that implement cryptography) that are part of IT products against the Federal Information Processing Standard 140 standard, as well certain other cryptographic standards. Compliant modules are issued validation certificates.

CSE jointly manages the Cryptographic Module Validation Program with the United States National Institute of Standards and Technology, a non-regulatory federal agency within the U.S. Commerce Department's Technology Administration. CSE is the Canadian certification authority.  

Certificates are published online.","Les Critères communs consistent en un programme dans le cadre duquel des laboratoires d’essais agréés mettent à l’essai des produits TI en fonction de spécifications en matière de cybersécurité liées à des classes de technologies. Ce programme relève du CST. Conformément à l’Arrangement de reconnaissance des Critères communs, tous les pays membres consentent à reconnaître les certificats liés aux Critères communs des autres pays, ce qui permet aux développeuses et développeurs d’accéder au marché mondial peu importe le pays où leur produit est certifié.

Les produits évalués reçoivent des certificats qui sont publiés en ligne.",INFO,SOCIETY,"ENTERPRISE, EXTERN","ECONOM, INTERN_GOV, PTC",'Cyber Security and Information Assurance',"""Cybersécurité et assurance de l'information""",EML,N,,,,,,,"List is published publicly online, no applications required","La liste est accessible au public en ligne, aucune demande d’accès n’est nécessaire",,,,,,,,,,,,,,"List is available on the NIST website, we were not able to get website view data from them within the reporting timeline","La liste est disponible sur le site Web du NIST, mais nous n’avons pas été en mesure d’accéder aux données sur les consultations du site Web au cours de la période de référence.",https://www.cyber.gc.ca/en/tools-services/cryptographic-module-validation-program-cmvp,https://www.cyber.gc.ca/fr/outils-services/programme-validation-modules-cryptographiques-pvmc,0.0,csec-cstc,110.0,Communications Security Establishment Canada,Centre de la sécurité des télécommunications Canada,BUM02,,N,,True,2023-2024_110_3646,0.0,0.0,0.0
422,2023-2024,3647,Compliance Reviews / Certifications - Common Criteria Recognition Arrangement (CCRA),Certifications/examens de conformité – Arrangement de reconnaissance des Critères communs,"CSE operates the Canadian Common Criteria in which accredited laboratories test IT products against cyber security specifications for technology classes. Under the Common Criteria Recognition Arrangement, all member countries agree to recognize each other's Common Criteria certificates, which allows developers to access the global marketplace regardless of where their product is certified.

Evaluated products are issued certificates, which are published online.","Les Critères communs consistent en un programme dans le cadre duquel des laboratoires d’essais agréés mettent à l’essai des produits TI en fonction de spécifications en matière de cybersécurité liées à des classes de technologies. Ce programme relève du CST. Conformément à l’Arrangement de reconnaissance des Critères communs, tous les pays membres consentent à reconnaître les certificats liés aux Critères communs des autres pays, ce qui permet aux développeuses et développeurs d’accéder au marché mondial peu importe le pays où leur produit est certifié.

Les produits évalués reçoivent des certificats qui sont publiés en ligne.",INFO,SOCIETY,"ENTERPRISE, EXTERN","ECONOM, INTERN_GOV, PTC",'Cyber Security and Information Assurance',"""Cybersécurité et assurance de l'information""",EML,N,N,,,,,,"List is published publicly online, no applications required","La liste est accessible au public en ligne, aucune demande d’accès n’est nécessaire",,,,,,,3205,,,,,,,"List is also available on the NSA website, data on website views was not available within the reporting timeline.","La liste est aussi disponible sur le site Web de la NSA, mais les données sur les consultations du site Web n’étaient pas disponibles au cours de la période de référence.",https://www.cyber.gc.ca/en/tools-services/common-criteria,https://www.cyber.gc.ca/fr/outils-services/criteres-communs,0.0,csec-cstc,110.0,Communications Security Establishment Canada,Centre de la sécurité des télécommunications Canada,BUM02,,N,,True,2023-2024_110_3647,0.0,0.0,0.0
423,2023-2024,3648,Cyber Centre Learning Hub - Custom Course Development,Carrefour de l’apprentissage du Centre pour la cybersécurité – Élaboration de cours sur mesure,"The Learning Hub offers custom course development services to all eligible clients.  Following the intitial contact, clients are sent a Training Request Questionnaire;  once received an analysed, a Learning Needs Analysis and Training Proposal are drafted and sent to the client. Once agreements are obtained, the work begins.","Le Carrefour de l’apprentissage offre des services d’élaboration de cours sur mesure à toutes les personnes admissibles. Après le premier contact, la cliente ou le client recevra un questionnaire sur les demandes de formation. Après avoir reçu et analysé le questionnaire, le Carrefour de l’apprentissage prépare une analyse des besoins en formation et une proposition de formation, puis les envoie à la personne concernée. Une fois les accords obtenus, le travail commence.",CER,CLIENT,"ENTERPRISE, EXTERN","ECONOM, INTERN_GOV, NGO, PTC",'Cyber Security and Information Assurance',"""Cybersécurité et assurance de l'information""","EML, TEL",Y,,,,,,,Service is not delivered online.,Ce service n’est pas offert en ligne.,,,,,0,,,,,,10,,,,,,,10.0,csec-cstc,110.0,Communications Security Establishment Canada,Centre de la sécurité des télécommunications Canada,BUM02,,N,,True,2023-2024_110_3648,0.0,0.0,0.0
424,2023-2024,0849,Media Relations,Bureau des relations avec les médias,"Provides responses to media queries sent in by various media outlets, including written answers and interviews.","Fournir des réponses aux demandes des médias provenant de diverses entreprises médiatiques, comme des entrevues et des réponses écrites.",INFO,CLIENT,EXTERN,PERSON,'Communications Services','Services de communication',"EML, TEL",N,,,,,,,"Services do not have an online service component, they are only available by email/phone.",Ces services ne comportent pas une composante de services en ligne.,2023-2024,,N,N,0,,,,,,,,,All media queries received via email,Toutes les demandes sont reçues par courriel.,,s.o,0.0,csec-cstc,110.0,Communications Security Establishment Canada,Centre de la sécurité des télécommunications Canada,ISS02,,N,,True,2023-2024_110_0849,0.0,0.0,0.0
425,2023-2024,3410,Cyber Threat Surface Analysis,Analyse de l’exposition aux cybermenaces,"Monitor various sources for newly disclosed vulnerabilities, analyse the impact to the Government of Canada and systems of importance, and provide awareness via Advisories, Alerts, Cyber Flashes and Priority Notifications.","Surveiller diverses sources pour relever les nouvelles vulnérabilités divulguées, analyser l’incidence de celles-ci sur le GC et les systèmes d’importance, et assurer une sensibilisation par l’intermédiaire de bulletins, d’alertes, de cyberflashs et de notifications prioritaires.",INFO,SOCIETY,"ENTERPRISE, EXTERN","ECONOM, INTERN_GOV, PTC",'Cyber Security and Information Assurance',"""Cybersécurité et assurance de l'information""",EML,N,Y,Y,Y,Y,N,N,"Application for Cyber Flashes and Alerts  available through the MyCyber Portal, Alerts and Advisories are available on the Cyber Centre Website.",Les demandes de cyberflashs et d’alertes peuvent être soumises par l’entremise de Mon cyberportail. Les alertes et les avis sont disponibles sur le site Web du Centre pour la cybersécurité.,,,,,,,284793,,,,,,,,,,,0.0,csec-cstc,110.0,Communications Security Establishment Canada,Centre de la sécurité des télécommunications Canada,BUM02,,N,,True,2023-2024_110_3410,0.0,0.0,0.0
435,2023-2024,1012,Intergovernmental and International Relations,Relations intergouvernementales et internationales,"Strategically advance reconciliation efforts through collaborative work with Indigenous partners, provinces and territories, other departments and international partners to promote participation and engagement of Indigenous communities and support co-development efforts both domestically and internationally. Services include policy development, research and analysis, partner relations and event coordination (workshops, conferences, meetings, etc.).","Faire progresser stratégiquement les efforts de réconciliation grâce à la collaboration avec les partenaires autochtones, les gouvernements provinciaux et territoriaux, d'autres ministères et les partenaires internationaux pour faire progresser la pleine participation et l'engagement des Autochtones et soutenir les efforts de co-développement au pays et à l'étranger. Les services comprennent l'élaboration de politiques, la recherche et l'analyse, les relations avec les partenaires et la coordination d'événements (ateliers, conférences, réunions, etc.).",LRP,CLIENT,EXTERN,"ECONOM, FOR, INTERN_GOV, NGO, PERSON, PTC","'Indigenous Relations and Engagement', 'Indigenous Engagement', 'Indigenous Partnerships and Engagement', 'Federal-Provincial Relations and Social Policy', 'Indigenous Engagement and Capacity Support', 'Intergovernmental Affairs'","'Relations avec les Autochtones et participation des Autochtones', 'Mobilisation des Autochtones', 'Partenariats avec les Autochtones et mobilisation', 'Relations fédérales-provinciales et politique sociale', 'Mobilisation et soutien de la capacité des Autochtones', 'Affaires intergouvernementales'","EML, ONL, PERSON, POST, TEL",N,,,,,,,"This service does not involve the following client interaction points, and therefore online service delivery is not applicable: Account Registration/Enrollment,  Application, Decision, Issuance, Issue Resolution and Feedback.","Ce service n’implique pas les points d’interaction client suivants et, par conséquent, la prestation de service en ligne n’est pas applicable : enregistrement/inscription de compte, demande, décision, émission, résolution de problème et rétroaction.",2022-2023,2022-2023,,,ND,,,,,,,,,"This service is offered by preparing material for meetings. This service does not utilize the following service delivery channels, and therefore data on use of these channels is not applicable: Telephone, Website Visits, Online Applications, In-Person Applications, Applications by Mail.","Ce service est offert en préparant du matériel pour les réunions. Ce service n’utilise pas les canaux de prestation de services suivants et, par conséquent, les données relatives à l’utilisation de ces canaux ne sont pas applicables : demandes téléphoniques, visites sur le site Web, demandes en ligne, demandes en personne, demandes par courrier.",https://www.aadnc-aandc.gc.ca/eng/1386006008861/1386006068609,https://www.aadnc-aandc.gc.ca/fra/1386006008861/1386006068609,0.0,aandc-aadnc,129.0,Crown-Indigenous Relations and Northern Affairs Canada,Relations Couronne-Autochtones et Affaires du Nord Canada,"BGV04,BTD02,BTX05,BUV04,BWM15,BWW08",,N,,True,2023-2024_129_1012,291726831.0,144576340.0,131939625.0
436,2023-2024,1019,Métis Housing,Logement des Métis,"Improving Métis Housing outcomes through mechanisms such as the Métis Nation Sub-Accord on housing, which devolves the design, delivery and administration of housing services to the Métis National Council and the Governing Members, the Manitoba Métis Federation, the Métis Nation-Saskatchewan and the Metis Settlements General Council.","Améliorer les résultats en matière de logement des Métis grâce à des méchaismes tels que l’Accord auxiliaire sur le logement de la Nation métisse, qui confie la conception, la prestation et l’administration des services de logement au Ralliement national des Métis et ses organisations membres, la Manitoba Metis Federation, la Métis Nation-Saskatchewan, et le Metis Settlements General Council.","GNC, RES",CLIENT,EXTERN,NGO,'Housing','Logement',"EML, OTH, PERSON, POST, TEL",N,,,,,,,"This service does not involve the following client interaction points, and therefore online service delivery is not applicable: Account Registration/Enrollment, Application, Decision, Issuance, Issue Resolution and Feedback.","Ce service n'implique pas les points d'interaction client suivants et, par conséquent, la prestation de service en ligne n'est pas applicable : enregistrement/inscription de compte, demande, décision, émission, résolution de problème et rétroaction.",2022-2023,,,,ND,,,,,,,,,"Funding allocations are made to Métis Nation Leaders responsible for managing housing initiatives. This service does not use the following service delivery channels and therefore data on the use of these channels is not applicable: telephone requests, website visits, online requests, in-person requests, mail requests.","Les allocations de fonds sont versées aux membres dirigeants de la Nation métis chargés de la gestion des initiatives en matière de logement. Ce service n’utilise pas les canaux de prestation de services suivants et, par conséquent, les données relatives à l’utilisation de ces canaux ne sont pas applicables : demandes téléphoniques, visites sur le site Web, demandes en ligne, demandes en personne, demandes par courrier .",https://www.aadnc-aandc.gc.ca/eng/1386384755056/1386384803272,https://www.aadnc-aandc.gc.ca/fra/1386384755056/1386384803272,0.0,aandc-aadnc,129.0,Crown-Indigenous Relations and Northern Affairs Canada,Relations Couronne-Autochtones et Affaires du Nord Canada,BWT04,,N,,True,2023-2024_129_1019,0.0,0.0,0.0
437,2023-2024,1023,Inuit Housing,Logement des Inuit,Improving Inuit housing outcomes and strengthening Inuit self-determination and capacity in housing. Solidifying an ongoing direct relationship between Inuit and the federal government for the provision of housing in Inuit Nunangat.,Améliorer les résultats en matière de logement des Inuits et renforcer l’autodétermination et la capacité des Inuits en matière de logement. Consolidation d’une relation directe permanente entre les Inuits et le gouvernement fédéral pour l’offre de logements dans la région Inuit Nunangat,"GNC, RES",CLIENT,EXTERN,NGO,'Housing','Logement',"EML, OTH, PERSON, POST, TEL",N,,,,,,,"This service is delivered by partners and does not involve the following client interaction points, and therefore online service delivery is not applicable: Account Registration/Enrollment, Application, Decision, Issuance, Issue Resolution and Feedback.","Ce service n'implique pas les points d'interaction client suivants et, par conséquent, la prestation de service en ligne n'est pas applicable : enregistrement/inscription de compte, demande, décision, émission, résolution de problème et rétroaction.",2022-2023,,,,ND,,,,,,,,,"Funding allocations are made to Inuit organizations responsible for managing housing initiatives. This service does not use the following service delivery channels. Therefore, data on the use of these channels is not applicable: telephone requests, website visits, online requests, in-person requests, mail requests.","Les allocations de fonds sont versées aux organisations Inuit chargés de la gestion des initiatives en matière de logement. Ce service n’utilise pas les canaux de prestation de services suivants. Par conséquent, les données relatives à l’utilisation de ces canaux ne sont pas applicables : demandes téléphoniques, visites sur le site Web, demandes en ligne, demandes en personne, demandes par courrier.",https://www.aadnc-aandc.gc.ca/eng/1386006008861/1386006068609,https://www.aadnc-aandc.gc.ca/fra/1386006008861/1386006068609,0.0,aandc-aadnc,129.0,Crown-Indigenous Relations and Northern Affairs Canada,Relations Couronne-Autochtones et Affaires du Nord Canada,BWT04,,N,,True,2023-2024_129_1023,0.0,0.0,0.0
438,2023-2024,1160,Provide mineral claims,Délivrer des claims miniers,A claim grants the exclusive right to prospect for minerals within the boundaries of the claim.,A claim grants the exclusive right to prospect for minerals within the boundaries of the claim.,RES,CLIENT,EXTERN,ECONOM,"'Energy, Mining and Environment', 'Northern Regulatory and Legislative Frameworks'","'Énergie, mines et environnement', 'Cadres réglementaires et législatifs du Nord'","EML, ONL, TEL",Y,N,Y,Y,Y,Y,N,Clients contact the Mining Recorder's Office if they have experienced problems with the online claim selection process.,Les clients peut contacter le bureau des Registraires Miniers en cas des problèmes avec la sélection des claims miniers dans la système,,2020-2021,N,N,0,0,0,1493,0,0,0,0,0,"A total of 1494 claims were acquired between 1 April 2023 and 31 Mar 2024, by 31 different clients.","En tout il y a 1494 claims miniers qui ont été obtenu entre 1 avril 20023 et 31 mars 2024, qui etaient fait par 31 clients.",https://laws-lois.justice.gc.ca/eng/regulations/SOR-2014-69/page-2.html#h-1283368,https://laws-lois.justice.gc.ca/fra/reglements/DORS-2014-69/page-2.html#h-1272397,1493.0,aandc-aadnc,129.0,Crown-Indigenous Relations and Northern Affairs Canada,Relations Couronne-Autochtones et Affaires du Nord Canada,"BNQ05,BWR06","Les claims miniers sont issués automatiquement par le Systeme de selection au carte de Nunavut, s'ils sont selectionnés en accord avec les régulations.",Y,"Claims are issued automatically by the Nunavut Map Selection system, if they are selected in accordance with regulations.",True,2023-2024_129_1160,20872440.0,21212357.0,21513060.0
445,2023-2024,1161,Provide mining leases,Délivrer des baux miniers,A mining lease allows a licensee to enter into commercial production of minerals on a mineral claim.,Un bail minier permet à un titulaire de licence d'entreprendre la production commerciale de minéraux sur une concession minière.,RES,CLIENT,EXTERN,ECONOM,"'Energy, Mining and Environment', 'Northern Regulatory and Legislative Frameworks'","'Énergie, mines et environnement', 'Cadres réglementaires et législatifs du Nord'","EML, ONL, TEL",Y,N,Y,Y,N,N,N,Clients contact the Mining Recorder's Office if they have experienced problems with the online mining lease application process,Les clients peut contacter le bureau des Registraires Miniers en cas des problèmes avec l'application pour des baux miniers dans le système,,2021-2022,N,N,0,0,0,31,0,0,0,0,0,"We do not measure the number of inquiries received.  Our measurements are transaction based only - once a request has been processed and approved. We do not track telephone inquiries, website visits, or the number of applications submitted via post.",Nous ne mesurons pas le nombre de demandes de renseignements reçues. Nos mesures sont basées sur les transactions uniquement - une fois qu'une demande a été traitée et approuvée,https://laws-lois.justice.gc.ca/eng/regulations/SOR-2014-69/page-4.html#h-1283672,https://laws-lois.justice.gc.ca/fra/reglements/DORS-2014-69/page-4.html#h-1272124,31.0,aandc-aadnc,129.0,Crown-Indigenous Relations and Northern Affairs Canada,Relations Couronne-Autochtones et Affaires du Nord Canada,"BNQ05,BWR06","Les clients peuvent faire les applications pour les baux miniers dans le System de selection au carte de Nunavut, mais ils doivent aussi soumettre les documents originales comme parti du processus.",N,Mineral leases are applied for in the Nunavut Map Selection System but clients are required to submit hard copy original documents as part of the process.,True,2023-2024_129_1161,20872440.0,21212357.0,21513060.0
446,2023-2024,1162,Provide licenses to prospect for minerals,Délivrer des licences de prospection des minéraux,Allows a licensee to prospect for minerals on Crown lands in Nunavut and to acquire a mineral claim or a mineral lease.,Permet à un titulaire de permis de prospecter des minéraux sur les terres de la Couronne au Nunavut et d'acquérir un claim minier ou un bail minier.,RES,CLIENT,EXTERN,ECONOM,"'Energy, Mining and Environment', 'Northern Regulatory and Legislative Frameworks'","'Énergie, mines et environnement', 'Cadres réglementaires et législatifs du Nord'","EML, TEL",Y,Y,N,Y,Y,Y,N,Clients contact the Mining Recorder's Office if they have experienced problems with the online prospectors' licence application process,Les clients peut contacter le bureau des Registraires Miniers en cas des problèmes avec l'application pour un permis de prospection dans le système,,,N,N,0,0,0,15,0,0,0,0,0,We do not measure the number of inquiries received.  Our measurements are transaction based only - once a request has been processed and approved,Nous ne mesurons pas le nombre de demandes de renseignements reçues. Nos mesures sont basées sur les transactions uniquement - une fois qu'une demande a été traitée et approuvée,https://laws-lois.justice.gc.ca/eng/regulations/SOR-2014-69/page-1.html#h-812915,https://laws-lois.justice.gc.ca/fra/reglements/DORS-2014-69/page-1.html#h-801410,15.0,aandc-aadnc,129.0,Crown-Indigenous Relations and Northern Affairs Canada,Relations Couronne-Autochtones et Affaires du Nord Canada,"BNQ05,BWR06",Les licences de prospection sont issués dans le Système de selection au carte de Nunavut.,Y,Prospectors licences are issued through the Nunavut Map Selection system.,True,2023-2024_129_1162,20872440.0,21212357.0,21513060.0
447,2023-2024,1163,"Provide coal exploration licenses, location permits and leases","Délivrer des permis de recherche de gisement de houille, des permis et des concessions d'un emplacement","Lease, permit or license, pursuant to the Territorial Coal Regulations.","Bail, permis ou licence, conformément au règlement territorial sur le charbon.",RES,CLIENT,EXTERN,ECONOM,"'Energy, Mining and Environment', 'Northern Regulatory and Legislative Frameworks'","'Énergie, mines et environnement', 'Cadres réglementaires et législatifs du Nord'",NON,Y,,,,,,,"This service does not involve the following client interaction points, and therefore online service delivery is not applicable: [Account Registration/Enrollment, Authentication, Application, Decision, Issuance, Issue Resolution and Feedback]","Ce service implique aucun points d'interaction avec les client et, par conséquent, les prestation de services en ligne n'est pas applicable : enregistrement/inscription de compte, authentification, demande, décision, émission, résolution de problèmes et commentaires.",,,,,0,0,0,0,0,0,0,0,0,No applications/requests have been received for this type of authorization in the last 10 years.,Aucune demande/demande n'a été reçue pour ce type d'autorisation au cours des 10 dernières années.,"https://laws.justice.gc.ca/eng/regulations/C.R.C.,_c._1522/FullText.html",https://laws.justice.gc.ca/fra/reglements/C.R.C.%2C_ch._1522/TexteComplet.html,0.0,aandc-aadnc,129.0,Crown-Indigenous Relations and Northern Affairs Canada,Relations Couronne-Autochtones et Affaires du Nord Canada,"BNQ05,BWR06",,N,,True,2023-2024_129_1163,20872440.0,21212357.0,21513060.0
448,2023-2024,1164,Provide Crown land use permits,Fournir des permis d'utilisation des terres de la Couronne,Allows the holder of a permit to carry on any work or undertaking on Crown lands.,Permet au titulaire d'un permis d'effectuer tout travail ou entreprise sur les terres de la Couronne.,RES,CLIENT,EXTERN,ECONOM,"'Energy, Mining and Environment'","'Énergie, mines et environnement'",NON,Y,,,,,,,"This service does not involve the following client interaction points, and therefore online service delivery is not applicable: [Account Registration/Enrollment, Authentication, Application, Decision, Issuance, Issue Resolution and Feedback.","Ce service n'implique pas les points d'interaction client suivants et, par conséquent, la prestation de services en ligne n'est pas applicable : [Enregistrement/inscription de compte, authentification, demande, décision, émission, résolution de problème et commentaires]",,,,,0,0,0,0,0,14,0,0,0,We do not measure the number of applications or inquiries received.  Our measurements are transaction based only - once a request has been processed and approved,Nous ne mesurons pas le nombre de candidatures ou de demandes de renseignements reçues. Nos mesures sont basées sur les transactions uniquement - une fois qu'une demande a été traitée et approuvée,https://www.canada.ca/en/crown-indigenous-relations-northern-affairs.html,https://www.canada.ca/fr/relations-couronne-autochtones-affaires-nord.html,14.0,aandc-aadnc,129.0,Crown-Indigenous Relations and Northern Affairs Canada,Relations Couronne-Autochtones et Affaires du Nord Canada,BNQ05,,N,,True,2023-2024_129_1164,0.0,0.0,0.0
449,2023-2024,1165,Provide Crown land surface leases,Fournir des baux de surface pour les terres de la Couronne.,"The sale or lease of Crown lands, with reservations additional to those in the Territorial Lands Act.","La vente ou la location de terres de la Couronne, prévoyant des réserves s’ajoutant à celles prévues par la Loi sur les terres territoriales.",RES,CLIENT,EXTERN,ECONOM,"'Energy, Mining and Environment'","'Énergie, mines et environnement'",NON,Y,,,,,,,"This service does not involve the following client interaction points, and therefore online service delivery is not applicable: [Account Registration/Enrollment, Authentication, Application, Decision, Issuance, Issue Resolution and Feedback].","Ce service n'implique pas les points d'interaction client suivants et, par conséquent, la prestation de service en ligne n'est pas applicable : [Enregistrement/inscription de compte, authentification, demande, décision, émission, résolution de problème et rétroaction].",,,,,0,0,0,0,0,4,0,0,0,We do not measure the number of applications or inquiries received.  Our measurements are transaction based only - once a request has been processed and approved.,Nous ne mesurons pas le nombre de candidatures ou de demandes de renseignements reçues. Nos mesures sont basées sur les transactions uniquement - une fois qu'une demande a été traitée et approuvée.,https://www.canada.ca/en/crown-indigenous-relations-northern-affairs.html,https://www.canada.ca/fr/relations-couronne-autochtones-affaires-nord.html,4.0,aandc-aadnc,129.0,Crown-Indigenous Relations and Northern Affairs Canada,Relations Couronne-Autochtones et Affaires du Nord Canada,BNQ05,,N,,True,2023-2024_129_1165,0.0,0.0,0.0
455,2023-2024,1483,Provide crown land quarry permits/leases,Fournir des permis ou des baux d'exploitation de carrière sur des terres de la Couronne,Lease or permit  issued pursuant to the regulations for acquisition of quarry material.,Bail ou permis émis en vertu de la réglementation pour l'acquisition de matériel de carrière.,RES,CLIENT,EXTERN,ECONOM,"'Energy, Mining and Environment'","'Énergie, mines et environnement'",NON,Y,,,,,,,"This service does not involve the following client interaction points, and therefore online service delivery is not applicable: [Account Registration/Enrollment, Authentication, Application, Decision, Issuance, Issue Resolution and Feedback]","Ce service n'implique pas les points d'interaction client suivants et, par conséquent, la prestation de services en ligne n'est pas applicable : [Enregistrement/inscription de compte, authentification, demande, décision, émission, résolution de problème et commentaires]",,,,,0,0,0,0,0,3,0,0,0,We do not measure the number of applications or inquiries received.  Our measurements are transaction based only - once a request has been processed and approved,Nous ne mesurons pas le nombre de candidatures ou de demandes de renseignements reçues. Nos mesures sont basées sur les transactions uniquement - une fois qu'une demande a été traitée et approuvée,https://www.canada.ca/en/crown-indigenous-relations-northern-affairs.html,https://www.canada.ca/fr/relations-couronne-autochtones-affaires-nord.html,3.0,aandc-aadnc,129.0,Crown-Indigenous Relations and Northern Affairs Canada,Relations Couronne-Autochtones et Affaires du Nord Canada,BNQ05,,N,,True,2023-2024_129_1483,0.0,0.0,0.0
456,2023-2024,2130,Access to Information,Accès à l'information,"The Access to Information Act gives Canadian citizens, along with persons and corporations in Canada, the right to request access to records under the control of a government institution in accordance with the principles that government information should be available to the public.","La Loi sur l'accès à l'information donne aux citoyens canadiens, ainsi qu'aux personnes et sociétés au Canada, le droit de demander l'accès aux documents relevant d'une institution gouvernementale, conformément aux principes selon lesquels les informations gouvernementales doivent être accessibles au public.",INFO,CLIENT,"EXTERN, INTERN",PERSON,'Access to information and privacy',"""Accès à l'information et protection des renseignements personnels""","EML, FAX, ONL, POST, TEL",Y,N,Y,Y,N,N,N,Not Assessed,Non évalué,2022-2023,2022-2023,N,N,ND,0,ND,220,0,4,15,0,0,"We do not formally track or report on internal service requests.  This is being updated for fiscal 2024-2025, with full implementation in 2025-2026","Nous n'assurons pas de suivi formel des demandes de services internes et n'établissons pas de rapport à ce sujet.  Cette mesure est mise à jour pour l'exercice 2024-2025, avec une mise en œuvre complète en 2025-2026.",,,239.0,aandc-aadnc,129.0,Crown-Indigenous Relations and Northern Affairs Canada,Relations Couronne-Autochtones et Affaires du Nord Canada,BSJ03,,N,,True,2023-2024_129_2130,0.0,0.0,0.0
462,2023-2024,2133,Privacy,Protection des renseignements personnels,The Privacy Act protects the privacy of individuals' personal information held by government institutions. It also gives individuals a right of access to their own personal information and with certain rights to correct or annotate it.,"La Loi sur la protection des renseignements personnels protège la confidentialité des renseignements personnels des particuliers qui sont détenus par les institutions gouvernementales. Elle fournit également aux particuliers le droit d’accéder à leurs renseignements personnels, ainsi que certains droits leur permettant de corriger ou d’annoter ces renseignements.",INFO,CLIENT,"EXTERN, INTERN",PERSON,'Access to information and privacy',"""Accès à l'information et protection des renseignements personnels""","EML, FAX, ONL, POST, TEL",N,N,Y,Y,N,N,N,Not assessed,Non évalué,2022-2023,2022-2023,N,N,ND,0,ND,33,0,0,14,0,0,"We do not formally track or report on internal service requests.  This is being updated for fiscal 2024-2025, with full implementation in 2025-2026","Nous n'assurons pas de suivi formel des demandes de services internes et n'établissons pas de rapport à ce sujet.  Cette mesure est mise à jour pour l'exercice 2024-2025, avec une mise en œuvre complète en 2025-2026.",,,47.0,aandc-aadnc,129.0,Crown-Indigenous Relations and Northern Affairs Canada,Relations Couronne-Autochtones et Affaires du Nord Canada,BSJ03,,N,,True,2023-2024_129_2133,0.0,0.0,0.0
468,2023-2024,2563,Claims Assessment,Évaluation des revendications,"Assesses Section 35 determination claims, special claims, Section 35 determination for the purposes of Child and Family Services applications.","Évaluer les demandes de détermination en vertu de l'article 35, les revendications spéciales, la détermination en vertu de l'article 35 aux fins des demandes de services à l'enfance et à la famille.",LRP,CLIENT,EXTERN,PTC,'Indigenous Relations and Engagement','Relations avec les Autochtones et participation des Autochtones',"EML, PERSON, POST, TEL",N,,,,,,,Not relevant for this service,Non pertinent pour ce service.,2022-2023,2022-2023,,,,0,,,0,0,1,0,0,"Applications from Indigenous groups are usually made through letters or e-mail to the Minister or a departmental representative. In some instance, the initial request is made in-person at a meeting, but a formal written request is required to initiate the assessment.","Les demandes émanant de groupes autochtones sont généralement adressées par lettre ou par courriel au ministre ou à un représentant du ministère. Dans certains cas, la demande initiale est faite en personne lors d'une réunion, mais une demande écrite officielle est nécessaire pour lancer l'évaluation.",,,1.0,aandc-aadnc,129.0,Crown-Indigenous Relations and Northern Affairs Canada,Relations Couronne-Autochtones et Affaires du Nord Canada,BGV04,,N,,True,2023-2024_129_2563,0.0,0.0,0.0
469,2023-2024,2564,Contribution and Loan Funding to support Indigenous Communities Programs,"Fonds de contribution et de prêt pour soutenir les programmes de négociations, de reconstruction des Nation et d’Espaces culturels dans les communautés autochtones. s","Provision of financial support to Indigenous groups to support the negotiation of Comprehensive Claims, Treaties (excluding BCTC), Self-Government Agreements, Recognition of Indigenous Rights and Self-Determination; and Specific Claims. Funding for the Nation Rebuilding and Cultural Spaces in Indigenous Communities Programs.","Fournir une aide financière aux groupes autochtones pour soutenir la négociation des revendications globales, des traités (à l'exception de la CTBC), des ententes d'autonomie gouvernementale, de la reconnaissance des droits autochtones et de l'autodétermination, et des revendications particulières. Financement pour les programmes de reconstruction des Nations et d'Espaces culturels dans les communautés autochtones.","GNC, RES",CLIENT,EXTERN,"NGO, PTC",'Indigenous Relations and Engagement','Relations avec les Autochtones et participation des Autochtones',"EML, POST, TEL",N,,,,,,,N/a,N/a,2021-2022,2020-2021,,,,0,,,0,0,440,0,0,All applications are received through email.,Toutes les applications sont reçues par courriel.,https://www.rcaanc-cirnac.gc.ca/eng/1100100028568/1529354090684,https://www.rcaanc-cirnac.gc.ca/fra/1100100028568/1529354090684,440.0,aandc-aadnc,129.0,Crown-Indigenous Relations and Northern Affairs Canada,Relations Couronne-Autochtones et Affaires du Nord Canada,BGV04,,N,,True,2023-2024_129_2564,0.0,0.0,0.0
470,2023-2024,2565,Negotiations,Négociations,Negotiations intended to support Reconciliation by addressing s. 35 rights across the country.,Négociations destinées à soutenir la réconciliation en abordant les droits en vertu de l'article 35 dans tout le pays,"APIR, LRP",CLIENT,EXTERN,PTC,'Indigenous Relations and Engagement','Relations avec les Autochtones et participation des Autochtones',"EML, PERSON, POST, TEL",N,,,,,,,Not relevant for this service,Non pertinent pour ce service.,2022-2023,2020-2021,,,,0,,,0,0,4,0,0,"For British Columbia, First Nations file a statement of intent to begin the negotiation process. The British Columbia Treaty Commission coordinates the table consisting of negotiators represented by the First Nation, the Province and federal government.
For other provinces, applications are usually submitted by letter. Further to analysis of the request and status of the requestor, the applications is either oriented to the Assessment Coordination and Engagement directorate to conduct assessment, or an intake package is prepared to establish a discussion table.","En Colombie-Britannique, les Premières nations soumettent une déclaration d'intention pour entamer le processus de négociation. La Commission des traités de la Colombie-Britannique coordonne la table composée de négociateurs représentés par la Première nation, la province et le gouvernement fédéral. Pour les autres provinces, les demandes sont généralement soumises par lettre. Suite à l'analyse de la demande et du statut du demandeur, les demandes sont soit orientées vers la direction de l'évaluation, de la coordination et de l'engagement pour effectuer une évaluation, soit une trousse d'accueil est préparée pour établir une table de discussion.",https://www.rcaanc-cirnac.gc.ca/eng/1100100028568/1529354090684,https://www.rcaanc-cirnac.gc.ca/fra/1100100028568/1529354090684,4.0,aandc-aadnc,129.0,Crown-Indigenous Relations and Northern Affairs Canada,Relations Couronne-Autochtones et Affaires du Nord Canada,BGV04,,N,,True,2023-2024_129_2565,0.0,0.0,0.0
471,2023-2024,2566,BC Treaty Funding,Financement des traités CB,"TAG administers negotiations support funding to the British Columbia Treaty Commission (BCTC) to allocate to First Nations in the BC treaty process. TAG also administers operational funding to the BCTC to carry out its duties, as laid out in the BCTC Agreement, and to the First Nations Summit to support its role as a Principal to the BC treaty process.","TGA administre le financement de soutien aux négociations que la Commission des traités de la Colombie-Britannique doit allouer aux Premières nations dans le cadre du processus de négociation des traités de la Colombie-Britannique. TGA administre également le financement opérationnel pour la Commission des traités de la Colombie-Britannique afin qu'elle puisse continuer son travail, tel que décrit dans l’Entente de la Commission des traités de la Colombie-Britannique, ainsi qu'au Sommet des Premières nations afin de soutenir son rôle comme « Principal » au processus des traités en Colombie-Britannique.","GNC, LRP, RES",CLIENT,EXTERN,PTC,'Indigenous Relations and Engagement','Relations avec les Autochtones et participation des Autochtones',"EML, PERSON, POST, TEL",N,,,,,,,Not relevant to this service,Non pertinent pour ce service,2022-2023,2021-2022,,,,0,,,0,0,2,0,1,"TAG administers negotiations support funding to the British Columbia Treaty Commission (BCTC) to allocate to the First Nations in the BC treaty process. TAG also administers operational funding for the BCTC to carry out its duties as laid out in the British Columbia Treaty Commission Agreement, and administer funding to the First Nations Summit to support its role as a Principal to the BC treaty process.Contribution / funding agreements are established with the clients on an annual or multi-year basis.","Le TGA administre le financement de soutien aux négociations accordé à la Commission des traités de la Colombie-Britannique (CTCB) pour qu'il soit alloué aux Premières nations dans le cadre du processus des traités de la Colombie-Britannique. Le TGA administre également le financement opérationnel de la CTCB afin qu'elle puisse s'acquitter de ses fonctions, telles qu'elles sont énoncées dans l'Accord de la Commission des traités de la Colombie-Britannique, et administre le financement du Sommet des Premières nations afin de soutenir son rôle de principal dans le processus des traités de la Colombie-Britannique.",,,3.0,aandc-aadnc,129.0,Crown-Indigenous Relations and Northern Affairs Canada,Relations Couronne-Autochtones et Affaires du Nord Canada,BGV04,,N,,True,2023-2024_129_2566,0.0,0.0,0.0
472,2023-2024,2567,Surplus Federal Real Property Initiative,Initiative sur les biens immobiliers excédentaires fédéraux,"TAG manages the Surplus Federal Property Initiative which includes the acquisition and management of real properties held for negotiations of Treaties, Self- Government Agreements, and Other Constructive Agreements.","TGA gère l’Initiative sur les biens immobiliers excédentaires fédéraux incluant l'acquisition et la gestion de biens immobiliers détenus à des fins de négociations de traités, d’ententes sur l’autonomie gouvernementale et d’autres arrangements constructifs.",APIR,CLIENT,EXTERN,"NGO, PTC",'Indigenous Relations and Engagement','Relations avec les Autochtones et participation des Autochtones',"EML, PERSON, POST, TEL",N,,,,,,,Not relevant for this service.,Pas pertinent pour ce service.,2021-2022,2020-2021,,,,0,,,0,0,0,0,0,Through treaty negotiation,À travers les négociations de traité,,,0.0,aandc-aadnc,129.0,Crown-Indigenous Relations and Northern Affairs Canada,Relations Couronne-Autochtones et Affaires du Nord Canada,BGV04,,N,,True,2023-2024_129_2567,0.0,0.0,0.0
533,2023-2024,1266,Management of Grants and Contributions (Gs&Cs) for Employment and Social Development Programs,Administration des subventions et contributions (S et C) pour les programmes d’Emploi et Développement social,"Gs&Cs are transfer payments made to not-for profit, community-based organizations, individuals and to the private and public sectors, which support the activities of those groups, and which also help to fulfill the department’s mandate. 

(Excludes Apprenticeship Grants and other Grants and Contributions that are shown separately in the service inventory.)","Les subventions et les contributions sont des paiements de transfert faits à des organismes communautaires à but non lucratif, à des personnes et aux secteurs public et privé qui appuient les activités de ces groupes et qui aident aussi le Ministère à remplir son mandat. (Cela exclut les subventions  aux apprentis et les autres subventions et contributions qui sont présentées séparément dans le répertoire des services.)","GNC, RES",CLIENT,EXTERN,"ECONOM, INTERN_GOV, NGO, PTC","'Reaching Home', 'Social Development Partnerships Program', 'New Horizons for Seniors Program', 'Enabling Accessibility Fund', 'Early Learning and Child Care', 'Indigenous Early Learning Child Care Transformation Initiative', 'Youth Employment and Skills Strategy', 'Canada Service Corps', 'Skills and Partnership Fund', 'Skills for Success', 'Indigenous Skills and Employment Training (ISET) Program', 'Student Work Placement Program', 'Sectoral Workforce Solutions Program', 'Foreign Credential Recognition Program', 'Enabling Fund for Official Language Minority Communities', 'Canadian Apprenticeship Strategy'","'Vers un chez-soi', 'Programme de partenariats pour le développement social', 'Programme Nouveaux Horizons pour les aînés', ""Fonds pour l'accessibilité"", 'Apprentissage et garde des jeunes enfants', ""Initiative de transformation de l'apprentissage et de la garde des jeunes enfants autochtones"", 'Stratégie emploi et compétences jeunesse', 'Service jeunesse Canada', 'Fonds pour les compétences et les partenariats', 'Compétences pour réussir', ""Programme de formation pour les compétences et l'emploi destiné aux Autochtones"", 'Programme de stages pratiques pour étudiants', ""Programme de solutions pour la main-d'œuvre sectorielle"", 'Programme de reconnaissance des titres de compétences étrangers', ""Fonds d'habilitation pour les communautés de langue officielle en situation minoritaire"", 'Stratégie canadienne de formation en apprentissage'","EML, ONL, PERSON, POST",N,Y,Y,Y,Y,Y,Y,,,2020-2021,2023-2024,Y,Y,ND,ND,ND,52874,ND,ND,ND,ND,4640,Applicants to Grants & Contributions programs are not eligible to apply by phone and therefore there are no volumes to report. Both mail and fax applications are counted together and therefore volumes are not reported separately.,Les candidats aux programmes de subventions et de contributions ne peuvent pas postuler par téléphone et il n'y a donc aucun volume à déclarer. Les demandes par courrier et par télécopie sont comptées ensemble et les volumes ne sont donc pas déclarés séparément.,https://www.canada.ca/en/employment-social-development/services/funding.html,https://www.canada.ca/fr/emploi-developpement-social/services/financement.html,57514.0,esdc-edsc,128.0,Employment and Social Development Canada,Emploi et Développement social Canada,"BGM01,BGM02,BGM03,BGM04,BGM05,BGM07,BGO06,BGO07,BGO08,BGO09,BGO10,BGO11,BGO13,BGO15,BGO16,BGO29","POB utilise des outils d'automatisation des processus robotisés (PRA) depuis avril 2021 dans le cadre du programme Emplois d'été Canada pour saisir les données des formulaires de déclaration des employeurs et des employés (DEE) soumis en ligne via le système interactif de recherche d'informations (SIRF).

Le processus ARP n'utilise actuellement pas la technologie d'IA générative pour effectuer la saisie des données, mais il peut être considéré comme une amélioration future;
L'utilisation de ARP a réduit le temps requis pour saisir et examiner les formulaires DEE pour les agents de Service Canada;
ARP est également utilisé pour automatiser la création de versions PDF des formulaires DEE et des formulaires de demande de paiement et de rapport d'activité (DPRA) qui ont été soumis en ligne via l'SIRF;
Ces automatisations de processus ont permis d'améliorer l'efficacité du programme, permettant aux équipes de se recentrer sur d'autres tâches de plus grande valeur et fondées sur le jugement, notamment le soutien aux députés, qui jouent un rôle unique dans le programme Emplois d'été Canada.",Y,"POB has used Robotic Process Automation (ARP) tools since April 2021 within the Canada Summer Jobs program to enter data from Employer and Employee Declaration (EED) forms submitted online through the Interactive Fact-Finding System (IFFS). 

The RPA process currently does not use generative AI technology to perform data entry, but it may be considered as a future improvement; 
The use of RPA has decreased the amount of time required to enter and review the EED forms for Service Canada agents;
RPA is also used to automate the creation of PDF versions of EED forms and Payment Claim and Activity Report (PCAR) forms that were submitted online through IFFS;
These process automations have enabled program efficiencies, allowing teams to refocus on other higher value, judgment-based tasks, including supporting Members of Parliament, who play a unique role in the Canada Summer Jobs program.",True,2023-2024_128_1266,9290215321.0,10346243922.0,10340035580.0
541,2023-2024,983,Access to Information and Privacy,Accès à l'information et protection des renseignements personnels,"The Access to Information Act gives Canadian citizens, permanent residents, and any person or corporation present in Canada a right to access records of government institutions that are subject to the Act. The Privacy Act gives Canadian citizens, permanent residents, and individuals present in Canada the right to access their personal information held by government institutions that are subject to the Act, and protects that information against unauthorized collection, use, retention and disclosure.","La Loi sur l’accès a l’information accorde aux citoyens canadiens, aux résidents permanents et à toute personne ou société présents au Canada un droit d’accès aux documents des institutions fédérales assujetties à la Loi.  La Loi sur la protection des renseignements personnels donne aux citoyens canadiens, aux résidents permanents et aux personnes présentes au Canada le droit d’accéder a leurs renseignements personnels détenus par les institutions gouvernementales assujetties a la Loi, et protège ces renseignements contre la collecte, l’utilisation, la conservation et la divulgation non autorisées.",INFO,CLIENT,EXTERN,PERSON,'Access to information and privacy',"""Accès à l'information et protection des renseignements personnels""","EML, ONL, POST",N,Y,Y,Y,N,N,N,Access to Information and Privacy requests may be submitted using the Treasury Board Secretariat Online Request portal or sent directly to the Department by mail.  Responses are provided by Environment and Climate Change Canada by mail or e-mail.,Les demandes d'accès à l'information et aux renseignements personnels peuvent être présentées au moyen du portail de demandes en ligne du Secretariat du Conseil du Trésor ou transmises directement au Ministère par la poste. Les réponses sont fournies par Environnement et changements climatiques par la poste ou par courriel.,,,,,,,,2023,,41,,,,Access to information requests: 2023 via TBS Online Portal +41 by mail =  2064 in total.,"Demandes en matière d'accès à l'information: 2 023 par voie du portail en ligne du SCT + 41 par courrier = 2 064 au total

Demandes en matière de protection des renseignements personnels: 35 par voie du portail en ligne du SCT + 10 par courrier = 45 au total",https://www.canada.ca/en/treasury-board-secretariat/services/access-information-privacy/access-information/request-information.html,https://www.canada.ca/fr/secretariat-conseil-tresor/services/acces-information-protection-reseignements-personnels/acces-information/presenter-demande.html,2064.0,ec,137.0,Environment and Climate Change Canada,Environnement et Changement climatique Canada,BSJ03,,N,,True,2023-2024_137_983,0.0,0.0,0.0
557,2023-2024,255,Environmental Funding - Atlantic Ecosystems Initiatives,Initiatives des écosystèmes de l'Atlantique,"The program aims to improve the health, productivity and long-term sustainability of ecosystems in Atlantic Canada.  Funding will be provided for projects that enhance integrated ecosystem planning and decision-making, increase ecosystem knowledge and science, and undertake actions that impact priority ecosystems in Atlantic Canada to conserve, restore and enhance the health of ecosystems.","Le programme vise à améliorer la santé, la productivité et la pérennité des écosystèmes du Canada atlantique. Un financement sera offert aux projets qui améliorent la planification intégrée et la prise de décisions concernant les écosystèmes, renforcent les connaissances et les données scientifiques sur les écosystèmes et favorisent la prise de mesures qui ont des effets sur les écosystèmes prioritaires dans le Canada atlantique pour maintenir, rétablir et améliorer la santé des écosystèmes.",GNC,CLIENT,EXTERN,NGO,'Water Quality and Ecosystems Partnerships',"""Qualité de l'eau et partenariat sur les ecosystèmes""","EML, ONL, TEL",N,Y,Y,Y,N,N,N,,,,,N,N,,2,,,10,,,,,,,https://www.canada.ca/en/canada-water-agency/fhttps://www.canada.ca/fr/agence-eau-canada/financement/initiatives-ecosystemes-eau-douce/wolastoq-saint-jean.htmlunding/freshwater-ecosystem-initiatives/wolastoq-saint-john-river.html,https://www.canada.ca/fr/environnement-changement-climatique/services/financement-environnement/programmes/initiatives-ecosystemes-atlantique.html,12.0,ec,137.0,Environment and Climate Change Canada,Environnement et Changement climatique Canada,BGS02,,N,,True,2023-2024_137_255,0.0,0.0,0.0
558,2023-2024,1208,Environmental Funding - Community Interaction Program,Programme Interactions communautaires,This is a funding program that promotes community projects that conserve and improve the St. Lawrence ecosystem. The program is part of the St. Lawrence Action Plan 2011-2026. Only available to applicants in Quebec.,Le Programme Interactions communautaires (PIC) est un programme d’aide financière appuyant la réalisation de projets communautaires visant à conserver et améliorer l’écosystème du Saint-Laurent.,GNC,CLIENT,EXTERN,NGO,'Water Quality and Ecosystems Partnerships',"""Qualité de l'eau et partenariat sur les ecosystèmes""",EML,N,N,N,N,N,N,N,,,2022-2023,2021-2022,N,N,,0,4636,,0,0,21,,,"* Year of last service review: general governmental evaluation of the St. Lawrence Action Plan (SLAP) in which the CIP program was considered 
* Year of last service improvement based on client feedback: we simplified the forms in 2022, following client feedback
* The telephone is not used anymore, we now work with Team meetings. The proponent sends us an email saying they would like to talk with an agent about their ideas. This is encouraged on the website and also in the Application Guide.","* Année de la dernière revue de service : évaluation gouvernementale générale du Plan d’action Saint-Laurent (PALS) dans laquelle le programme CIP a été pris en compte 
* Année de la dernière amélioration du service basée sur les commentaires des clients : nous avons simplifié les formulaires en 2022, suite aux commentaires des clients
* Le téléphone n’est plus utilisé, nous travaillons désormais avec des réunions d’équipe. Le promoteur nous envoie un courriel disant qu’il aimerait parler de ses idées avec un agent. Ceci est encouragé sur le site Web et également dans le Guide de candidature.",https://www.canada.ca/en/environment-climate-change/services/environmental-funding/programs/community-interaction-program.html,https://www.canada.ca/fr/environnement-changement-climatique/services/financement-environnement/programmes/programme-interactions-communautaires.html,21.0,ec,137.0,Environment and Climate Change Canada,Environnement et Changement climatique Canada,BGS02,,N,,True,2023-2024_137_1208,0.0,0.0,0.0
559,2023-2024,263,Environmental Funding - EcoAction Community Funding Program,Appel de propositions pour ÉcoAction,"This program provides financial support to non-profit and non-government organizations for local action-based projects that produce measurable, positive effects on the environment. Projects must address fresh water environmental priorities listed in the Call for Proposals.",Ce programme offre du financement aux organismes sans but lucratif et non-gouvernementaux pour des projets axés sur l’action locale qui ont des effets positifs et mesurables sur l’environnement. Les projets doivent être liés à la priorité environnementale clé : l’eau douce énoncée dans l’appel des propositions.,GNC,CLIENT,EXTERN,NGO,'Water Quality and Ecosystems Partnerships',"""Qualité de l'eau et partenariat sur les ecosystèmes""","EML, ONL, TEL",N,Y,Y,Y,N,N,N,Online services reference the reception of applications during the 2023-2024 Call for Proposals via GNC Enterprise Management System (GCEMS).,Services en ligne fait référence à la réception des demandes de financement pendant le 2023-2024 Appel des Propositions par le Système de gestion d'entreprise des subventions et des contributions (SGESC).,,,N,N,,,,138,,,,,,,,https://www.canada.ca/en/canada-water-agency/funding/ecoaction-community-program.html,https://www.canada.ca/fr/agence-eau-canada/financement/programme-communautaire-ecoaction.html,138.0,ec,137.0,Environment and Climate Change Canada,Environnement et Changement climatique Canada,BGS02,,N,,True,2023-2024_137_263,0.0,0.0,0.0
560,2023-2024,268,Environmental Funding - Great Lakes Protection Initiative,Initiative de protection des Grands Lacs,"This initiative addresses the most significant environmental challenges affecting Great Lakes water quality and ecosystem health. The projects we fund help us deliver on Canada’s commitments under the Canada-United States Great Lakes Water Quality Agreement. We fund projects that: restore Areas of Concern, prevent toxic and nuisance algae, reduce releases of harmful chemicals, engage Indigenous Peoples and engage the public through citizen science.","Ce programme de financement vise à améliorer la santé, la productivité et la pérennité des écosystèmes du Canada atlantique. Il finance les projets qui utilisent une approche axée sur les écosystèmes qui comprend des partenariats et des mesures concertées permettant de produire des résultats positifs pour l’environnement. Nous finançons les projets qui renforcent une planification et une prise de décision intégrées en matière d’écosystème; accroissent les connaissances et la science des écosystèmes; restaurent et améliorent la santé des écosystèmes prioritaires du Canada atlantique.",GNC,CLIENT,EXTERN,NGO,'Water Quality and Ecosystems Partnerships',"""Qualité de l'eau et partenariat sur les ecosystèmes""","EML, ONL, TEL",N,Y,Y,Y,N,N,N,Online services reference the reception of applications during the 2023-2024 Call for Proposals via GNC Enterprise Management System (GCEMS).,Services en ligne fait référence à la réception des demandes de financement pendant le 2023-2024 Appel des Propositions par le Système de gestion d'entreprise des subventions et des contributions (SGESC).,,2020-2021,N,N,,0,,28,0,0,0,,,,,https://www.canada.ca/en/canada-water-agency/funding/freshwater-ecosystem-initiatives/great-lakes.html,https://www.canada.ca/fr/agence-eau-canada/financement/initiatives-ecosystemes-eau-douce/grands-lacs.html,28.0,ec,137.0,Environment and Climate Change Canada,Environnement et Changement climatique Canada,BGS02,,N,,True,2023-2024_137_268,0.0,0.0,0.0
562,2023-2024,265,Environmental Funding - Lake Winnipeg Basin Program,Le programme du bassin du lac Winnipeg,"Large and frequent algal blooms in Lake Winnipeg are the result of high nutrient levels from international and domestic transboundary sources such as agriculture, industry, municipal wastewater and surface run-off.  In order to improve the ecological health of the lake and its basin, we fund projects that:

•reduce nutrient loading

•enhance collaboration

•support enhanced engagement of Indigenous Peoples","Les proliférations importantes et régulières d’algues dans le lac Winnipeg sont liées aux niveaux élevés d’éléments nutritifs d’origine transfrontalière international et domestique qui proviennent entre autres de l’agriculture, de l’industrie, d’eaux usées municipales et de ruissellements en surface. Pour améliorer la santé écologique du lac et de son bassin, nous finançons les projets qui contribuent à :

•la réduction des charges en éléments nutritifs;

•la collaboration;

•la participation accrue des peuples autochtones.",GNC,CLIENT,EXTERN,NGO,'Water Quality and Ecosystems Partnerships',"""Qualité de l'eau et partenariat sur les ecosystèmes""","EML, ONL, TEL",N,Y,Y,Y,N,N,N,Online services reference the reception of applications during the 2023/24 Call for Proposals via GNC Enterprise Management System (GCEMS).,Services en ligne fait référence à la réception des demandes de financement pendant le 2023-2024 Appel des Propositions par le Système de gestion d'enterprise des subventions et des contributions (SGESC).,,,N,N,,,,,,,,,,,,https://www.canada.ca/en/canada-water-agency/funding/freshwater-ecosystem-initiatives/lake-winnipeg.html,https://www.canada.ca/fr/agence-eau-canada/financement/initiatives-ecosystemes-eau-douce/lac-winnipeg.html,0.0,ec,137.0,Environment and Climate Change Canada,Environnement et Changement climatique Canada,BGS02,,N,,True,2023-2024_137_265,0.0,0.0,0.0
566,2023-2024,687,Hydrometric data and information service,Service de données et d'informations hydrométriques,"The National Hydrological Service (NHS) provides Canadian hydrometric data and information services to Canadians and their institutions on behalf of the National Hydrometric Program (NHP). These include near real-time Canadian hydrometric data 24 hours a day, 365 days a year, and value-added historical Canadian hydrometric data and statistical information. NHP hydrometric data and information are used in flood risk management, emergency response management, water resources planning, water allocation, infrastructure planning and design, environmental monitoring and management, analysis of climate change and long-term weather effects, power generation, and recreational uses of waterways. It is information accessible online, available instantly in a self-service manner.","Les Services hydrologiques nationaux (SHN) fournissent aux Canadiens des services de données et d’informations hydrométriques. Celles-ci incluent les des données hydrométriques pour le Canada en temps quasi réel 24 heures sur 24, tous les jours de l’année et les données hydrométriques et des informations statistiques historiques à valeur ajoutée sur le Canada. Les données et les informations hydrométriques des SHN sont utilisées dans la gestion des risques, la gestion des interventions d’urgence, la planification des ressources en eau, l’allocation de l’eau, la planification et la conception des infrastructures, la surveillance et la gestion de l’environnement, l’analyse des changements climatiques et des effets météorologiques à long terme, la production d’énergie électrique et les utilisations récréatives des voies navigables.  L’information est accessible en ligne, disponible instantanément et en libre service.",INFO,CLIENT,EXTERN,PERSON,'Water Quality and Ecosystems Partnerships',"""Qualité de l'eau et partenariat sur les ecosystèmes""",EML,N,N,N,N,N,N,N,,,,,,,,,,2190,,,,,,,,https://www.canada.ca/en/environment-climate-change/services/water-overview/quantity/monitoring/survey/data-products-services.html,https://www.canada.ca/fr/environnement-changement-climatique/services/eau-apercu/volume/surveillance/releves/produits-donnees-services.html,2190.0,ec,137.0,Environment and Climate Change Canada,Environnement et Changement climatique Canada,BGS02,,N,,True,2023-2024_137_687,0.0,0.0,0.0
587,2023-2024,SRV02798,Temporary waivers to fuel regulations,Exemptions temporaires en vertu des règlements sur les carburants,"The Regulations Prescribing Circumstances for Granting Waivers Pursuant to Section 147 of the Act allow the Minister of the Environment to grant temporary waivers under the authority of the Canadian Environmental Protection Act, 1999 if there is an actual or anticipated fuel supply shortage during a declared emergency, and/or at the request of the Minister of National Defence if there is an actual or anticipated fuel shortage that could affect national defence operations. Environment Climate Change Canada provides support, information, templates or systems enabling stakeholders to request a temporary waiver under emergency circumstances.","Le Règlement prévoyant les circonstances donnant ouverture à une exemption en vertu de l’article 147 de la Loi permet au ministre de l'Environnement d’accorder des exemptions temporaires en vertu de la Loi canadienne sur la protection de l’environnement (1999) s’il existe une pénurie d’approvisionnement en combustible réelle ou prévue dans une situation d’urgence déclarée, ou à la demande du ministre de la Défense nationale en cas de pénurie réelle ou prévue de combustible qui pourrait avoir une incidence sur les opérations de défense nationale. Environnement et Changement climatique Canada fournit un soutien, des informations, des modèles ou des systèmes permettant aux parties prenantes de demander une exemption temporaire dans des circonstances d'urgence.",APIR,CLIENT,EXTERN,PERSON,'Air Quality',"""Qualité de l'air""",EML,N,N,N,N,N,N,N,,,,,,,,,,,,,,,,,,https://www.canada.ca/fr/environnement-changement-climatique/services/gestion-pollution/production-energie/reglement-carburants/exemptions-temporaires.html,https://www.canada.ca/en/environment-climate-change/services/managing-pollution/energy-production/fuel-regulations/temporary-waivers.html,0.0,ec,137.0,Environment and Climate Change Canada,Environnement et Changement climatique Canada,BVH06,,N,,True,2023-2024_137_SRV02798,0.0,0.0,0.0
590,2023-2024,SRV02907,Access to Information and Privacy,Accès à l'information et protection des renseignements personnels,"The Access to Information Act gives Canadian citizens, permanent residents, and any person or corporation present in Canada a right to access records of government institutions that are subject to the Act. The Privacy Act gives Canadian citizens, permanent residents, and individuals present in Canada the right to access their personal information held by government institutions that are subject to the Act, and protects that information against unauthorized collection, use, retention and disclosure.","La Loi sur l’accès à l’information accorde aux citoyens canadiens, aux résidents permanents et à toute personne ou société présents au Canada un droit d’accès aux documents des institutions fédérales assujetties à la Loi.La Loi sur la protection des renseignements personnels donne aux citoyens canadiens, aux résidents permanents et aux personnes présentes au Canada le droit d’accéder à leurs renseignements personnels détenus par les institutions gouvernementales assujetties à la Loi, et protège ces renseignements contre la collecte, l’utilisation, la conservation et la divulgation non autorisées.",LRP,SOCIETY,EXTERN,PERSON,'Farm Products Council of Canada','Conseil des produits agricoles du Canada',EML,N,,,,,,,Request made to central portal of AAFC,Demande faite au portail central d'AAC,,,N,N,0,0,0,0,0,0,0,0,0,,,,,0.0,fpcc-cpac,222.0,Farm Products Council of Canada,Conseil des produits agricoles du Canada,BWN03,,N,,True,2023-2024_222_SRV02907,0.0,0.0,0.0
591,2023-2024,SRV02904,Media Enquiries,Demandes des médias,Responding to media requests made directly to the Farm Products Council of Canada,Répondre aux demandes des médias présentées directement au Conseil des produits agricoles du Canada,INFO,SOCIETY,EXTERN,PERSON,'Farm Products Council of Canada','Conseil des produits agricoles du Canada',EML,N,,,,,,,"Contact information available online, submit by email, respond by email","Coordonnées disponibles en ligne, soumettre par e-mail, répondre par e-mail",,,N,N,0,0,0,0,0,0,0,0,0,,,,,0.0,fpcc-cpac,222.0,Farm Products Council of Canada,Conseil des produits agricoles du Canada,BWN03,,N,,True,2023-2024_222_SRV02904,0.0,0.0,0.0
593,2023-2024,SRV03259,Public Enquiries,Enquêtes publiques,"FedNor provides information to the public concerning funding programs and business support services via several channels, including phone and email inquiries, and in person events.","FedNor fournit de l’information au public sur les programmes de financement et les services de soutien aux entreprises par l’entremise de plusieurs canaux, y compris les demandes de renseignements par téléphone et par courriel, ainsi que les événements en personne.",INFO,CLIENT,EXTERN,"ECONOM, INTERN_GOV, NGO, PERSON, PTC",'Communications Services','Services de communication',"EML, TEL",N,,,,,,,"FedNor can be contacted by email, phone or mail and this contact information is posted on the department's website","On peut communiquer avec FedNor par courriel, par téléphone ou par la poste et ces coordonnées sont affichées sur le site Web du ministère.",,,N,N,ND,,42302,,,,,,,,,https://fednor.canada.ca/fr/contactez-nous/personnes-ressources-pour-medias,https://fednor.canada.ca/fr/contactez-nous/personnes-ressources-pour-medias,0.0,fednor,561.0,Federal Economic Development Agency for Northern Ontario,Agence fédérale de développement économique pour le Nord de l’Ontario,ISS02,ND,N,,True,2023-2024_561_SRV03259,0.0,0.0,0.0
596,2023-2024,1726,Financial Literacy,Littératie financière,"Develop and offer tools, initiatives and educational programs to help Canadians of all ages strengthen their financial literacy.","Développer et offrir des outils, des initiatives et des programmes éducatifs pour aider les Canadiens de tous les âges à renforcer leur littératie financière.","CER, INFO",CLIENT,EXTERN,"NGO, PERSON",'Financial Literacy','Littératie financière',ONL,N,Y,,Y,,Y,Y,The service does not require authentication to communicate with the client.,Le service ne nécessite pas d'authentification pour communiquer avec le client,,2020-2021,,,1730,1730,0,647,0,58,69,0,0,"Column ""Number of website visits""- unable to determine number of visits by complaints or enquiries. Number provided is total for both.","Colonne ""Nombre de visites du site web"" - c'est ne pas possible de déterminer le nombre de visites par plaintes ou demandes de renseignements. Le nombre fourni est le total des deux.",https://www.canada.ca/en/financial-consumer-agency.html,https://www.canada.ca/fr/agence-consommation-matiere-financiere.html,2504.0,fcac-acfc,151.0,Financial Consumer Agency of Canada,Agence de la consommation en matière financière du Canada,BUU01,,N,,True,2023-2024_151_1726,0.0,0.0,0.0
597,2023-2024,907,Complaints Information and Enquiry,Renseignements général et plaintes,"Answer Canadians' questions related to financial products and services, as well as general enquiries, and act as an intake office for complaints about federally regulated financial entities.","Répondre aux questions des Canadiens sur les produits et services financiers, ainsi qu'aux demandes de renseignements généraux, et agir en tant que bureau de réception des plaintes concernant les institutions financières sous réglementation fédérale.",INFO,CLIENT,EXTERN,"ECONOM, PERSON","'Supervision and Enforcement', 'Financial Literacy'","'Surveillance et mise en application', 'Littératie financière'",OTH,N,Y,,Y,N,Y,N,The service does not require authentication to communicate with the client.,Le service ne nécessite pas d'authentification pour communiquer avec le client,,,,,0,4031,7988154,2388,0,213,141,0,0,"Column ""The number of telephone enquiries received""- didn’t include complaint number (4031) it is solly for enquiries for information. The column Number of websites does not separate the number of visits by complaints or enquiries.","Colonne ""Le nombre de demandes de renseignements téléphoniques reçues"" - n'inclut pas le nombre de plaintes (4031), il s'agit uniquement de demandes de renseignements. La colonne ""Nombre de visites du site web"" ne sépare pas le nombre de visites par plaintes ou demandes de renseignements.",https://www.canada.ca/en/financial-consumer-agency/corporate/contact-us.html,https://www.canada.ca/fr/agence-consommation-matiere-financiere/organisation/contactez-nous.html,6773.0,fcac-acfc,151.0,Financial Consumer Agency of Canada,Agence de la consommation en matière financière du Canada,"BUT01,BUU01",,N,,True,2023-2024_151_907,15704157.97,16366219.83,16904293.23
755,2023-2024,SRV02864,Employee Assistance Services,Services d’aide aux employés,"Mental health supports from Employee Assistance Services for federal departments and agencies including programs such as:
• Employee Assistance Program (EAP)
• Specialized Organizational Services (SOS)
• Alternate Dispute Resolution Services (ADRS)
• Psycho-social Response and Extended Counselling (PREC), including the Psycho-social Emergency Response Team (PSERT) and grief and loss support
• Occupational Critical Incident Stress Management (OCISM) Services for ISC nurses
• Digital wellness platform: LifeSpeak","Soutien en matière de santé mentale par les Services d'aide aux employés (SAE) des ministères et organismes fédéraux, y compris des programmes tels que :
• le Programme d'aide aux employés (PAE)
• Services organisationnels spécialisés (SOS)
• Services alternatifs de résolutions des conflits (SARC)
• Réponse psychosociale et conseil élargi (PREC), y compris l'équipe de Mesures et interventions d'urgence psychosociales (EMIUP) et le soutien en cas de deuil et de perte.
• Services de Gestion du stress professionel à la suite d'un incident critique (GSPIC) pour les infirmières d'SAC
• Plateforme numérique de mieux-être: LifeSpeak",RES,CLIENT,EXTERN,PERSON,'Health Information','Information sur la Santé',TEL,N,,,Y,,,Y,Only the core Employee Assistance Program has applicable elements to online service: Live Chat and EAP client survey.,Seul le PAE de base comporte des éléments applicables au service en ligne : Live Chat et enquête auprès des clients du PAE.,2022-2023,2022-2023,N,,61752,,91889,9476,,,,,1985,"EAP online activity:

- Column AG: 91,889 visits to the Live Chat page on Canada.ca (also includes the 9,476 Chat requests received)

- Column AM (total 1,985)
--> 494 voluntary surveys received (proxy for number of website visits for this purpose) via https://www.canada.ca/en/health-canada/services/environmental-workplace-health/occupational-health-safety/employee-assistance-services/employee-assistance-program.html#qa
-->1,491 trainings (videos, blogs, chats) available via canada.lifespeak.com (offered to client departments who opt to include LifeSpeak as part of their EAP)

- Column AH: 9,476 Chat requests to the Crisis and Referral Centre.

- all other modalities are not applicable

496 employees completed the Decompression Program in 2023-24.","PAE Activité en ligne: 

- Colonne AG: 91 889 visites sur la page Live Chat sur Canada.ca (comprend également les 9 476 demandes de chat reçues).

- Colonne AM (totale 1 985)
--> 494 sondages volontaires reçus (approximation du nombre de visites du site Web à cette fin) via https://www.canada.ca/en/health-canada/services/environmental-workplace-health/occupational-health-safety/employee-assistance-services/employee-assistance-program.html#qa.
--> 1 491 formations (vidéos, blogs, chats) disponible via canada.lifespeak.com (offertes aux ministères clients qui choisissent d'inclure LifeSpeak dans leur PAE).

- Colonne AH: 9 476 demandes de clavardage au Centre d'orientation et de crise.

- toutes les autres modalités ne sont pas applicables    

496 employés a suivi le Programme de décompression en 2023-24.",https://www.canada.ca/en/health-canada/services/environmental-workplace-health/occupational-health-safety/employee-assistance-services/programs.html,https://www.canada.ca/fr/sante-canada/services/sante-environnement-milieu-travail/sante-securite-travail/service-aide-employes/programmes.html,11461.0,hc-sc,127.0,Health Canada,Santé Canada,BVG07,,N,,True,2023-2024_127_SRV02864,0.0,0.0,0.0
756,2023-2024,SRV02865,Public Service Occupational Health Program,Programme de santé au travail de la fonction publique,"Provide occupational health services to federal departments and agencies in the core public administration (CPA):
• Occupational Health Evaluations
• Occupational Hygiene Advice and Consultations
• Communicable Disease Prevention and Advice
• Overseas Services
• Pension-related Services","Offrir des services de santé au travail aux ministères et organismes fédéraux de l'administration publique centrale (APC) :
• Évaluations de la santé au travail
• Conseils et consultations sur l'hygiène du travail
• Conseils et mesures de prévention liés aux maladies transmissibles
• Services à l'étranger
• Services relatifs aux pensions",RES,CLIENT,ENTERPRISE,INTERN_GOV,'Health Information','Information sur la Santé',EML,N,,,N,N,N,,,,2022-2023,2022-2023,N,,,,,,,,,,,"PSOHP delivered more than 24,149 services in 2023-24. PSOHP does not track how the request was submitted.",Le PSTFP a fourni plus que 24 149 services en 2023-24. Le PSTFP ne suit pas la façon dont la demande a été présentée.,https://gcxgce.sharepoint.com/teams/10001893/SitePages/How-to-Request-Our-Services.aspx?source=https%3A%2F%2Fgcxgce.sharepoint.com%2Fteams%2F10001893%2FSitePages%2FForms%2FByAuthor.aspx,https://gcxgce.sharepoint.com/teams/10001893/SitePages/fr/How-to-Request-Our-Services.aspx,0.0,hc-sc,127.0,Health Canada,Santé Canada,BVG07,,N,,True,2023-2024_127_SRV02865,0.0,0.0,0.0
757,2023-2024,768,Health Canada General Enquiries,Renseignements généraux pour Santé Canada,Provide general information to the public by phone and by email (CPAB),Donner des renseignements généraux au public par téléphone et par courriel (DGCAP),INFO,SOCIETY,EXTERN,PERSON,'Health Information','Information sur la Santé',NON,N,,,,,,,"Online Account Registration and Enrolment, Online Authentication, Online Application, Online Decision, Online Issuance and Online Issue Resolution: Health Canada contracts Service Canada to respond to general inquiries by telephone (1-866-225-0709). This is a phone service and not an online service. This is also an email service and not an online service. Health Canada makes available only an email address to contact us.","Enregistrement et inscription au compte en ligne, authentification en ligne, demande en ligne, décision en ligne, émission en ligne et résolution de problèmes en ligne : Santé Canada confie à Service Canada le soin de répondre aux demandes de renseignements généraux par téléphone (1-866-225-070). Il s'agit d'un service téléphonique et non d'un service en ligne. Il s'agit aussi d'un service par courriel et non d'un service en ligne. Pour communiquer avec Santé Canada, nous fournissons qu'une adresse électronique.",2024-2025,2021-2022,,,21111,,68413,,,,17257,9,,"A large portion of public enquiries are received by phone, which is managed by Service Canada.","Une grande majorité des demandes de renseignements sont recu par téléphone, un service géré par Service Canada",https://www.canada.ca/en/health-canada/corporate/contact-us.html,https://www.canada.ca/fr/sante-canada/organisation/contactez-nous.html,17266.0,hc-sc,127.0,Health Canada,Santé Canada,BVG07,,N,,True,2023-2024_127_768,0.0,0.0,0.0
758,2023-2024,771,Health Canada Publications,Publications de Santé Canada,Respond to requests for Health Canada publications (CPAB),Répondre aux demandes de publications de Santé Canada (DGCAP),INFO,SOCIETY,EXTERN,PERSON,'Health Information','Information sur la Santé',NON,N,,,,,,Y,"Online Account Registration and Enrolment, Online Authentication, Online Application, Online Decision, Online Issuance and Online Issue Resolution: Health Canada does not have an online account system for this service;  Canadians can provide comments on the online order form for publication requests.","Enregistrement et inscription au compte en ligne, authentification en ligne, demande en ligne, décision en ligne, émission en ligne et résolution de problèmes en ligne : Santé Canada n'a pas de système de compte en ligne pour ce service; 
Les Canadiens peuvent fournir des commentaires sur le formulaire de commande en linge pour les demandes de publication.",2024-2025,2021-2022,,,,,1681,,,10,2766,100,,,,https://www.canada.ca/en/health-canada/corporate/contact-us/publications.html,https://www.canada.ca/fr/sante-canada/organisation/contactez-nous/publications.html,2876.0,hc-sc,127.0,Health Canada,Santé Canada,BVG07,,N,,True,2023-2024_127_771,0.0,0.0,0.0
759,2023-2024,772,Food and Drugs Act Liaison Office (FDALO),Bureau de liaison pour la Loi sur les aliments et les drogues (BLLAD),"FDALO is an impartial and confidential resource for stakeholders who have questions, challenges, or complaints regarding how HC administers the Food and Drugs Act. (CPAB)","Le BLLAD est une ressource impartiale et confidentielle pour les intervenants qui ont des questions, des défis ou des plaintes concernant la façon dont Santé Canada administre la Loi sur les aliments et drogues. (DGCAP)",INFO,CLIENT,EXTERN,ECONOM,'Health Information','Information sur la Santé',EML,N,,,,,,,"Online Account Registration and Enrolment, Online Authentication, Online Application, Online Decision, Online Issuance and Online Issue Resolution: Health Canada does not have an online account system for this service. Stakeholders contact FDALO by telephone or email.","Enregistrement et inscription au compte en ligne, authentification en ligne, demande en ligne, décision en ligne, émission en ligne et résolution de problèmes en ligne : Santé Canada ne dispose pas de système de compte en ligne pour ce service. Les intervenants communiquent avec le BLLAD par téléphone ou par courriel.",,2021-2022,,,101,,4500,,,,,,,FDALO does not take applicatons - we received 217 inquiries via email. FDALO managed 25 reconsideration (appeals) processes for human drugs and natural health product submissions.,Le BLLAD n'accepte pas les demandes - nous avons reçu 217 demandes de renseignements par courrier électronique. Le BLLAD a géré 25 procédures de réexamen (appels) pour des soumissions de médicaments à usage humain et de produits de santé naturels,https://www.canada.ca/en/health-canada/corporate/about-health-canada/activities-responsibilities/food-drugs-act-liaison-office.html,https://www.canada.ca/fr/sante-canada/organisation/a-propos-sante-canada/activites-responsabilites/bureau-liaison-loi-aliments-drogues.html,0.0,hc-sc,127.0,Health Canada,Santé Canada,BVG07,,N,,True,2023-2024_127_772,0.0,0.0,0.0
760,2023-2024,873,Executive Correspondence,Correspondance de la haute gestion,"Process correspondence addressed to the 
Ministers and the Deputy Ministers (CPAB)",Traiter la correspondance adressée aux Ministres et aux sous-ministres (DGCAP),INFO,CLIENT,EXTERN,PERSON,'Health Information','Information sur la Santé',OTH,N,,,,,,,"Online Account Registration and Enrolment, Online Authentication, Online Application, Online Decision, Online Issuance and Online Issue Resolution: This is an email service and not an online service. Health Canada makes available only an email address to contact the Minister.","Enregistrement et inscription au compte en ligne, authentification en ligne, demande en ligne, décision en ligne, émission en ligne et résolution de problèmes en ligne : Il s'agit d'un service par courriel et non d'un service en ligne. Pour communiquer avec la ministre, Santé Canada ne fournit qu'une adresse électronique.",,,,,,,,,,1773,9582,,,,,https://www.canada.ca/en/health-canada/corporate/contact-us.html,https://www.canada.ca/fr/sante-canada/organisation/contactez-nous.html,11355.0,hc-sc,127.0,Health Canada,Santé Canada,BVG07,,N,,True,2023-2024_127_873,0.0,0.0,0.0
823,2023-2024,878,"Registration of a Cells, Tissues and Organs (CTO) Establishment","Inscription d'un établissement des Cellules, des Tissus et des Organes (CTO)","Health Canada issues a decision on an application for registration of a cell, tissue and organ (CTO) establishment, including annual review applications, from the receipt of a complete application to ensure safety requirements are met with respect to processing, storage, record keeping, distribution, importation, error, accident, and adverse reaction investigation and reporting.","Santé Canada rend une décision relative à une demande d'inscription d'un établissement des cellules, des tissus et des organes (CTO), ce qui comprend des demandes d'examen annuel, à partir de la réception d'une demande complète pour s'assurer  que les exigences de sécurité sont respectées en ce qui concerne le traitement, le stockage, la tenue de registres, la distribution, l'importation, les erreurs, les accidents ainsi que la réalisation d'enquêtes et production de rapports sur les effets nocifs.",APIR,CLIENT,EXTERN,NGO,'Health Information','Information sur la Santé',EML,N,,,,,,,Applications are received via email.  Data is not collected on the number of website visits.,Les demandes sont reçues par courriel. Aucune donnée n'est recueillie sur le nombre de visites du site Web.,2022-2023,2022-2023,,,0,0,ND,0,0,0,198,0,0,,,https://www.canada.ca/en/health-canada/corporate/about-health-canada/legislation-guidelines/acts-regulations/service-standards-high-volume-regulatory-authorizations/service-standard-registration-establishment-under-safety-human-cells-tissues-organs-transplantation-regulations.html,https://www.canada.ca/fr/sante-canada/organisation/a-propos-sante-canada/legislation-lignes-directrices/lois-reglements/normes-service-autorisations-reglementaires-demande-elevee/norme-service-inscription-etablissement-vertu-reglement-securite-cellules-tissus-organes-humains-destines-transplantation.html,198.0,hc-sc,127.0,Health Canada,Santé Canada,BVG07,,N,,True,2023-2024_127_878,0.0,0.0,0.0
867,2023-2024,1721,Respond to Correspondence Addressed to the Minister,Répondre aux correspondances adressées au ministre,"This service is to provide responses to individuals or organizations, within Canada or internationally, who have sent correspondence to the Minister.","Ce service vise à fournir des réponses à des individus ou à des organisations, au Canada ou à l’étranger, qui ont envoyé de la correspondance au ministre.",INFO,CLIENT,EXTERN,"ECONOM, FOR, INTERN_GOV, NGO, PERSON, PTC",'Communications Services','Services de communication',"EML, POST",N,,,,Y,,,The service is to respond to correspondence addressed to the Minister electronically (email or Canadian Impact Assessment Registry).,Le service est de répondre à la correspondance adressée au ministre et les réponses par voie électronique (par courriel ou sur le Registre canadien d’évaluation d’impact).,2023-2024,2023-2024,,,0,0,0,0,0,0,1781,0,0,"This service is offered to people and organizations who contact the Minister through correspondence only. Other applications are handled by other sectors within IAAC. Due to electronic processing of correspondence since the pandemic, there was no distinction made between “mail” and “email”.","Ce service est offert pour les personnes et les organisations qui communiquent avec le ministre par correspondance seulement. D’autres demandes sont traitées par d’autres secteurs au sein de l’AEIC. En raison de traitement électronique de la correspondance depuis la pandémie, il n’y a pas de distinction entre « courrier » et « courriel ».",https://www.canada.ca/en/government/ministers/steven-guilbeault.html,https://www.canada.ca/fr/gouvernement/ministres/steven-guilbeault.html,1781.0,iaac-aeic,63.0,Impact Assessment Agency of Canada,Agence d'évaluation d'impact du Canada,ISS02,,N,,True,2023-2024_63_1721,0.0,0.0,0.0
868,2023-2024,1722,Respond to Correspondence Addressed to the President,Répondre aux correspondances adressées au président,"This service is to provide responses to individuals or organizations, within Canada or internationally, who have sent correspondence to the President.","Ce service vise à fournir des réponses à des individus ou à des organisations, au Canada ou à l’étranger, qui ont envoyé de la correspondance au président.",INFO,CLIENT,EXTERN,"ECONOM, FOR, INTERN_GOV, NGO, PERSON, PTC",'Communications Services','Services de communication',"EML, POST",N,,,,Y,,,The service is to respond to correspondence addressed to the President electronically (email or Canadian Impact Assessment Registry).,Le service est de répondre à la correspondance adressée au président et les réponses par voie électronique (par courriel ou sur le Registre canadien d’évaluation d’impact).,2023-2024,2023-2024,,,0,0,0,0,0,0,62,0,0,"This service is offered to people and organizations who contact the President through correspondence only. Other applications are handled by other sectors within IAAC. Due to electronic processing of correspondence since the pandemic, there was no distinction made between “mail” and “email”.","Ce service est offert pour les personnes et les organisations qui communiquent avec le président par correspondance seulement. D’autres demandes sont traitées par d’autres secteurs au sein de l’AEIC. En raison de traitement électronique de la correspondance depuis la pandémie, il n’y a pas de distinction entre « courrier » et « courriel ».",https://www.canada.ca/en/impact-assessment-agency.html,https://www.canada.ca/fr/agence-evaluation-impact.html,62.0,iaac-aeic,63.0,Impact Assessment Agency of Canada,Agence d'évaluation d'impact du Canada,ISS02,,N,,True,2023-2024_63_1722,0.0,0.0,0.0
1034,2023-2024,1854,Access to Information and Privacy,Accès à l’information et protection des renseignements personnels,"The Access to Information Act gives Canadian citizens, permanent residents, and any person or corporation present in Canada a right to access records of government institutions that are subject to the Act. The Privacy Act gives Canadian citizens, permanent residents, and individuals present in Canada the right to access their personal information held by government institutions that are subject to the Act, and protects that information against unauthorized collection, use, retention and disclosure.?","La Loi sur l’accès à l’information accorde aux citoyens canadiens, aux résidents permanents et à toute personne ou société présents au Canada un droit d’accès aux documents des institutions fédérales assujetties à la Loi.La Loi sur la protection des renseignements personnels donne aux citoyens canadiens, aux résidents permanents et aux personnes présentes au Canada le droit d’accéder à leurs renseignements personnels détenus par les institutions gouvernementales assujetties à la Loi, et protège ces renseignements contre la collecte, l’utilisation, la conservation et la divulgation non autorisées.",INFO,SOCIETY,EXTERN,PERSON,'Compliance with access to information obligations',"""Conformité avec les obligations prévues à la Loi sur l'accès à l'information""","EML, FAX, ONL, PERSON, POST, TEL",Y,N,N,Y,N,N,N,,,2022-2023,2022-2023,N,N,2,2,141097,4636,4,1920,784,334,0,,,https://library-archives.canada.ca/eng/services/public/access-information-privacy/Pages/access-information-privacy.aspx,https://bibliotheque-archives.canada.ca/fra/services/public/acces-information-renseignements-personnels/Pages/acces-information-renseignements-personnels.aspx,7680.0,lac-bac,199.0,Library and Archives Canada,Bibliothèque et Archives Canada,BRF01,,N,,True,2023-2024_199_1854,0.0,0.0,0.0
1035,2023-2024,2549,Cataloguing in Publication,Catalogage avant publication,Issues Cataloguing in Publication (CIP) data blocks - brief summary of standardized bibliographic descriptions for forthcoming publications.,Émet des blocs de données de catalogage avant publication (CIP) - brefs résumés de descriptions bibliographiques normalisées pour les publications à paraître.,INFO,CLIENT,ENTERPRISE,ECONOM,'Collections','Recouvrements',ONL,N,N,N,Y,N,N,N,,,,,N,N,0,0,5359,0,0,0,9309,0,0,,,https://library-archives.canada.ca/eng/services/publishers/cataloguing-publication/Pages/cataloguing-publication.aspx,https://bibliotheque-archives.canada.ca/fra/services/editeurs/catalogage-publication/Pages/catalogage-publication.aspx,9309.0,lac-bac,199.0,Library and Archives Canada,Bibliothèque et Archives Canada,BRA03,,N,,True,2023-2024_199_2549,0.0,0.0,0.0
1042,2023-2024,3574,Information Management and Disposition of Government Records,Gestion de l’information et disposition des documents fédéraux,"Issues disposition authorizations to enable government institutions to dispose of records which no longer have operational value, either by permitting their destruction (at the discretion of institutions), by requiring their transfer to Library and Archives Canada, or by agreeing to their alienation from the control of the Government of Canada.","Émet des autorisations de disposition qui permettent aux institutions fédérales de disposer des documents qui n'ont plus de valeur primaire, que ce soit en leur permettant de les détruire (cette décision est laissée à la discrétion des institutions), en exigeant leur transfert à Bibliothèque et Archives Canada ou en consentant à ce qu'ils passent sous le contrôle d'une autre entité que l'administration fédérale.",INFO,CLIENT,EXTERN,INTERN_GOV,'Collections','Recouvrements',"EML, FAX, ONL, PERSON, POST, TEL",N,N,N,N,N,N,N,,,,,N,N,7,0,0,0,0,0,698,0,350,na,na,https://library-archives.canada.ca/eng/services/government-canada/information-disposition/pages/information-management-disposition.aspx,https://bibliotheque-archives.canada.ca/fra/services/gouvernement-canada/information-disposition/Pages/gestion-elimination-informations.aspx,1048.0,lac-bac,199.0,Library and Archives Canada,Bibliothèque et Archives Canada,BRA03,,N,,True,2023-2024_199_3574,0.0,0.0,0.0
1043,2023-2024,3575,International Standard Numbers,Numéros internationaux normalisés,"Issues International Standard Numbers, which include ISSN, ISBN, and ISMN, are unique numerical identifiers for books, pamphlets, educational kits, microforms, CD-ROMs and other digital and electronic publications, as well as serial publications and notated music. LAC anages the ISN Canada online system, a free service that allows publishers to manage their ISN account and logbook, to assign their ISNs to future publications, and to modify information about their publications.  Provides access to the names and contact information of Canadian publishers who have been assigned ISNs through the Canadian ISN Publisher's Directory.","Émet des Numéros internationaux normalisés, incluant ISBN, ISMN et ISSN, des numéros d'identification unique pour les livres, les brochures, les trousses pédagogiques, les microformes, les cédéroms et d'autres publications numériques et électroniques, ainsi que des publications en série et la musique annotée. BAC ère le système en ligne d'ISN Canada, un service gratuit qui permet aux éditeurs de gérer leur compte ISN et leur journal de bord, d'attribuer leurs ISN à de futures publications et de modifier les informations sur leurs publications. Donne accès aux noms et aux coordonnées des éditeurs canadiens auxquels des ISN ont été attribués par le biais du Répertoire ISN des éditeurs canadiens.",INFO,CLIENT,EXTERN,ECONOM,'Collections','Recouvrements',"EML, FAX, ONL, PERSON, POST, TEL",N,N,N,Y,N,N,N,,,,,N,N,1391,0,69338,6954,0,466,0,0,0,,,https://library-archives.canada.ca/eng/services/publishers/Pages/publishers.aspx,https://bibliotheque-archives.canada.ca/fra/services/editeurs/Pages/editeurs.aspx,7420.0,lac-bac,199.0,Library and Archives Canada,Bibliothèque et Archives Canada,BRA03,,N,,True,2023-2024_199_3575,0.0,0.0,0.0
1068,2023-2024,1728,Access to information and Privacy,Accès à l'information et protection des renseignements personnels,"The Access to Information Act gives Canadian citizens, permanent residents, and any person or corporation present in Canada a right to access records of government institutions that are subject to the Act. The Privacy Act gives Canadian citizens, permanent residents, and individuals present in Canada the right to access their personal information held by government institutions that are subject to the Act, and protects that information against unauthorized collection, use, retention and disclosure.","La Loi sur l’accès à l’information accorde aux citoyens canadiens, aux résidents permanents et à toute personne ou société présents au Canada un droit d’accès aux documents des institutions fédérales assujetties à la Loi. La Loi sur la protection des renseignements personnels donne aux citoyens canadiens, aux résidents permanents et aux personnes présentes au Canada le droit d’accéder à leurs renseignements personnels détenus par les institutions gouvernementales assujetties à la Loi, et protège ces renseignements contre la collecte, l’utilisation, la conservation et la divulgation non autorisées.",INFO,CLIENT,EXTERN,"ECONOM, NGO, PERSON",'Access to information and privacy',"""Accès à l'information et protection des renseignements personnels""","EML, ONL, TEL",Y,Y,Y,Y,Y,Y,N,,,,,N,N,60,,260,5,0,0,0,,,,,https://www.canada.ca/en/national-film-board/corporate/publications/plans-reports/access-information-privacy.html,https://www.canada.ca/fr/office-national-film/organisation/publications/plans-rapports/acces-information-protection-renseignements-personnels.html,5.0,nfb-onf,223.0,National Film Board,Office national du film,BSJ03,,N,,True,2023-2024_223_1728,0.0,0.0,0.0
1073,2023-2024,1339,Client Service Centre (CSC),Centre de services à la clientèle,"CSC is responsible for the delivery of technical and support services for NRC. CSC operates a multi-functional service desk in partnership with IRAP, Knowledge Information Technical Services (KITS), Real Property Planning and Management (RPPM), Finance and Procurement Services (FPS) and Security Branch (SB).","Le Centre de service à la clientèle (CSC) est responsable de la prestation des services techniques et de soutien du CNRC. Le Centre opère un bureau de services multifonctionnels en partenariat avec le PARI, la Direction des services du savoir, de l’information et des technologies (SSIT), la Direction de la planification et de la gestion des biens immobiliers (PGBI) et les directions des finances (DF) et de la sécurité (DS).",INFO,CLIENT,"ENTERPRISE, EXTERN","ECONOM, FOR, INTERN_GOV, NGO, PERSON, PTC",'Communications Services','Services de communication',"EML, FAX, ONL, TEL",Y,,,,,N,Y,"The service delivery does not require interaction points where N/A was selected.  Because multi-functional services are available to anyone, issuance and issue resolution are the only interaction points that apply.","La prestation de services ne requiert aucun point d’interaction client là où «non  » a été choisi. Puisque les services multifonctionnels sont accessibles à tous, la prestation et la résolution des problèmes sont les seuls points d’interaction client qui s’appliquent.",2023-2024,2023-2024,,,9521,,,,,,19176,,,"The services provided are  advisory in nature and therefore applications for services are not applicable. 

Support Services:
•Answer external inquiries regarding NRC as well as IRAP programs
•Record all activities in the Customer Relationship Management (CRM) - MS Sonar 360.
•Triage and assess incoming calls to align with the nine step methodology in support of Industrial Technology Advisors (ITA) and  Client Engagement Advisor (CEA)
•Report performance metrics daily, weekly, monthly, quarterly, and yearly.

National Call Centre Support:
•Act as the central intake for NRC regarding external inquiries from the general public, other government agencies, or learning institutions (i.e. Universities)
•Register all events/requests in the Service Management application (Axios assyst) and refer to the appropriate C/B/I’s SME for resolution for follow-up as required
•Report performance metrics daily, weekly, monthly, quarterly, and yearly. ","Les services fournis sont de type conseil et, par conséquent, les demandes de services ne sont pas applicables.

Services de soutien : 
• répondre aux demandes externes concernant le CNRC, le programme PARI;
• consigner toutes les activités dans l’outil de gestion des relations avec la clientèle (GRC) Microsoft Sonar 360
• trier et évaluer les appels entrants en fonction de la méthode des neuf étapes pour soutenir les conseillers en technologie industrielle (CTI) et les conseillers engagement de la clientèle (CEC);
• rendre compte quotidiennement, hebdomadairement, mensuellement, trimestriellement et annuellement des indicateurs de rendement. 

Soutien du Centre d’appels national :
• service d’accueil du CNRC concernant les demandes de l’extérieur, notamment du grand public, d’autres organismes du gouvernement ou d’établissements d’enseignement (p. ex., les universités);
• consigner tous les événements et toutes les demandes dans l’application de gestion des services Assyst d’Axios et référer à l’expert en la matière du Centre de recherche/Direction/PARI (CDP) approprié pour la résolution ou le suivi, au besoin.
• rendre compte quotidiennement, hebdomadairement, mensuellement, trimestriellement et annuellement des indicateurs de rendement.",https://nrc.canada.ca/en/corporate/contact-us,https://nrc.canada.ca/fr/organisation/contactez-nous,19176.0,nrc-cnrc,228.0,National Research Council Canada,Conseil national de recherches Canada,ISSA2,,N,,True,2023-2024_228_1339,0.0,0.0,0.0
1081,2023-2024,1552,Research Services,Services de recherches,The NRC provides a range of research and development services to enable clients to accelerate commercial development and advance research that leads to scientific breakthroughs and innovation.,Le CNRC fournit une gamme de services de recherche et développement pour permettre à ses clients d'accélérer le développement commercial et de faire progresser la recherche qui mène à des percées scientifiques et à l'innovation.,INFO,CLIENT,EXTERN,"ECONOM, FOR, INTERN_GOV, NGO, PTC","'Aerospace', 'Aquatic and Crop Resource Development', 'Automotive and Surface Transportation', 'Construction', 'Energy, Mining and Environment', 'Herzberg Astronomy & Astrophysics', 'Human Health Therapeutics', 'Metrology', 'Medical Devices', 'Nanotechnology', 'Ocean, Coastal and River Engineering', 'Security and Disruptive Technologies', 'Advanced Electronics and Photonics', 'Digital Technologies'","'Aérospatiale', 'Développement des cultures et des ressources aquatiques', 'Automobile et Transports de surface', 'Construction', 'Énergie, mines et environnement', 'Herzberg, Astronomie et astrophysique', 'Thérapeutiques en santé humaine', 'Métrologie', 'Dispositifs médicaux', 'Nanotechnologie', 'Génie océanique, côtier et fluvial', 'Technologies de sécurité et de rupture', 'Électronique et photonique avancées', 'Technologies numériques'","EML, FAX, ONL, PERSON, POST, TEL",Y,,,N,,Y,Y,The service delivery does not require interaction points where N/A was selected.,Aucun point d’interaction nécessaire pour la fourniture du service lorsque l’option “non spécifié  » est choisie.,2020-2021,2020-2021,,,,,,,,,,,383,The number of applications through other channels refers to the number of agreements signed for NRC research services.,Le nombre de demandes par d'autres moyens fait référence au nombre total d'accords signés pour des services de recherches du CNR.,https://nrc.canada.ca/en/research-development/research-collaboration,https://nrc.canada.ca/fr/recherche-developpement/recherche-collaboration,383.0,nrc-cnrc,228.0,National Research Council Canada,Conseil national de recherches Canada,"BNQ01,BNQ02,BNQ03,BNQ04,BNQ05,BNQ06,BNQ07,BNQ11,BNQ12,BNQ13,BNQ15,BNQ16,BNQ23,BNQ24",,N,,True,2023-2024_228_1552,540104234.95,552006439.96,499804249.03000003
1082,2023-2024,1551,Technical Services,Services techniques,"The NRC provides a range of unique and specialized technical services to clients ranging from testing and certifications to calibration, prototyping, demonstrations, scale-up and consulting.","Le CNRC fournit à ses clients une gamme de services techniques uniques et spécialisés, allant des essais et certifications à l'étalonnage, en passant par le prototypage, les démonstrations, la mise à l'échelle et la consultation.",INFO,CLIENT,EXTERN,"ECONOM, FOR, INTERN_GOV, NGO, PTC","'Aerospace', 'Aquatic and Crop Resource Development', 'Automotive and Surface Transportation', 'Construction', 'Energy, Mining and Environment', 'Herzberg Astronomy & Astrophysics', 'Human Health Therapeutics', 'Metrology', 'Medical Devices', 'Nanotechnology', 'Ocean, Coastal and River Engineering', 'Security and Disruptive Technologies', 'Advanced Electronics and Photonics', 'Digital Technologies'","'Aérospatiale', 'Développement des cultures et des ressources aquatiques', 'Automobile et Transports de surface', 'Construction', 'Énergie, mines et environnement', 'Herzberg, Astronomie et astrophysique', 'Thérapeutiques en santé humaine', 'Métrologie', 'Dispositifs médicaux', 'Nanotechnologie', 'Génie océanique, côtier et fluvial', 'Technologies de sécurité et de rupture', 'Électronique et photonique avancées', 'Technologies numériques'","EML, FAX, ONL, PERSON, POST, TEL",Y,,,N,,Y,Y,The service delivery does not require interaction points where N/A was selected.,Aucun point d’interaction nécessaire pour la fourniture du service lorsque l’option “non spécifié  » est choisie.,2020-2021,2020-2021,,,,,,,,,,,957,The number of applications through other channels refers to the number of agreements signed for NRC technical services.,Le nombre de demandes par d'autres moyens fait référence au nombre total d'accords signés pour des services techniques du CNRC.,https://nrc.canada.ca/en/research-development/research-collaboration,https://nrc.canada.ca/fr/recherche-developpement/recherche-collaboration,957.0,nrc-cnrc,228.0,National Research Council Canada,Conseil national de recherches Canada,"BNQ01,BNQ02,BNQ03,BNQ04,BNQ05,BNQ06,BNQ07,BNQ11,BNQ12,BNQ13,BNQ15,BNQ16,BNQ23,BNQ24",,N,,True,2023-2024_228_1551,540104234.95,552006439.96,499804249.03000003
1122,2023-2024,3613,Enabling Small Modular Reactor Program,Programme facilitant les petits réacteurs modulaires,"The Program aims to support the conditions and enabling frameworks necessary for SMRs to displace fossil fuels and contribute to climate change mitigation while enhancing gender-equality, diversity and inclusion in the nuclear sector.","Le programme a pour but de faciliter les conditions et la mise en place des cadres propices nécessaires au remplacement des combustibles fossiles par les PRM et à l’atténuation des changements climatiques, tout en renforçant l’égalité des sexes, la diversité et l’inclusion dans le secteur nucléaire.",GNC,CLIENT,EXTERN,"ECONOM, NGO, PTC","'Clean Energy Technology Policy, Research and Engagement'","'Politique, recherche et mobilisation en matière de technologies énergétiques propres'",EML,N,N,N,N,N,N,N,Program intake via email (no external website).,Inscription au programme par courriel (pas de site Web externe).,2023-2024,2023-2024,,Y,ND,0,3833,,,,34,,,"For 2023-24, Applications only received by email.","Pour 2023-24, propositions reçues uniquement par courriel.",Enabling Small Modular Reactors Program,Programme facilitant les petits réacteurs modulaires,34.0,nrcan-rncan,134.0,Natural Resources Canada,Ressources naturelles Canada,BTM01,,N,,True,2023-2024_134_3613,0.0,0.0,0.0
1153,2023-2024,2611,Contributions in support of Indigenous Natural Resource Partnerships,Contributions en faveur des partenariats pour les ressources naturelles autochtones,The program aims to increase the economic participation of Indigenous communities and organizations in the development of natural resource projects that support the transition to a clean energy future.,Le programme vise à accroître la participation économique des communautés et des organisations autochtones au développement de projets de ressources naturelles qui soutiennent la transition vers un avenir énergétique propre.,"GNC, RES",CLIENT,EXTERN,"ECONOM, NGO, PTC",'Indigenous Partnerships Office','Bureau des partenariats avec les Autochtones',"EML, PERSON, TEL",N,,,N,,Y,Y,Information-based service. Online application and issue resolution via e-mail.,Service d'information. Demande en ligne et résolution des problèmes par courrier électronique.,2021-2022,2021-2022,,,,0,6553,0,0,0,24,0,0,"Due to high demand, the INRP program paused the continueous acceptance of applications on May 22, 2023.  However, if an applicant was in discussion with INRP prior to the pause, an application would be accepted, as well, based on gaps in INRP programming, targeted applications from proponents could be solicited for potential new funding opportunities.",Service non fourni par les canals spécifiés.,https://www.nrcan.gc.ca/our-natural-resources/indigenous-natural-resources/indigenous-natural-resource-partnerships/22197,https://www.rncan.gc.ca/nos-ressources-naturelles/ressources-naturelles-autochtones/partenariats-pour-les-ressources-naturelles-autochtones/22198,24.0,nrcan-rncan,134.0,Natural Resources Canada,Ressources naturelles Canada,BTO06,Not applicable,N,Not applicable,True,2023-2024_134_2611,0.0,0.0,0.0
1154,2023-2024,2612,Contributions in support of Indigenous Advisory & Monitoring Committees for EIPs (TMX & L3),Contributions pour appuyer les comités autochtones de consultation et de surveillance de projets d'infrastructure énergétique - comités (TMX & L3),"This program supports Indigenous groups potentially impacted by the Trans Mountain Expansion Pipeline Project (TMX) and the Line 3 Replacement Project (Line 3) to:
• Enhance their capacity to participate in the Indigenous Advisory and Monitoring Committees;
• Pursue other Committee objectives including those supporting their mandate to provide advice to regulators on environmental, safety, and socio-economic issues related to the performance of the projects and compliance with conditions; and
• Address other environmental concerns related to the broader pipeline corridor over the full lifecycle of development.","Ce programme aide les groupes autochtones potentiellement touchés par le projet de pipeline d'expansion de Trans Mountain (TMX) et le projet de remplacement de la ligne 3 (ligne 3) à :
- Améliorer leur capacité à participer aux comités consultatifs et de surveillance autochtones ;
- poursuivre d'autres objectifs du comité, y compris ceux qui soutiennent leur mandat de fournir des conseils aux organismes de réglementation sur les questions environnementales, de sécurité et socio-économiques liées à la performance des projets et à la conformité aux conditions ; et
- répondre à d'autres préoccupations environnementales liées au corridor élargi du pipeline tout au long du cycle de vie du développement.","GNC, RES",CLIENT,EXTERN,PTC,'Indigenous Partnerships Office','Bureau des partenariats avec les Autochtones',"EML, PERSON, TEL",N,,,N,,Y,Y,Information-based service. Online application and issue resolution via e-mail.,Service d'information. Demande en ligne et résolution des problèmes par courrier électronique.,2021-2022,2021-2022,,,,0,,0,0,0,49,0,0,Service not provided through specified channels.,Service non fourni par les canals spécifiés.,https://,https://,49.0,nrcan-rncan,134.0,Natural Resources Canada,Ressources naturelles Canada,BTO06,Not applicable,N,Not applicable,True,2023-2024_134_2612,0.0,0.0,0.0
1155,2023-2024,2613,Contributions in support of Indigenous Participation in Dialogues,Contributions à l'appui du Fonds d'aide financière aux participants pour les consultations auprès des Autochtones,This program allows NRCan to conduct Crown-Indigenous consultations with Indigenous groups on natural resource projects that require a decision by the Governor in Council.,Ce programme permet à RNCan de mener des consultations entre la Couronne et les groupes autochtones sur des projets de ressources naturelles qui nécessitent une décision du gouverneur en conseil.,"GNC, RES",CLIENT,EXTERN,PTC,'Nòkwewashk','Nòkwewashk',"EML, PERSON, TEL",N,,,N,,Y,Y,Information-based service. On-line applicaton and issue resolution via e-mail.,Service d'information. Demande en ligne et résolution des problèmes par courrier électronique.,2021-2022,2021-2022,,,,0,,0,0,0,23,0,0,These Terms and Conditions can be utilized by all of Natural Resources Canada.  This information is specific to Nòkwewashk,Service non fourni par les canals spécifiés.,https://,https://,23.0,nrcan-rncan,134.0,Natural Resources Canada,Ressources naturelles Canada,BTO07,Not applicable,N,Not applicable,True,2023-2024_134_2613,0.0,0.0,0.0
1156,2023-2024,2614,Contributions in support of Accommodation Measures for Trans Mountain Expansion,Contributions à l'appui des mesures d'accommodement du projet d'agrandissement du réseau de Trans Mountain,"The objective of this program is to support active and meaningful Indigenous involvement in issues related to the Trans Mountain Expansion project, including to address or mitigate potential project-related impacts and cumulative effects.","L'objectif de ce programme est de soutenir une participation autochtone active et significative dans les questions liées au projet d'expansion de Trans Mountain, y compris pour aborder ou atténuer les impacts potentiels liés au projet et les effets cumulatifs.","GNC, RES",CLIENT,EXTERN,PTC,'Nòkwewashk','Nòkwewashk',"EML, PERSON, TEL",N,,,N,,Y,Y,Information-based service. On-line applicaton and issue resolution via e-mail.,Service d'information. Demande en ligne et résolution des problèmes par courrier électronique.,2021-2022,2021-2022,,,,0,2296,0,0,0,0,0,0,No new contribution agreements have been signed since 2022-2023.  All 2023-2024 has been transfered to ECCC,Service non fourni par les canals spécifiés. Visites sur le site non comptabilisées.,https://www.canada.ca/en/campaign/trans-mountain/what-is-tmx/the-decision/backgrounder11.html,https://www.canada.ca/fr/campagne/trans-mountain/quest-ce-que-tmx/la-decision/documentdinformation11.html,0.0,nrcan-rncan,134.0,Natural Resources Canada,Ressources naturelles Canada,BTO07,Not applicable,N,Not applicable,True,2023-2024_134_2614,0.0,0.0,0.0
1172,2023-2024,SRV02829,Financial audits of territorial organizations,Audits financiers des organisations territoriales,"The Office of the Auditor General of Canada is the auditor for the governments of Nunavut, Yukon, and the Northwest Territories and reports directly to their legislative assemblies. We audit their annual financial statements.","Le Bureau du vérificateur général du Canada est l’auditeur des gouvernements du Nunavut, du Yukon et des Territoires du Nord Ouest et présente ses rapports directement aux assemblées législatives de ces gouvernements. Nous auditons les états financiers annuels de ces gouvernements.",APIR,CLIENT,EXTERN,PTC,'Management and Oversight Services','Services de gestion et de surveillance',"EML, ONL, PERSON, TEL",N,,,,,,,,,2023-2024,2023-2024,N,N,ND,ND,ND,ND,ND,ND,ND,ND,22,,,,,22.0,oag-bvg,238.0,Office of the Auditor General of Canada,Bureau du vérificateur général du Canada,ISSA1,,N,,True,2023-2024_238_SRV02829,0.0,0.0,0.0
1173,2023-2024,SRV02849,Financial audits of international organizations,Audits financiers des organisations internationales,"The OAG audits the United Nations Educational, Scientific and Cultural Organization (UNESCO).","Le BVG audite l’Organisation des Nations Unies pour l’éducation, la science et la culture (UNESCO).",APIR,CLIENT,EXTERN,FOR,'Management and Oversight Services','Services de gestion et de surveillance',"EML, ONL, PERSON",Y,,,,,,,,,2023-2024,2023-2024,N,N,ND,ND,ND,ND,ND,ND,ND,ND,8,,,,,8.0,oag-bvg,238.0,Office of the Auditor General of Canada,Bureau du vérificateur général du Canada,ISSA1,,N,,True,2023-2024_238_SRV02849,0.0,0.0,0.0
1174,2023-2024,SRV02850,Performance audits of territorial Organizations,Audit de performance d’organisations territoriales,"The OAG is the auditor for the governments of Nunavut, Yukon, and the Northwest Territories and reports directly to their legislative assemblies. We conduct performance audits of their organizations and programs.","Le BVG est l’auditeur des gouvernements du Nunavut, du Yukon et des Territoires du Nord‑Ouest et présente des rapports directement aux assemblées législatives de ces gouvernements. Nous effectuons des audits de performance de leurs organisations et de leurs programmes.",APIR,CLIENT,EXTERN,PTC,'Management and Oversight Services','Services de gestion et de surveillance',"EML, POST",N,,,,,,,,,2023-2024,2023-2024,N,N,ND,ND,ND,ND,ND,ND,ND,ND,4,,,,,4.0,oag-bvg,238.0,Office of the Auditor General of Canada,Bureau du vérificateur général du Canada,ISSA1,,N,,True,2023-2024_238_SRV02850,0.0,0.0,0.0
1180,2023-2024,SRV02853,Environmental Petitions,Pétitions environnementales,The Commissioner of the Environment and Sustainable Development administers environmental petitions on behalf of the Auditor General of Canada.,Le commissaire à l’environnement et au développement durable assure la gestion du processus de pétitions environnementales au nom de la vérificatrice générale du Canada.,APIR,CLIENT,EXTERN,"ECONOM, PERSON",'Management and Oversight Services','Services de gestion et de surveillance',"EML, FAX, ONL, POST",N,,,Y,,Y,,,,2023-2024,2023-2024,N,N,ND,ND,ND,12,ND,0,11,0,3,,,https://www.oag-bvg.gc.ca/internet/English/pet_fs_e_919.html,https://www.oag-bvg.gc.ca/internet/Francais/pet_fs_f_919.html,26.0,oag-bvg,238.0,Office of the Auditor General of Canada,Bureau du vérificateur général du Canada,ISS01,,N,,True,2023-2024_238_SRV02853,0.0,0.0,0.0
1188,2023-2024,2275,Respond to inquiries.,Répondre aux demandes de renseignements.,"Respond to requests for information. Service dedicated to responding to questions submitted by the public about privacy. The service allows our office to provide general information, including potential recourses, that can help individuals solve their privacy issue.","Service de réponse aux questions soumises par le public au sujet de la vie privée. Le service permet à notre bureau de fournir des renseignements généraux, incluant l'existense de recours possibles aux individus afin de résoudre leur problème relié à la protection de la vie privée.","INFO, LRP",CLIENT,EXTERN,"ECONOM, INTERN_GOV, PERSON",'Promotion Program','Programme de promotion',NON,N,N,N,Y,N,N,N,,,,,N,N,1555,,11737,917,,ND,,,,,,https://priv.gc.ca/en/contact-the-opc/contact-the-information-centre/,https://priv.gc.ca/fr/communiquer-avec-le-commissariat/communiquer-avec-le-centre-d-information/,917.0,opc-cpvp,256.0,Offices of the Information and Privacy Commissioners of Canada,Commissariats à l’information et à la protection de la vie privée du Canada,BRG01,,N,,True,2023-2024_256_2275,0.0,0.0,0.0
1189,2023-2024,2330,Business Advisory Services.,Services-conseils à l'entreprise.,The OPC’s business advisory services proactively work with businesses to help them better comply with the Personal Information Protection and Electronic Documents Act (PIPEDA).  These services are voluntary and free of charge.,Les services-conseils à l’entreprise du Commissariat travaillent de façon proactive avec les entreprises pour les aider à mieux respecter la Loi sur la protection des renseignements personnels et les documents électroniques (LPRPDE). Ces services sont volontaires et gratuits.,LRP,CLIENT,EXTERN,ECONOM,'Promotion Program','Programme de promotion',NON,N,,,,,,,This service is not available online.,Ce service n'est pas offert en ligne.,,,N,N,,,806,,,,95,,,In 2023-24 the OPC did 16 advisory consultation and 79 outreach and stakeholder engagements.,"En 2023-2024, le Commissariat a réalisé 16 consultations services-conseils et 79 activités de sensibilisation et de mobilisation auprès des parties prenantes.",https://www.priv.gc.ca/en/about-the-opc/what-we-do/advisory-services-businesses/,https://www.priv.gc.ca/fr/a-propos-du-commissariat/ce-que-nous-faisons/services-conseils-entreprises/,95.0,opc-cpvp,256.0,Offices of the Information and Privacy Commissioners of Canada,Commissariats à l’information et à la protection de la vie privée du Canada,BRG01,,N,,True,2023-2024_256_2330,0.0,0.0,0.0
1190,2023-2024,2465,Media Relations.,Relations avec les médias.,Response to requests for information on a daily basis and manage requests for interviews.,Répondre aux demandes d'information quotidiennes et gérer des demandes d'entrevues.,"INFO, LRP",CLIENT,EXTERN,PERSON,'Promotion Program','Programme de promotion',NON,N,,,,,,,This service is not available online.,Ce service n'est pas offert en ligne.,,,N,,,,569,,,,148,,,This service is only available by email.,Ce service n'est offert que par courriel.,https://www.priv.gc.ca/en/contact-the-opc/make-a-media-inquiry/,https://www.priv.gc.ca/fr/communiquer-avec-le-commissariat/soumettre-une-demande-des-medias/,148.0,opc-cpvp,256.0,Offices of the Information and Privacy Commissioners of Canada,Commissariats à l’information et à la protection de la vie privée du Canada,BRG01,,N,,True,2023-2024_256_2465,0.0,0.0,0.0
1191,2023-2024,2539,Respond to requests for information from Parliamentarians.,Répondre aux demandes d'information des parlementaires.,Respond to requests for information from Parliamentarians.,Répondre aux demandes d'information des parlementaires.,LRP,CLIENT,"ENTERPRISE, EXTERN",INTERN_GOV,'Promotion Program','Programme de promotion',NON,N,,,,,,,This service is not available online.,Ce service n'est pas offert en ligne.,,,N,,,,,,,,11,,,,,,,11.0,opc-cpvp,256.0,Offices of the Information and Privacy Commissioners of Canada,Commissariats à l’information et à la protection de la vie privée du Canada,BRG01,,N,,True,2023-2024_256_2539,0.0,0.0,0.0
1192,2023-2024,2550,Contributions Program of the Office of the Privacy Commissioner of Canada.,Programme des contributions du Commissariat à la protection de la vie privée du Canada.,Funds cutting edge research and public education initiatives that promote the purposes of the Personal Information Protection and Electronic Documents Act (PIPEDA).,Finance des initiatives de recherche de pointe et d'éducation du public qui favorisent les objectifs de la Loi sur la protection des renseignements personnels et les documents électroniques (LPRPDE).,"GNC, LRP",CLIENT,EXTERN,NGO,'Promotion Program','Programme de promotion',NON,N,,,,,,,This service is not available online.,Ce service n'est pas offert en ligne.,,,N,,,,1259,,,,68,,,,,https://www.priv.gc.ca/en/opc-actions-and-decisions/research/funding-for-privacy-research-and-knowledge-translation/,https://www.priv.gc.ca/fr/mesures-et-decisions-prises-par-le-commissariat/recherche/financement-pour-les-projets-de-recherche-et-d-application-des-connaissances/,68.0,opc-cpvp,256.0,Offices of the Information and Privacy Commissioners of Canada,Commissariats à l’information et à la protection de la vie privée du Canada,BRG01,,N,,True,2023-2024_256_2550,0.0,0.0,0.0
1193,2023-2024,2552,Privacy Impact Assessment (PIAs) Reviews.,Examens de Évaluations des facteurs relatifs à la vie privée (EFVP).,"The OPC receives completed Privacy Impact Assessments from institutions under the TBS Directive on Privacy Impact Assessment. All PIAs receive an initial review. PIAs for particularly sensitive or privacy intrusive initiatives are given further review. We provide written advice and recommendations on gaps in personal information handling processes and privacy risks. Our objective is to support and promote compliance with the Privacy Act, associated policies, directives and guidelines, OPC guidance and internally accepted best practices. Institutions are not bound by our recommendations.","Le Commissariat reçoit les évaluations des facteurs relatifs à la vie privée complétées par les institutions en vertu de la Directive du SCT sur l'évaluation des facteurs relatifs à la vie privée. Toutes les ÉFVP font l'objet d'un examen initial. Les ÉFVP concernant des initiatives particulièrement sensibles ou portant atteinte à la vie privée font l'objet d'un examen plus approfondi. Nous fournissons des conseils et des recommandations écrites sur les lacunes des processus de traitement des renseignements personnels et les risques d'atteinte à la vie privée. Notre objectif est de soutenir et de promouvoir la conformité à la Loi sur la protection des renseignements personnels, aux politiques, directives et lignes directrices associées, aux orientations du CPVP et aux pratiques exemplaires acceptées à l'interne. Les institutions ne sont pas obligées de suivre nos conseils.","INFO, LRP",CLIENT,ENTERPRISE,INTERN_GOV,'Promotion Program','Programme de promotion',"EML, POST",N,,,N,,,,This service was not available online in 2023-24.,Ce service n'était pas offert en ligne en 2023-24.,,2022-2023,N,,,,16426,,,,121,,,,,https://www.priv.gc.ca/en/privacy-topics/privacy-impact-assessments/submit-pia/,https://www.priv.gc.ca/fr/sujets-lies-a-la-protection-de-la-vie-privee/evaluations-des-facteurs-relatifs-a-la-vie-privee/presenter-efvp/,121.0,opc-cpvp,256.0,Offices of the Information and Privacy Commissioners of Canada,Commissariats à l’information et à la protection de la vie privée du Canada,BRG01,,N,,True,2023-2024_256_2552,0.0,0.0,0.0
1194,2023-2024,2553,Consultation services with federal institutions,Services-conseils au gouvernement,"The TBS Policy on Privacy Protection requires federal  government institutions to notify the Privacy Commissioner of any planned initiatives that relate to the Privacy Act  or that may have an impact on the privacy of Canadians. The Office consults with federal government institutions on the development of initiatives involving personal information, and provides advice during the design and implementation of such programs to help ensure that privacy is considered from the start. Consultations may also take place on the development of PIAs.",La politique du SCT sur la protection de la vie privée exige que les institutions du gouvernement fédéral informent le Commissaire à la protection de la vie privée de toute initiative prévue qui a trait à la Loi sur la protection des renseignements personnels ou qui peut avoir une incidence sur la vie privée des Canadiens. Le Commissariat consulte les institutions du gouvernement fédéral sur l'élaboration d'initiatives impliquant des renseignements personnels et fournit des conseils pendant la conception et la mise en œuvre de ces programmes afin de s'assurer que la vie privée est prise en compte dès le départ. Des consultations peuvent également avoir lieu sur l'élaboration d'EFVP.,LRP,CLIENT,ENTERPRISE,INTERN_GOV,'Promotion Program','Programme de promotion',"EML, POST, TEL",N,,,,,,,This service is not available online.,Ce service n'est pas offert en ligne.,,2022-2023,N,,,,416,,,,89,,,,,https://www.priv.gc.ca/en/about-the-opc/what-we-do/advisory-services-federal-institutions/,https://www.priv.gc.ca/fr/a-propos-du-commissariat/ce-que-nous-faisons/services-conseils-institutions-federales/,89.0,opc-cpvp,256.0,Offices of the Information and Privacy Commissioners of Canada,Commissariats à l’information et à la protection de la vie privée du Canada,BRG01,,N,,True,2023-2024_256_2553,0.0,0.0,0.0
1195,2023-2024,2554,Review and Investigate complaints under the Privacy Act.,Examiner et enquêter sur les plaintes en vertu de la Loi sur la protection des renseignements personnels.,"In order to promote compliance with the Privacy Act, investigate complaints of contraventions of the Privacy Act from the public, complaints initiated by the OPC. Provide a conclusion to the complainant and respondent including recommended corrective action where relevant.","Afin de promouvoir le respect de la Loi sur la protection des renseignements personnels, enquêter sur les plaintes du public concernant des infractions à la Loi sur la protection des renseignements personnels et sur les plaintes déposées par le Commissariat. Fournir une conclusion aux plaignants et aux institutions, y compris les mesures correctives recommandées, le cas échéant.",LRP,CLIENT,EXTERN,"INTERN_GOV, PERSON",'Compliance Program','Programme de conformité',NON,N,N,N,Y,N,N,Y,Document drop-off portal : https://services.priv.gc.ca/plainte-complaint-depot-document-dropoff/en/register,Portail Dépôt des documents : https://services.priv.gc.ca/plainte-complaint-depot-document-dropoff/fr/inscription,,,N,,,,77423,864,,249,,,,,,https://priv.gc.ca/en/report-a-concern/file-a-formal-privacy-complaint/file-a-complaint-about-a-federal-institution/,https://priv.gc.ca/fr/signaler-un-probleme/deposer-une-plainte-officielle-concernant-la-protection-de-la-vie-privee/deposer-une-plainte-visant-une-institution-du-gouvernement-federal/,1113.0,opc-cpvp,256.0,Offices of the Information and Privacy Commissioners of Canada,Commissariats à l’information et à la protection de la vie privée du Canada,BRG02,,N,,True,2023-2024_256_2554,0.0,0.0,0.0
1196,2023-2024,2556,Review and investigate complaints under PIPEDA.,Examiner et enquêter les plaintes en vertu de la LPRPDE.,"Review and investigate complaints of contraventions of PIPEDA from the public, complaints initiated by the OPC. Provide a conclusion to the complainant and respondent including corrective action where relevant.","Examiner et enquêter sur les plaintes du public concernant des infractions à la LPRPDE et sur les plaintes déposées par le Commissariat. Fournir une conclusion aux plaignants et aux organisation, y compris les mesures correctives recommandées, le cas échéant.",LRP,CLIENT,EXTERN,"ECONOM, PERSON",'Compliance Program','Programme de conformité',NON,N,N,N,Y,N,N,Y,Document drop-off portal : https://services.priv.gc.ca/plainte-complaint-depot-document-dropoff/en/register,Portail Dépôt des documents : https://services.priv.gc.ca/plainte-complaint-depot-document-dropoff/fr/inscription,,,N,N,,,13057,393,,53,,,,All breach reports were received by mail or emails.,Toutes les rapports d'atteintes ont été reçu par courriel ou courriels.,https://priv.gc.ca/en/report-a-concern/file-a-formal-privacy-complaint/file-a-complaint-about-a-business/,https://priv.gc.ca/fr/signaler-un-probleme/deposer-une-plainte-officielle-concernant-la-protection-de-la-vie-privee/deposer-une-plainte-visant-une-entreprise/,446.0,opc-cpvp,256.0,Offices of the Information and Privacy Commissioners of Canada,Commissariats à l’information et à la protection de la vie privée du Canada,BRG02,,N,,True,2023-2024_256_2556,0.0,0.0,0.0
1197,2023-2024,2558,Receive and review breach reports under PIPEDA.,Recevoir et examiner les atteintes à la vie privée en vertu de la LPRPDE.,Review breach reports from private sector organizations.,Examiner les rapports d'atteintes à la vie privée des organisations du secteur privé.,LRP,CLIENT,EXTERN,"ECONOM, PERSON",'Compliance Program','Programme de conformité',NON,N,N,N,Y,N,N,N,This service was not available online in 2023-24.,Ce service n'était pas offert en ligne en 2023-2024.,,,N,N,,,10609,596,,,97,,,,,https://priv.gc.ca/en/report-a-concern/report-a-privacy-breach-at-your-organization/report-a-privacy-breach-at-your-business/,https://priv.gc.ca/fr/signaler-un-probleme/signaler-une-atteinte-a-la-vie-privee-dans-votre-organisation/signaler-une-atteinte-a-la-vie-privee-au-sein-de-votre-entreprise/,693.0,opc-cpvp,256.0,Offices of the Information and Privacy Commissioners of Canada,Commissariats à l’information et à la protection de la vie privée du Canada,BRG02,,N,,True,2023-2024_256_2558,0.0,0.0,0.0
1204,2023-2024,SRV02954,OSFI External Website,Site web du BSIF,"The OSFI website provides information to the Canadian public and to the financial institutions that we regulate, including advisories on regulations, financial data, and the latest news from the Office of the Superintendent.","Le site web du BSIF fournit des renseignements au public canadien et aux institutions financières que nous réglementons, y compris des avis sur la réglementation, des données financières et les dernières nouvelles du Bureau du surintendant.",INFO,SOCIETY,EXTERN,"ECONOM, FOR, INTERN_GOV, NGO, PTC","'Information Management Services', 'Information Technology Services'","""Services de gestion de l'information"", ""Services de la technologie de l'information""",ONL,N,,,,,,,This is not a transactional service.,Il ne s'agit pas d'un service transactionnel.,2020-2021,2021-2022,,,,,ND,,,,,,,,,https://www.osfi-bsif.gc.ca/en,https://www.osfi-bsif.gc.ca/fr,0.0,osfi-bsif,253.0,Office of the Superintendent of Financial Institutions Canada,Bureau du surintendant des institutions financières Canada,"ISS06,ISS07",,N,,True,2023-2024_253_SRV02954,0.0,0.0,0.0
1206,2023-2024,SRV03458,Web Inquiries,Demandes de renseignements sur le Web,PacifiCan responds to external inquiries through the agency website.,PacifiCan répond aux demandes de renseignements par l’entremise du site Web de l'Agence.,"GNC, INFO",CLIENT,EXTERN,"ECONOM, NGO, PERSON, PTC","'Innovation', 'Business Growth', 'Business Services', 'Community Initiatives', 'Communications Services'","'Innovation', 'Croissance des entreprises', 'Services aux entreprises', 'Initiatives communautaires', 'Services de communication'","EML, ONL",N,,,,,,Y,"The PacifiCan online feedback form does not require
enrollment, authentication, application, decision, or issuance.","Le formulaire de rétroaction en ligne de PacifiCan ne nécessite pas d'inscription, d'authentification, de demande, de décision ni de délivrance.",,2022-2023,,,,,,,,,,,,Number of Website visits is reported in “Grants and Contribution Programs” service for all agency service lines.,Le nombre de visites sur le site web est indiqué dans « Programmes de subventions et contributions » pour tous les secteurs d'activité de l'agence.,https://www.canada.ca/en/pacific-economic-development/corporate/about/service-standards.html,https://www.canada.ca/fr/developpement-economique-pacifique/organisation/a-propos/normes-service.html,0.0,pacifican,560.0,Pacific Economic Development Agency of Canada,Agence de développement économique du Pacifique Canada,"BYK01,BYK02,BYK03,BYK04,ISS02",,N,,True,2023-2024_560_SRV03458,111806519.0,107080242.0,101410753.0
1217,2023-2024,1308,Grants and Contributions,Subventions et contributions,We support PCA Canada Agency programs (“funding programs”) to provide transfer payments to assist eligible recipients in delivering a broad range of projects and initiatives in support of PCA’s role and mandate and the results set out in its Departmental Results Framework. This financial support facilitates a shared responsibility to manage areas of national significance by cooperating with others to protect and present examples of national heritage.,"Nous soutenons les programmes de l'Agence PCA Canada ("" programmes de financement "") afin de fournir des paiements de transfert pour aider les bénéficiaires admissibles à réaliser un large éventail de projets et d'initiatives à l'appui du rôle et du mandat de l'APC et des résultats énoncés dans son cadre de résultats ministériel. Ce soutien financier facilite le partage des responsabilités en matière de gestion des zones d'importance nationale en coopérant avec d'autres pour protéger et mettre en valeur des exemples du patrimoine national.","GNC, RES",CLIENT,EXTERN,"FOR, NGO, PTC",'Grants and Contributions Policy and Operations','Politiques et opérations concernant les subventions et les contributions',"EML, PERSON, POST, TEL",N,,,,,,,,,2020-2021,2019-2020,,N,0,0,0,0,0,0,0,0,0,,,,,0.0,pc,263.0,Parks Canada,Parcs Canada,BVD13,,N,,True,2023-2024_263_1308,0.0,0.0,0.0
1249,2023-2024,22,Web Inquiries,Demandes de renseignements sur le Web,PrairiesCan responds to external inquiries through the departmental website.,PrairiesCan répond aux demandes de renseignements externes par l’entremise du site Web du Ministère.,INFO,CLIENT,EXTERN,"ECONOM, NGO, PERSON, PTC",'Communications Services','Services de communication',"EML, ONL",N,,,,,,,"The PrairiesCan online feedback form does not require enrollment, authentication, application, decision, or issuance.","Le formulaire de rétroaction en ligne de PrairiesCan ne nécessite pas d'inscription, d'authentification, de demande, de décision ni de délivrance.",2023-2024,2023-2024,N,N,0,0,25534,302,0,0,0,0,0,,,https://www.canada.ca/en/prairies-economic-development/corporate/contact.html,https://www.canada.ca/fr/developpement-economique-prairies/organisation/contactez.html,302.0,prairiescan,140.0,Prairies Economic Development Canada,Développement économique Canada pour les Prairies,ISS02,,N,,True,2023-2024_140_22,0.0,0.0,0.0
1251,2023-2024,2626,Public enquiries,Renseignements au public,Responding to public enquiries made to PCO,Répondre aux demandes de renseignements généraux envoyées au BCP,INFO,SOCIETY,EXTERN,"ECONOM, FOR, INTERN_GOV, NGO, PERSON, PTC",'Public Education and Information','Éducation et information du public',"EML, FAX, POST, TEL",N,,,,,,,"This service is not offered online. This service is offered via email, mail, telephone, or fax.","Ce service n'est pas offert en ligne. Ce service est offert par courriel, courrier, téléphone, ou fax.",2023-2024,,N,N,0,576,1180,0,0,48,4243,2,0,,,https://www.canada.ca/en/privy-council/corporate/contact-us.html#I,https://www.canada.ca/fr/conseil-prive/organisation/contactez-nous.html#I,4869.0,pco-bcp,278.0,Privy Council Office,Bureau du Conseil privé,BYI03,,N,,True,2023-2024_278_2626,0.0,0.0,0.0
1252,2023-2024,SRV02950,Congratulatory certificates from the Prime Minister,Certificats de félicitations du premier ministre,Responding to requests for congratulatory certificates from the Prime Minister,Répondre à des demandes de certificats de félicitations du premier ministre,INFO,SOCIETY,EXTERN,PERSON,'Public Education and Information','Éducation et information du public',EML,N,,,Y,,,,This service is online but does not include client interaction points.,Ce service est en ligne mais il n'inclut pas des points d'intégration avec la clientèle.,2023-2024,2023-2024,N,,ND,ND,50306,19725,0,ND,ND,ND,0,,,https://pm.gc.ca/en/connect/greetings,https://pm.gc.ca/fr/nous-joindre/felicitations,19725.0,pco-bcp,278.0,Privy Council Office,Bureau du Conseil privé,BYI03,,N,,True,2023-2024_278_SRV02950,0.0,0.0,0.0
1275,2023-2024,2278,National Fine Recovery Program (NFRP),Programme national de recouvrement des amendes (PNRA),The mandate of the National Fine Recovery Program (NFRP) is to enforce sentences by recovering outstanding court-ordered fines levied against individuals and companies convicted under federal statutes.,Le mandat du Programme national de recouvrement des amendes (PNRA) est d’appliquer les peines en recouvrant les amendes impayées imposées par un tribunal à des personnes et des entreprises reconnues coupables en vertu de lois fédérales.,LRP,CLIENT,"CLUSTER, ENTERPRISE, INTERN","INTERN_GOV, PERSON, PTC",'Compliance and Enforcement',"""Observation et contrôle d'application""",OTH,N,,,,,,,"Online Application: There is no application process for this service. Service is triggered when a fine is not paid by the date set by the court.
Issue Resolution and Feedback: The fines are collected and moneys issued to the Receiver General. Therefore, is no interaction with clients as part of this process.","Il n'y a pas de procédure de demande pour ce service. Le service est déclenché lorsqu'une amende n'est pas payée à la date fixée par le tribunal.
Résolution des problèmes et retour d'information : Les amendes sont perçues et les fonds sont remis au Receveur général. Il n'y a donc aucune interaction avec les clients dans le cadre de ce processus.",,,,,,,,,,,,,,,,https://www.ppsc-sppc.gc.ca/eng/fines-amendes/index.html,https://www.ppsc-sppc.gc.ca/fra/amendes-fines/index.html,0.0,ppsc-sppc,248.0,Public Prosecution Service of Canada,Service des poursuites pénales du Canada,BRE01,,N,,True,2023-2024_248_2278,0.0,0.0,0.0
1401,2023-2024,SRV02978,Federal Policing Criminal Operations (FPCO),Opérations Criminelles de la Police Fédérale (OCPF),"Federal Policing Criminal Operations focuses on transnational and serious organized crime, border integrity, cybercrime and financial crime. It is also responsible for sensitive investigations, covert operations, data science, as well as, operational information and support services. Federal Policing Criminal Operations focuses on the most significant organized criminal groups operating within Canada or threatening Canada and Canadians.","Les opérations criminelles de la Police fédérale met l’accent sur la criminalité transnationale grave et organisée, l’intégrité des frontières, la cybercriminalité et la criminalité financière. Ce secteur s’occupe par ailleurs des enquêtes de nature délicate, des opérations secrètes, de la science des données, ainsi que de l’information opérationnelle et des services de soutien. Les opérations criminelles de la Police fédérale cible les principaux groupes criminels organisés qui mènent des activités au Canada ou qui menacent le Canada et les Canadiens.","INFO, PPI, RES",SOCIETY,"ENTERPRISE, EXTERN","INTERN_GOV, NGO, PTC",'Federal Operations Support','Soutien aux opérations fédérales',NON,N,,,,,,,N/A for this program,N/A pour ce programme,,,,,,,,,,,,,,,,Federal Policing | Royal Canadian Mounted Police (rcmp.ca),Police fédérale | Gendarmerie royale du Canada (rcmp.ca),0.0,rcmp-grc,295.0,Royal Canadian Mounted Police,Gendarmerie royale du Canada,BXG06,N/A pour ce programme,N,N/A for this program,True,2023-2024_295_SRV02978,0.0,0.0,0.0
1406,2023-2024,2442,RCMP Operations Coordination Centre (ROCC),Centre de coordination des opérations de la GRC (CCOG),"The RCMP Operations Coordination Centre (ROCC) is a secure integrated command and control centre that centrally monitors, supports and coordinates RCMP divisional, national and international responses to emergencies, national security investigations, law enforcement operations and Major Events. 

The ROCC  is comprised of three distinct components: an external and internal point of contact for all RCMP business lines; a strategic information management center for decision-makers; and a national level emergency operations centre.","Le centre de coordination des opérations de la GCR (CCOG) est un centre de commandement et de contrôle intégré et sécurisé qui surveille, soutient et coordonne de façon centrale les interventions de la GRC à l'échelle divisionnaire, nationale et internationale en cas d'urgence, d'enquêtes sur la sécurité nationale, d'opérations d'application de la loi et d'événements majeurs. Le Centre de coordination des opérations de la GRC (CCOG) est un centre de commandement et de contrôle intégré sécurisé qui surveille, appuie et coordonne de façon centrale les interventions de la GRC à l’échelle divisionnaire, nationale et internationale en cas d’urgence, d’enquêtes sur la sécurité nationale, d’opérations de maintien de l’ordre et d’événements majeurs.",PPI,CLIENT,"EXTERN, INTERN","INTERN_GOV, PERSON, PTC",'Federal Operations Support','Soutien aux opérations fédérales',NON,N,N,,,,,,"The ROCC operates 24/7/365 to monitor and coordinate the RCMP's official response to airborne incidents, major events, natural disasters, incidents involving national security, and other crisis that could affect the safety or wellbeing of Canadians and/or our members. It is an integral part of the Canadian government's emergency response plans, and acts as the principal contact point between the RCMP and its national and international crisis management partners. The Administrative Communication Centre (ACC) is a 24/7 information portal for all RCMP personnel and other agencies who have to communicate with the RCMP via secure means.","Le CCOG fonctionne 24 heures sur 24, 7 jours sur 7 et 365 jours par an pour surveiller et coordonner l'intervention officielle de la GRC en cas d'incidents aériens, d'événements majeurs, de catastrophes naturelles, d'incidents touchant la sécurité nationale et d'autres crises susceptibles d'affecter la sécurité ou le bien-être des Canadiens et/ou de nos membres. Il fait partie intégrante des plans d'intervention d'urgence du gouvernement canadien et constitue le principal point de contact entre la GRC et ses partenaires nationaux et internationaux en matière de gestion de crise. Le Centre de transmission administrative (CTA) est un portail d'information accessible 24 heures sur 24 et 7 jours sur 7 pour tout le personnel de la GRC et les autres organismes qui doivent communiquer avec la GRC par des moyens sécurisés.",,,,,,,,,,,,,,,,,,0.0,rcmp-grc,295.0,Royal Canadian Mounted Police,Gendarmerie royale du Canada,BXG06,,N,,True,2023-2024_295_2442,0.0,0.0,0.0
1440,2023-2024,SRV3735,Federal Policing Security Intelligence,Renseignement de sécurité de la Police Fédérale,Responsible for client service and contract policing agreements in the RCMP.,Responsable du service à la clientèle et des ententes de services de police contractuels à la GRC.,"APIR, INFO, LRP, PPI, RES",CLIENT,"EXTERN, INTERN",PTC,'Federal Operations Support','Soutien aux opérations fédérales',"EML, PERSON, TEL",N,N,N,N,N,N,N,,,,,N,N,ND,ND,ND,ND,ND,ND,ND,ND,ND,,,,,0.0,rcmp-grc,295.0,Royal Canadian Mounted Police,Gendarmerie royale du Canada,BXG06,,N,,True,2023-2024_295_SRV3735,0.0,0.0,0.0
1441,2023-2024,3735,Federal Policing Security Intelligence,Renseignement de sécurité de la Police Fédérale,Responsible for client service and contract policing agreements in the RCMP.,Responsable du service à la clientèle et des ententes de services de police contractuels à la GRC.,"APIR, INFO, LRP, PPI, RES",CLIENT,"EXTERN, INTERN",PTC,'Federal Operations Support','Soutien aux opérations fédérales',"EML, PERSON, TEL",N,N,N,N,N,N,N,,,,,N,N,ND,ND,ND,ND,ND,ND,ND,ND,ND,,,,,0.0,rcmp-grc,295.0,Royal Canadian Mounted Police,Gendarmerie royale du Canada,BXG06,,N,,True,2023-2024_295_3735,0.0,0.0,0.0
1483,2023-2024,1824,Access to Information and Privacy,Demande de d'accès à l'information et aux renseignements personnels,Access to Information and Privacy Requests,Demande d'accès à l'information et aux renseignements personnels,LRP,CLIENT,EXTERN,PERSON,'Management and Oversight Services','Services de gestion et de surveillance',"EML, FAX, POST",N,,,,,,,OCI does not provide online client interaction points.,Le BEC ne fournit pas de points d’interaction client en ligne.,,,N,N,ND,ND,ND,0,ND,31,ND,ND,0,,,https://oci-bec.gc.ca/,https://oci-bec.gc.ca/,31.0,oci-bec,247.0,The Correctional Investigator Canada,L'Enquêteur correctionnel Canada,ISS01,,N,,True,2023-2024_247_1824,0.0,0.0,0.0
1485,2023-2024,1825,Public and Media Enquiries,Demandes du publique et des médias,Public and Media Enquiries,Demande du public et des médias,INFO,CLIENT,EXTERN,PERSON,'Communications Services','Services de communication',"EML, FAX, POST, TEL",N,,,,,,,OCI does not provide online client interaction points.,Le BEC ne fournit pas de points d’interaction client en ligne.,,,N,N,ND,ND,ND,,,ND,ND,ND,ND,,,https://oci-bec.gc.ca,https://oci-bec.gc.ca,0.0,oci-bec,247.0,The Correctional Investigator Canada,L'Enquêteur correctionnel Canada,ISS02,,N,,True,2023-2024_247_1825,0.0,0.0,0.0
1493,2023-2024,30,Access to information and the protection of personal information,Accès à l'information et protection des renseignements personnels,"The Access to Information Act gives Canadian citizens, permanent residents, and any person or corporation present in Canada a right to access records of government institutions that are subject to the Act. The Privacy Act gives Canadian citizens, permanent residents, and individuals present in Canada the right to access their personal information held by government institutions that are subject to the Act, and protects that information against unauthorized collection, use, retention and disclosure","La Loi sur l’accès à l’information accorde aux citoyens canadiens, aux résidents permanents et à toute personne ou société présents au Canada un droit d’accès aux documents des institutions fédérales assujetties à la Loi. La Loi sur la protection des renseignements personnels donne aux citoyens canadiens, aux résidents permanents et aux personnes présentes au Canada le droit d’accéder à leurs renseignements personnels détenus par les institutions gouvernementales assujetties à la Loi, et protège ces renseignements contre la collecte, l’utilisation, la conservation et la divulgation non autorisées.",INFO,CLIENT,EXTERN,PERSON,'Access to information and privacy',"""Accès à l'information et protection des renseignements personnels""","EML, FAX, ONL, PERSON, POST, TEL",N,N,N,N,N,N,N,,,,,N,,ND,ND,184,,ND,ND,ND,ND,0,,,,,0.0,nbc-ccbn,218.0,The National Battlefields Commission,Commission des champs de bataille nationaux,BSJ03,,N,,True,2023-2024_218_30,0.0,0.0,0.0
1536,2023-2024,SRV03477,Access to Information and Privacy,Accès à l'information et protection des renseignements personnels,"The Access to Information Act gives Canadian citizens, permanent residents and any person or corporation present in Canada a right to access records of government institutions that are subject to the Act. The Privacy Act gives all individuals, whether they are within or outside Canada, the right to access their personal information held by federal government institutions that are subject to the Act, and protects that information against unauthorized collection, use, retention and disclosure.","La Loi sur l’accès à l’information accorde aux citoyens canadiens, aux résidents permanents et à toute personne physique ou morale présente au Canada un droit d’accès aux documents des institutions fédérales assujetties à la Loi. La Loi sur la protection des renseignements personnels confère à tout individu, peu importe s’il se trouve au Canada ou à l’étranger, le droit d’accéder à leurs renseignements personnels détenus par des institutions fédérales assujetties à la Loi, et protège ces renseignements contre la collecte, l'utilisation, la conservation et la divulgation non autorisées.",INFO,CLIENT,"ENTERPRISE, EXTERN","INTERN_GOV, PERSON",'Management and Oversight Services','Services de gestion et de surveillance',NON,Y,Y,Y,Y,Y,Y,N,,,2019-2020,2019-2020,N,N,ND,0,832,812,0,28,89,0,ND,,,https://tc.canada.ca/en/how-submit-access-information-act-request-transport-canada,https://tc.canada.ca/fr/comment-presenter-demande-acces-information-transports-canada,929.0,tc,138.0,Transport Canada,Transports Canada,ISSA1,,N,,True,2023-2024_138_SRV03477,0.0,0.0,0.0
1573,2023-2024,SRV03475,Ministerial and Deputy Correspondence,Correspondance ministérielle et du sous-ministre,"The Executive Correspondence Unit provides ministerial correspondence services for the Minister, Deputy Minister and Associate Deputy Minister in their communications with the public, Parliament and the department.","L'Unité de correspondance de la haute direction fournit des services de correspondance ministérielle au ministre, au sous-ministre et au sous-ministre associé dans le cadre de leurs communications avec le public, le Parlement et le Ministère.",APIR,CLIENT,EXTERN,"ECONOM, FOR, NGO, PERSON, PTC",'Communications Services','Services de communication',"EML, POST",N,N,N,N,,,,Hard copies and electronic correspondence are scanned and/or manually entered in the internal tracking system. There is no automatization process for this process. Service standards are set by the Department.,Les copies papier et la correspondance électronique sont numérisées et/ou saisies manuellement dans le système de suivi interne. Il n’y a pas de processus d’automatisation pour ce processus. Les normes de service sont établies par le Ministère.,2005-2006,2005-2006,,,ND,ND,ND,ND,ND,458,6002,ND,ND,Correspondence is received by email and physical mail,,Unavailable,Non disponible,6460.0,tc,138.0,Transport Canada,Transports Canada,ISSA2,,N,,True,2023-2024_138_SRV03475,0.0,0.0,0.0
1615,2023-2024,2019,Directory of Federal Real Property (DFRP),Répertoire des biens immobiliers fédéraux (RBIF),"The Directory of Federal Real Property is a central record of basic information concerning the real property holdings of the Government of Canada. Information held in the directory is used to keep the Government of Canada informed about the scale and major components of its real property inventory. It is also used to provide information to ministers, members of Parliament and the general public concerning federal real property assets within a particular geographic area.","Le Répertoire des biens immobiliers fédéraux est le registre central des biens immobiliers détenus par le gouvernement du Canada. Les renseignements qui y figurent servent à tenir le gouvernement du Canada au courant de l'ampleur et des principales composantes de son portefeuille immobilier. Il informe également les ministres, les parlementaires et le grand public au sujet des biens immobiliers dans un secteur géographique donné.",RES,CLIENT,"ENTERPRISE, EXTERN","INTERN_GOV, PERSON",'Acquired Services and Assets Policies and Initiatives','Politiques et initiatives sur les biens et services acquis',"EML, TEL",N,,Y,Y,N,,N,"The DFRP contains an external website that displays public information and a secure, internal website that is used by federal reporting organizations to manage their data. The secure website requires login credentials and a control has been put in place so that only the official contact of a reporting organization can request an account to be created (account registration and enrollment is submitted by email, not online). Registered users may use the application to manage their data, however, there is no TBS decision point or issuance of an output.","Le DFRP contient un site web externe qui affiche des informations publiques et un site web interne sécurisé qui est utilisé par les organisations fédérales déclarantes pour gérer leurs données. Le site web sécurisé nécessite des identifiants de connexion et un contrôle a été mis en place afin que seul le contact officiel d'un organisme déclarant puisse demander la création d'un compte (l'inscription et l'enregistrement du compte sont soumis par courriel, et non en ligne). Les utilisateurs enregistrés peuvent utiliser l'application pour gérer leurs données, mais il n'y a pas de point de décision du SCT ni d'émission d'un résultat.",2023-2024,2023-2024,,,,,ND,1738,,,,,,,,https://www.tbs-sct.gc.ca/dfrp-rbif/home-accueil-eng.aspx,https://www.tbs-sct.gc.ca/dfrp-rbif/home-accueil-fra.aspx,1738.0,tbs-sct,326.0,Treasury Board of Canada Secretariat,Secrétariat du Conseil du Trésor du Canada,BXB05,,N,,True,2023-2024_326_2019,0.0,0.0,0.0
1616,2023-2024,1348,Treasury Board of Canada Secretariat’s Claims Office,Bureau des réclamations du Secrétariat du Conseil du Trésor du Canada,"Agreements between the Treasury Board and all Bargaining Agents were negotiated to compensate current and former employees who have had, and continue to suffer financial and non-financial impacts as result of the Phoenix Pay System. This service is in place to provide a process for current and former employees to file a claim for damages for the harm caused by pay-issues due to the Phoenix Pay System.",Le Conseil du Trésor et tous les agents négociateurs ont négocié des ententes visant à indemniser les employés actuels et anciens qui ont subi et continuent de subir des répercussions financières et non financières découlant du Système de paye Phénix. Ce service a été mis en place pour permettre aux employés actuels et anciens de déposer une demande de dommages-intérêts pour les préjudices causés par les problèmes de rémunération causés par le système de paye Phénix.,APIR,CLIENT,ENTERPRISE,"INTERN_GOV, PERSON","'Financial Management Policies and Initiatives', 'Employee Relations and Total Compensation'","'Politiques et initiatives liées à la gestion financière', 'Relations avec les employés et de la rémunération globale'","EML, TEL",N,,Y,Y,Y,Y,Y,This service does not use online account registration and enrolment.,Ce service ne nécessite pas d’enregistrement ou d’inscription en ligne.,2023-2024,2023-2024,,,,,ND,414,,90,,,279,"Claims for compensation under the existing process; claims for general damages (Tier 1B); claims for compensation for financial costs and lost investment income (Tier 2) are submitted to the claimant's respective department via the established Departmental Claim Agent (DCA) process.; and, claims for for severe impacts (Tier 3) are submitted via the on-line application portal.","Les demandes d'indemnisation  dans le cadre de la procédure existante; les demandes d'indemnisation des dommages généraux (niveau 1B); les demandes d'indemnisation des coûts financiers et des pertes de revenus d'investissement (niveau 2) sont soumises au département respectif du demandeur par le processus établi avec les agents de réclamations ministériels (ARM); et,  les demandes d'indemnisation pour des impacts graves (niveau 3) sont soumises par le processus du portail en ligne.",https://www.canada.ca/en/treasury-board-secretariat/topics/pay/phoenix-pay-system/phoenix.html<>https://www.canada.ca/en/treasury-board-secretariat/topics/pay/phoenix-pay-system/damages-caused-phoenix-pay-system.html,https://www.canada.ca/fr/secretariat-conseil-tresor/sujets/remuneration/systeme-paye-phenix/phenix.html<>https://www.canada.ca/fr/secretariat-conseil-tresor/sujets/remuneration/systeme-paye-phenix/dommages-causes-systeme-paye-phenix.html,783.0,tbs-sct,326.0,Treasury Board of Canada Secretariat,Secrétariat du Conseil du Trésor du Canada,"BXB01,BXC01",L'application du portail en ligne comporte une étape automatisée de back-office :  La vérification du CIDP et de la date de naissance du fonctionnaire est automatisée par comparaison avec un fichier de données principal obtenu auprès du centre de paye du SPAC afin de vérifier l'identité du réclamant qui dépose une demande de indemnisation.  Les décisions concernant l'éligibilité à recevoir un versement pour une réclamation de dommages-intérêts ne sont pas automatisées car chaque demande est vérifiée au cas par cas par un analyste du Bureau des réclamations.,Y,There is one back-office automated step in the on-line portal application:  Verification of the public servant's PRI and date of birth data is automated against a master data file obtained from the PSPC Pay Centre to verify identity of the claimant filing a claim.  Decisions regarding eligibility to receive payment for a claim for damages is not automated as each claim is verfied on a case-by-case basis by a Claims Office Analyst.,True,2023-2024_326_1348,0.0,0.0,0.0
1617,2023-2024,1349,Open Government Portal -  Access to data and information,Portail gouvernement ouvert – accès à l’information ouverte et données ouvertes.,"Providing access to open data, open information and proactive disclosures to Canadians via open.canada.ca, as well as the ability to request data (suggest a dataset) and information (Access to information summaries). The service also includes an internal facing registry for 150+ Government of Canada institutions to publish information and data.","Fournir accès à l’information ouverte et données ouvertes et la divulgation proactive via ouvert.canada.ca, ainsi qu’offrir la possibilité de faire une demande de données (proposer un jeu de données) et l’information (accès aux sommaires d’accès à l’information). Le service comprend également un registre interne permettant à plus de 150 institutions du gouvernement du Canada de publier des informations et des données.",INFO,CLIENT,"ENTERPRISE, EXTERN","ECONOM, INTERN_GOV, NGO, PERSON, PTC","'Expenditure Data, Analysis, Results, and Reviews', 'Government-wide Funds', 'Financial Management Policies and Initiatives', 'Digital Policy', 'Human Resources Management Services', 'Information Technology Services'","'Données, analyses, résultats et examens des dépenses', 'Fonds pangouvernementaux', 'Politiques et initiatives liées à la gestion financière', 'Politique numérique', 'Services de gestion des ressources humaines', ""Services de la technologie de l'information""","EML, ONL",N,Y,Y,Y,,Y,Y,"The authentication function is only used for internal registry accounts.

This service does not use online application decision functions.","La fonction d'authentification est seulement utilisée pour comptes interne du registre.

Ce service n’utilise pas les fonctions de décision en ligne.",2023-2024,2023-2024,,N,,,3006337,1270076,,,,,,,,https://open.canada.ca,https://ouvert.canada.ca/fr/formulaire/proposez-un-formulaire-densemble-de-donnees,1270076.0,tbs-sct,326.0,Treasury Board of Canada Secretariat,Secrétariat du Conseil du Trésor du Canada,"BXA02,BXA04,BXB01,BXB02,ISS04,ISS07",,N,,True,2023-2024_326_1349,5164772712.0,5151197420.0,5145642941.0
1619,2023-2024,2020,Federal Contaminated Sites Inventory (FCSI),Inventaire des sites contaminés fédéraux (ISCF),"The Federal Contaminated Sites Inventory includes information on all known or suspected federal contaminated sites under the custodianship of departments, agencies and consolidated Crown corporations. It contains basic and annually-updated information for federal contaminated sites, including information such as the location, nature of the contamination, progress in identifying and addressing contamination, and how much liquid and solid-based media have been treated.","L’Inventaire des sites contaminés fédéraux comprend toute l’information concernant les sites contaminés fédéraux connus ou présumés sous la garde des ministères, organismes et sociétés d’État consolidées. Il contient des informations de base et des informations mises à jour annuellement sur les sites contaminés fédéraux, notamment des informations telles que l'emplacement, la nature de la contamination, les progrès réalisés pour identifier et traiter la contamination, ainsi que les quantités de liquide et de contaminant solide qui ont été traités.",RES,CLIENT,"ENTERPRISE, EXTERN","INTERN_GOV, PERSON",'Acquired Services and Assets Policies and Initiatives','Politiques et initiatives sur les biens et services acquis',"EML, TEL",N,,Y,Y,,,N,"The FCSI contains an external website that displays public information and a secure, internal website that is used by federal reporting organizations to manage their data. The secure website requires login credentials and a control has been put in place so that only the official contact of a reporting organization can request an account to be created (account registration and enrollment is submitted by email, not online). Registered users may use the application to manage their data, however, there is no TBS decision point or issuance of an output.","L'ISCF contient un site web externe qui affiche des informations publiques et un site web interne sécurisé qui est utilisé par les organisations fédérales déclarantes pour gérer leurs données. Le site web sécurisé nécessite des identifiants de connexion et un contrôle a été mis en place afin que seul le contact officiel d'un organisme déclarant puisse demander la création d'un compte (l'inscription et l'enregistrement du compte sont soumis par courriel, et non en ligne). Les utilisateurs enregistrés peuvent utiliser l'application pour gérer leurs données, mais il n'y a pas de point de décision du SCT ni d'émission d'un résultat.",2023-2024,2023-2024,,,,,ND,254,,,,,,,,https://www.tbs-sct.gc.ca/fcsi-rscf/home-accueil-eng.aspx,https://www.tbs-sct.gc.ca/fcsi-rscf/home-accueil-fra.aspx,254.0,tbs-sct,326.0,Treasury Board of Canada Secretariat,Secrétariat du Conseil du Trésor du Canada,BXB05,,N,,True,2023-2024_326_2020,0.0,0.0,0.0
1621,2023-2024,2035,GCcollab,GCcollab,"GCcollab is a digital collaboration platform, connecting employees from across the Government of Canada. It allows them to work in the open and to invite the academic, non-profit, and private sectors to collaborate online.","GCcollab est une plateforme de collaboration numérique qui relie les employés à travers le gouvernement du Canada. Elle leur permet de travailler ouvertement et d'inviter les secteurs académique, ;a but non lucratif et privé, à collaborer en ligne.",INFO,CLIENT,"ENTERPRISE, EXTERN","ECONOM, FOR, INTERN_GOV, NGO, PERSON, PTC","'Digital Strategy, Planning, and Oversight', 'Communications Services'","'Stratégie, planification et surveillance du numérique', 'Services de communication'","EML, ONL",N,Y,Y,Y,,,Y,No decision or issuance is made by GCcollab.,Aucune décision ou émission n'est prise par GCcollab.,2022-2023,2022-2023,N,N,,,1563074,481,,,,,,,,http://gccollab.ca,http://gccollab.ca,481.0,tbs-sct,326.0,Treasury Board of Canada Secretariat,Secrétariat du Conseil du Trésor du Canada,"BXB03,ISS02",,N,,True,2023-2024_326_2035,11760060.0,11458504.0,11408813.0
1622,2023-2024,2262,Project Risk and Complexity Assessment (Callipers),L’Évaluation de la complexité et des risques des projets  (Calibrage),A Project Complexity and Risk Assessment (PCRA) must be completed for all Government of Canada projects subject to the Treasury Board Policy on the Planning and Management of Investments as per the PCRA thresholds established in Appendix C of the Treasury Board Directive on the Management of Projects and Programmes. Callipers provides departments and agencies access to this standardized assessment tool.,Un Évaluation de la complexité et des risques des projets (ECRP) doit être effectuée pour tous les projets du gouvernement du Canada relève de la politique sur la planification et la gestion des investissements du Conseil du Trésor conformément aux plafonds de l'ECRP établis à l'annexe C de la Directive sur la gestion de projets et programmes du Conseil du Trésor. Calibrage fournissant aux ministères et organismes gouvernementaux l'accès à cet outil d’évaluation normalisé.,APIR,CLIENT,ENTERPRISE,INTERN_GOV,'Acquired Services and Assets Policies and Initiatives','Politiques et initiatives sur les biens et services acquis',EML,N,Y,Y,Y,Y,,N,Online Account Registration- the registration process for an account in Callipers is done outside of the tool. Requests for access are submitted via email and results in a manual review and creation of tickets to action the request.,Enregistrement de compte en ligne- Le processus d’inscription à un compte dans Callipers se fait en dehors de l’outil et est considéré comme « hors ligne ». Les demandes d’accès sont soumises par e-mail et se traduit par un examen manuel et la création de billets pour répondre à la demande.,2023-2024,2023-2024,,,ND,ND,,242,,,,,,,,https://callipers-calibrage.tbs-sct.gc.ca/Logon-Connexion.aspx?lang=EN,https://callipers-calibrage.tbs-sct.gc.ca/logon-connexion.aspx,242.0,tbs-sct,326.0,Treasury Board of Canada Secretariat,Secrétariat du Conseil du Trésor du Canada,BXB05,,N,,True,2023-2024_326_2262,0.0,0.0,0.0
1623,2023-2024,2230,COVID-19 Tracking System (CTS),Système de suivi pour la COVID-19 (SSC),"Provides the ability for organizations across the GC (92 organizations) to track COVID-19 cases as well as refusals to work and office closures due to COVID-19. 
Allows for the production of bi-weekly reports for the CHRO and updates to Bargaining Agents, as well as make the positive cases available for public consumption.","Donne la capacité aux organisations de tout le GC (92 organisations) de suivre les cas de COVID-19 ainsi que les refus de travailler et les fermetures de bureaux dus à la COVID-19.
Permet de produire des rapports bihebdomadaires pour la DPRH et des mises à jour pour les agents négociateurs, ainsi que de rendre les cas positifs disponibles pour la consommation publique.",INFO,CLIENT,ENTERPRISE,"INTERN_GOV, PERSON","'Employee Relations and Total Compensation', 'People Management Systems and Processes'","'Relations avec les employés et de la rémunération globale', 'Systèmes et processus de gestion des personnes'","EML, OTH",N,Y,Y,Y,,Y,Y,"For application, OHS representatives in each organization are collecting the data from within and entering the data into CTS on the organization's behalf.
For Issuance, we are able to generate reports from the CTS to provide to the CHRO on a bi-weekly basis, as well as provide updates/information to other interested parties.
For Issue Resolution and Feedback, we use JIRA.","Pour l'application, les représentants de la SST de chaque organisation recueillent les données à l'intérieur de l'organisation et les saisissent dans le STC au nom de l'organisation.
Pour la décision, nous avons intégré des règles dans le système pour fournir des erreurs aux utilisateurs.
Pour l'émission, nous sommes en mesure de générer des rapports à partir du CTS afin de les fournir à la DPRH sur une base bihebdomadaire, ainsi que de fournir des mises à jour / informations à d'autres parties intéressées.
Pour la résolution des problèmes et le retour d'information, nous utilisons JIRA.",2023-2024,,,,,,,250000,,,,,ND,Application decommissioned in 2024-25,Application mise hors service en 2024-25,https://portal-portail.tbs-sct.gc.ca/cts-ssc/Home/Index?GoCTemplateCulture=en-CA<>https://canada-preview.adobecqms.net/en/government/publicservice/covid-19/reported-cases-coronavirus-federal-public-service.html,https://portal-portail.tbs-sct.gc.ca/cts-ssc/Home/Index?GoCTemplateCulture=fr-CA<>https://canada-preview.adobecqms.net/fr/gouvernement/fonctionpublique/covid-19/cas-signales-coronavirus-fonction-publique-federale.html,250000.0,tbs-sct,326.0,Treasury Board of Canada Secretariat,Secrétariat du Conseil du Trésor du Canada,"BXC01,BXC06",,N,,True,2023-2024_326_2230,0.0,0.0,0.0
1625,2023-2024,2242,Executive Talent Management,Gestion des talents des cadres supérieurs,Integrates executive performance and talent management. (No longer links directly to performance-based compensation administration for EX.),Intègre la gestion du rendement et des talents des cadres supérieurs. (Il n'y a plus de lien direct avec l'administration de la rémunération basée sur le rendement des cadres supérieurs).,APIR,CLIENT,ENTERPRISE,INTERN_GOV,'Executive and Leadership Development','Perfectionnement des cadres supérieurs et en leadership',"EML, ONL",N,Y,Y,Y,Y,Y,Y,"This service is internal to government. Clients must have a PRI, departmental advisors create each executive user account and executives must update their information online. No monetary payments are required from clients. At any point in time, departmental advisors and program administrators may send an email for questions and requests.","Ce service est interne au gouvernement. Les clients doivent avoir un CIDP, les conseillers ministériels créent chaque compte d'utilisateur pour les cadres et les cadres doivent mettre à jour leurs informations en ligne. Aucun paiement monétaire n'est exigé des clients. À tout moment, les conseillers ministériels et les administrateurs de programme peuvent envoyer un courriel pour les questions et les demandes.",2022-2023,2023-2024,N,,,,,7500,,,,,,,,https://talent.tbs-sct.gc.ca/etms-sgtcs/login-eng.aspx,https://talent.tbs-sct.gc.ca/etms-sgtcs/connexion-fra.aspx,7500.0,tbs-sct,326.0,Treasury Board of Canada Secretariat,Secrétariat du Conseil du Trésor du Canada,BXC05,,N,,True,2023-2024_326_2242,0.0,0.0,0.0
1626,2023-2024,2022,Performance Management for Employees,Gestion du rendement pour les employés,"The Public Service Performance Management (PSPM) application allows managers and employees to complete and update performance agreements. Each performance agreement includes mandatory and optional sections such as personal information, work objectives, competencies, learning and development plan, performance improvement plan, talent management plan, career progression management framework, probation and signatures, assessment and attestation. Most of the information collected through the PSPM application can be accessed via canned reports in the central online reporting system (CORS).","L'application Gestion du rendement de la fonction publique (GRFP) permet aux gestionnaires et aux employés de remplir et de mettre à jour des ententes de rendement. Chaque entente de rendement comprend des sections obligatoires et facultatives telles que les renseignements personnels, les objectifs de travail, les compétences, le plan d'apprentissage et de développement, le plan d'amélioration du rendement, le plan de gestion des talents, le cadre de gestion de l'avancement professionnel, la période de stage et les signatures, l'évaluation et l'attestation. La plupart des informations collectées via l'application GRFP sont accessibles via des rapports prédéfinis dans les services centraux de rapports en ligne (SCREL).",APIR,CLIENT,ENTERPRISE,INTERN_GOV,"'Employee Relations and Total Compensation', 'Workplace Policies and Services', 'People Management Systems and Processes'","'Relations avec les employés et de la rémunération globale', 'Politiques et services en milieu de travail', 'Systèmes et processus de gestion des personnes'","EML, PERSON",N,Y,Y,Y,Y,Y,Y,"This service is internal to government. Clients must have a MyKey and PRI, and must register online. At any point in time, departmental advisors and program administrators may send an email for questions and requests.","Ce service est interne au gouvernement. Les clients doivent avoir une MaClé et un CIDP, et doivent s'inscrire en ligne. À tout moment, les conseillers ministériels et les administrateurs de programmes peuvent envoyer un courriel pour les questions et les demandes.",2022-2023,2023-2024,N,,,,,250000,,,,,,,,https://pspm-grfp.tbs-sct.gc.ca/,https://pspm-grfp.tbs-sct.gc.ca/?lang=fr,250000.0,tbs-sct,326.0,Treasury Board of Canada Secretariat,Secrétariat du Conseil du Trésor du Canada,"BXC01,BXC03,BXC06",,N,,True,2023-2024_326_2022,0.0,0.0,0.0
1627,2023-2024,1350,Classification Program,Programme de classification,"The Office of the Chief Human Resources Officer (OCHRO) is responsible for the Classification Program, including job evaluation and organization of work. It provides advice, guidance and responses to enquiries relative to the Program and its implementation in accordance to relevant Policy Instruments.  These include responsiblities for Learning, Oversight, Qualification Standards, and Occupational Groups for the CPA.","Le Bureau de la dirigeante principale des ressources humaines (BDPRH) est responsable du Programme de classification, y compris l’évaluation des emplois et l’organisation du travail. Il fournit des conseils, une orientation et des réponses aux demandes de renseignements relatives au Programme et à sa mise en œuvre conformément aux instruments de politique pertinents. Il s’agit notamment des responsabilités en matière d’apprentissage, de surveillance, de normes de qualification et de groupes professionnels de la APC.",APIR,CLIENT,ENTERPRISE,"INTERN_GOV, PERSON","'Employee Relations and Total Compensation', 'Human Resources Management Services'","'Relations avec les employés et de la rémunération globale', 'Services de gestion des ressources humaines'","EML, ONL, PERSON, POST, TEL",N,N,Y,N,,N,N,"The following client interaction points are available through email or online: requests for advice and guidance; follow-up questions and actions.

Accreditation certificates are issued to clients via email.","Les points d’interactions avec les clients qui suivent sont accessibles par courriel ou en ligne : demandes d’avis et de conseils, demandes d’accréditation, questions et mesures de suivi.

Les certificats d'accréditation sont émis aux clients via courriel.",2023-2024,2023-2024,,,,,ND,,,,,,,"Service standards relate to response to enquires, not to applications.",Les normes de service concernent les réponses aux demandes de renseignements et non les candidatures.,https://gcxgce.sharepoint.com/teams/10001110/SitePages/Home.aspx,https://gcxgce.sharepoint.com/teams/10001110/SitePages/fr/Accueil.aspx,0.0,tbs-sct,326.0,Treasury Board of Canada Secretariat,Secrétariat du Conseil du Trésor du Canada,"BXC01,ISS04",,N,,True,2023-2024_326_1350,13296915.0,13269329.0,13297569.0
1628,2023-2024,2036,Application Portfolio Management (APM) submission,Soumission du Plan de TI et gestion du portefeuille d'applications (GPA),Provides federal employees ability to submit their Application Portfolio Management information (detailed information about each department's full suite of applications),Fournit aux employés fédéraux la possibilité de soumettre des informations sur la gestion du portefeuille d'applications (informations détaillées sur l'ensemble des applications de chaque ministère),RES,CLIENT,ENTERPRISE,INTERN_GOV,"'Digital Strategy, Planning, and Oversight'","'Stratégie, planification et surveillance du numérique'","EML, ONL",N,N,Y,Y,Y,,Y,"Online Account Registration: The registration process for an account in Clarity is done outside of the tool and considered “offline”. Requests for access are submitted via email, o rGCxchange and results in a manual review and creation of tickets to action the request.","Enregistrement de compte en ligne : Le processus d’inscription à un compte dans Clarity se fait en dehors de l’outil et est considéré comme « hors ligne ». Les demandes d’accès sont soumises par e-mail, ou GCxchange et se traduit par un examen manuel et la création de billets pour répondre à la demande.",2023-2024,2019-2020,,,,0,1720,172,,,,,,"Online application counts estimated as: 4 quarterly submissions (APM Updates) * 43 departments . Website visits equals 10x the online application count. Excludes the interactions with clients via GCTools, in person and via email.","Le nombre de demandes en ligne est estimé à : 4 soumissions trimestrielles (mises à jour GPA) * 43 ministères . Le nombre de visites sur le site web est égal à 10 fois le nombre de demandes en ligne. Exclut les interactions avec les clients via OutilsGC, en personne et par courriel.",https://tbs-clarity.ssc-spc.gc.ca/,https://tbs-clarity.ssc-spc.gc.ca/,172.0,tbs-sct,326.0,Treasury Board of Canada Secretariat,Secrétariat du Conseil du Trésor du Canada,BXB03,,N,,True,2023-2024_326_2036,0.0,0.0,0.0
1629,2023-2024,1297,ATIP Online request platform,Plateforme de demande d’AIPRP en ligne,"This service provides a digital communications platform for Canadians, permanent residents and other persons with a right of access to submit requests under Access to Information Act and the Privacy Act to federal institutions and receive  responses. The service also processes application fees for Access to Information Act requests on behalf of the institution receiving the request.","Ce service fournit une plateforme de communication numérique aux Canadiens, résidents permanents et autres personnes ayant un droit d'accès pour soumettre des demandes en vertu de la Loi sur l'accès à l'information et de la Loi sur la protection des renseignements personnels aux institutions fédérales et recevoir des réponses. Le service traite également les frais de demande pour les demandes en vertu de la Loi sur l'accès à l'information au nom de l'institution qui reçoit la demande.",INFO,CLIENT,"ENTERPRISE, EXTERN","INTERN_GOV, PERSON","'Digital Policy', 'Information Technology Services'","'Politique numérique', ""Services de la technologie de l'information""","EML, ONL",Y,Y,Y,Y,Y,Y,Y,"The decisions made by the service are limited to ensuring that all mandatory fields have been completed and that appropriate fee has been paid. Decisions related to the processing of and response to requests are made as part of institutional ATIP services. 
This service issues receipts for fees collected on behalf of the receiving institution.","Les décisions prises par le service se limitent à s'assurer que tous les champs obligatoires ont été remplis et que les frais appropriés ont été payés. Les décisions relatives au traitement et à la réponse aux demandes sont prises dans le cadre des services institutionnels d'AIPRP.
Ce service livre des reçus pour les frais recueillis de la part des institutions ciblées par la demande.",2023-2024,2023-2024,,,,0,396613,70170,,,,,,,,"https://www.canada.ca/en/treasury-board-secretariat/services/access-information-privacy/access-information/request-information.html

https://atip-aiprp.tbs-sct.gc.ca/en/Home/Welcome","https://www.canada.ca/fr/secretariat-conseil-tresor/services/acces-information-protection-reseignements-personnels/acces-information/presenter-demande.html

https://atip-aiprp.tbs-sct.gc.ca/fr/Accueil/Bienvenue",70170.0,tbs-sct,326.0,Treasury Board of Canada Secretariat,Secrétariat du Conseil du Trésor du Canada,"BXB02,ISS07",,N,,True,2023-2024_326_1297,13588883.0,13170879.0,13006926.0
1631,2023-2024,2239,Expenditure Management Component,Le système de gestion des dépenses,"Expenditure Management Component is a service that stores, organizes and produces financial reports gathered from information across the GC to report on the GC’s expenditure cycle and Fiscal Framework , which includes 4 main reports (Main Estimates, Supplementary Estimates A, B and C) that are tabled in Parliament and published online. The work is supported by the Expenditures Management Component (Hydrae)","Le système de gestion des dépenses est un service qui stocke, organise et produit des rapports financiers provenant de l'information recueillie dans l'ensemble du GC pour rendre compte du cycle des dépenses et du cadre financier du GC, qui comprend quatre grands rapports (budget principal des dépenses et budgets supplémentaires des dépenses A, B et C) qui sont déposés au Parlement et publiés en ligne. Ce travail est effectué avec le soutien de la composante de gestion des dépenses (Hydrae).",RES,CLIENT,"ENTERPRISE, INTERN","INTERN_GOV, PERSON","'Government-wide Funds', 'Financial Management Policies and Initiatives', 'Digital Comptrollership Program', 'Financial Management Services'","'Fonds pangouvernementaux', 'Politiques et initiatives liées à la gestion financière', 'Programme de la fonction de contrôle numérique', 'Services de gestion financière'","EML, PERSON, TEL",N,Y,Y,Y,,,N,In this case 'clients' refers to the internal user within the Expenditures Management Sector who are accessing the system. EMC is not available to anyone outside TBS. Accounts are registered online though IT Security and the authentication is also done online.,"Dans ce contexte, le terme « clients » désigne l'utilisateur interne au sein du Secteur de la gestion de la dépenses qui a accès au système. La CGE n'est accessible à personne qui ne fait pas partie du Secrétariat du Conseil du Trésor. Les comptes sont enregistrés en ligne par la Sécurité des TI et l'authentification se fait également en ligne.",2020-2021,2023-2024,,,,,ND,50,,,,,,,,,,50.0,tbs-sct,326.0,Treasury Board of Canada Secretariat,Secrétariat du Conseil du Trésor du Canada,"BXA04,BXB01,BXB06,ISS05",,N,,True,2023-2024_326_2239,10925676.0,11160801.0,11283723.0
1633,2023-2024,2253,GC Integrated Planning submission,Soumission du Plan Intégrée GC,"Provides federal employees ability to submit their Integrated Plans (Investment Plans, IT Plans and IT Standards Compliance Plans).","Fournit aux employés fédéraux la possibilité de soumettre leurs plans intégrés (plans d'investissement, plans informatiques et plans de conformité aux standards informatiques).",RES,CLIENT,ENTERPRISE,INTERN_GOV,"'Oversight and Treasury Board Support', 'Digital Strategy, Planning, and Oversight', 'Regulatory Policy, Oversight, and Cooperation', 'Management and Oversight Services', 'Information Technology Services', 'Real Property Management Services', 'Materiel Management Services'","'Surveillance et soutien au Conseil du Trésor', 'Stratégie, planification et surveillance du numérique', 'Politique, surveillance et coopération réglementaires', 'Services de gestion et de surveillance', ""Services de la technologie de l'information"", 'Services de gestion des biens immobiliers', 'Services de gestion du matériel'","EML, ONL, PERSON, TEL",N,N,Y,Y,Y,,Y,"Online Account Registration: The registration process for an account in EPM is done outside of the tool and considered “offline”. Requests for access are submitted as an Excel form via email and results in a manual review and creation of tickets to action the request.

Online Decision: The prioritization and achievability scores are calculated within the tool, and the final decision for the CEPP prioritization decision framework is  done directly within the tool.","""Enregistrement du compte en ligne : Le processus d'enregistrement d'un compte dans EPM se fait en dehors de l'outil et est considéré comme """"hors ligne"""". Les demandes d'accès sont soumises sous forme de formulaire Excel par e-mail et donnent lieu à un examen manuel et à la création de tickets pour donner suite à la demande.

Décision en ligne : Les scores de priorisation et de réalisabilité sont calculés dans l'outil, et la décision finale pour le cadre de décision de priorisation de la CEPP est  prise directement dans l'outil.",2021-2022,2023-2024,N,,,,2090,209,,,,,,"Online application counts estimated as: 4 quarterly submissions (IT Investments) * 45 departments + 1 annual update (Investment Plans) * 29 departments. Website visits is 10x applications. Excludes the interactions with clients via GCTools, in person and via email.","Le nombre de demandes en ligne est estimé à 4 soumissions trimestrielles (investissements informatiques) * 45 ministères + 1 mise à jour annuelle (plans d'investissement) * 29 ministères. Les visites du site Web représentent 10 fois les demandes. Ne comprend pas les interactions avec les clients via GCTools, en personne et par courriel.",https://itppm.tbs-sct.gc.ca/pm/#/login,https://itppm.tbs-sct.gc.ca/pm/#/login,209.0,tbs-sct,326.0,Treasury Board of Canada Secretariat,Secrétariat du Conseil du Trésor du Canada,"BXA01,BXB03,BXD01,ISS01,ISS07,ISS08,ISS09",,N,,True,2023-2024_326_2253,79181621.0,76715155.0,75260847.0
1635,2023-2024,SRV03456,Tracker,Suivi,The Tracker Tool helps organizations monitor and benchmark compliance to requirements outlined in Appendix G: Enterprise IT Service Common Configurations of the Policy on Service and Digital. It does this by automatically scanning publicly accessible GC domains for indicators of compliance. This includes tracking compliance to requirements for secure web hosting and email communications.,"L'Outil de suivi aide les organismes à contrôler et à évaluer la conformité aux exigences énoncées à l L'Annexe G : Norme sur les configurations courantes des services de la technologie de l’information intégrée de la Politique sur les services et le numérique. Pour ce faire, il analyse automatiquement les domaines GC accessibles au public pour y trouver des indicateurs de conformité. Il s'agit notamment de vérifier le respect des exigences en matière de sécurité de l'hébergement des sites web et des communications par courriel.",PPI,CLIENT,ENTERPRISE,INTERN_GOV,"'Digital Policy', 'Information Technology Services'","'Politique numérique', ""Services de la technologie de l'information""","EML, ONL, PERSON, TEL",N,Y,Y,Y,Y,,Y,"Registration: Completed online through the Tracker website.
Authentication: Internal GC IT Security officials are authenticated through their registered GC email addresses.
Application: Application is considered as developing and maintaining an organizational domain registry, which is offered online through the Tracker website.
Decision: Decision is considered as the compliance score produced following the development -and modification- of an organizational domain registry, which is automated online through the Tracker website.
Issuance: Issuance is not applicable as there is no tangible output being produced.
Issue Resolution and Feedback: Clients have the ability to seek issue resolution and offer feedback through the Tracker website.","Inscription : Remplir le formulaire en ligne sur le site Web de suivi.
Authentification : Les responsables internes de la sécurité de la TI du GC sont authentifiés au moyen de leur adresse électronique enregistrée du GC.
Application : L’application est considérée comme le développement et le maintien d’un registre de domaine organisationnel, qui est proposé en ligne sur le site Web de suivi.
Décision : La décision est considérée comme la cote de conformité produit à la suite du développement – et de la modification – d’un registre de domaine organisationnel, qui est automatisé en ligne par l’entremise du site Web de suivi.
Émission : L’émission ne s’applique pas, car il n’y a pas de production tangible.
Résolution des problèmes et rétroaction : Les clients ont la possibilité de demander la résolution d’un problème et de faire part de leurs commentaires sur le site Web de suivi.",2022-2023,2023-2024,,,,0,ND,150,,,25,,,Have added action items to the backlog to better manage this data for next year.,Des actions ont été ajoutées à l'arriéré afin de mieux gérer ces données pour l'année prochaine.,https://tracker.canada.ca/,https://suivi.canada.ca/,175.0,tbs-sct,326.0,Treasury Board of Canada Secretariat,Secrétariat du Conseil du Trésor du Canada,"BXB02,ISS07",Tracker fournit des informations sur les niveaux de conformité d'un département avec les exigences de configuration de la gestion des sites et services Web du gouvernement du Canada et la section 1.3 des exigences de configuration des services de gestion des courriels.,Y,Tracker provides information about a departments compliancy levels with the Government of Canada's Web Sites and Services Management Configuration Requirements and section 1.3 of the Email Management Services Configuration Requirements.,True,2023-2024_326_SRV03456,13588883.0,13170879.0,13006926.0
1636,2023-2024,SRV03454,Cyber Maturity Self-Assessment (CMSA),Autoévaluation de la cybermaturité (AECM),"The Cyber Maturity Self-Assessment is a tool and methodology that facilitates all GC institutions in assessing their cyber security maturity against recognized best practices. It is modeled after the National Institute of Standards and Technology (NIST) Cyber Security Framework (CSF) which has been adopted as part of the GC Cyber Security Management Guidelines and supports departments in ensuring that cyber security requirements and appropriate risk-based measures are applied continuously in an effort to identify, protect, detect, respond, and recover approach to protect information systems and services.","L’auto-évaluation de la maturité cybernétique est un outil et une méthodologie qui permettent à toutes les institutions du GC d’évaluer leur maturité en matière de cybersécurité par rapport aux pratiques exemplaires reconnues. Elle s’inspire du cadre de cybersécurité du National Institute of Standards and Technology (NIST), qui a été adopté dans le cadre des lignes directrices de gestion de la cybersécurité du GC. Il aide les ministères à veiller à ce que les exigences en matière de cybersécurité et les mesures appropriées fondées sur les risques soient appliquées en permanence dans le but d’identifier, de protéger, de détecter, de réagir et de récupérer les systèmes et les services d’information.",LRP,CLIENT,ENTERPRISE,INTERN_GOV,"'Digital Policy', 'Information Technology Services'","'Politique numérique', ""Services de la technologie de l'information""","EML, ONL, PERSON, TEL",N,Y,Y,Y,Y,,Y,"Registration: Completed online through the TBS Application Portal (TAPS)
Authentication: Internal GC IT Security officials are authenticated through their MyKey, which is integrated with their HR profile.
Application: Application is considered as starting and completing a cyber maturity self-assessment, which is offered online through TAPS.
Decision: Decision is considered as the maturity score that is produced following completion of the assessment, which is automated online through TAPS.
Issuance: Issuance is not applicable as there is no tangible output being produced.
Issue Resolution and Feedback: Clients have the ability to seek issue resolution and offer feedback through JIRA and TAPS.","Inscription : Complété en ligne sur le portail d’application du SCT.
Authentification : Les responsables internes de la sécurité de la TI du GC sont authentifiés au moyen de leur maClé, qui est intégrée à leur profil RH.
Application : L’application est considérée comme le début et la fin d’une auto-évaluation de la maturité cybernétique, qui est proposée en ligne par l’intermédiaire du portail d’application du SCT.
Décision : La décision est considérée comme la cote de maturité obtenue à l’issue de l’évaluation, qui est automatisée en ligne par l’entremise du système du portail d’application du SCT.
Émission : L’émission ne s’applique pas, car il n’y a pas de production tangible.
Résolution des problèmes et rétroaction : Les clients ont la possibilité de demander la résolution de problèmes et de faire part de leurs commentaires par l’intermédiaire de JIRA et du portail d’application du SCT.",2022-2023,2023-2024,,,,0,ND,80,,,7,,,,,https://portal-portail.tbs-sct.gc.ca/home-eng.aspx,https://portal-portail.tbs-sct.gc.ca/home-fra.aspx,87.0,tbs-sct,326.0,Treasury Board of Canada Secretariat,Secrétariat du Conseil du Trésor du Canada,"BXB02,ISS07","La CMSA fournit aux départements une note d'évaluation de leur maturité dans chacun des domaines fonctionnels de la cybersécurité, à savoir l'identification, la protection, la détection, la réaction et la récupération, afin de protéger les systèmes et les services d'information. Ces notes sont utilisées par les ministères pour déterminer les domaines prioritaires dans lesquels ils peuvent améliorer leur programme de cybersécurité.",Y,"CMSA provides departments with a rated score of their maturity in each of the cyber security functional areas of Identify, Protect, Detect, Respond, and Recover approach to protecting information systems and services. These scores are used by departments to prioritize areas of opportunity to improve their cyber security program.",True,2023-2024_326_SRV03454,13588883.0,13170879.0,13006926.0
1638,2023-2024,3677,Student Experience Survey,Sondage sur l'experience etudiante (SEE),"A comprehensive survey that measures federal government student employees’ opinions about their engagement, leadership, workforce, workplace, workplace well-being, compensation, and diversity and inclusion. The results of the SES are published externally.","Un sondage exhaustif qui mesure les opinions des etudiants fonctionnaires fédéraux concernant leur mobilisation, le leadership, l’effectif, le milieu de travail, le bien-être en milieu de travail, la rémunération, et la diversité et inclusion. Les résultats du SEE sont publiés à l'externe.",INFO,CLIENT,"ENTERPRISE, EXTERN","INTERN_GOV, PERSON","'People Management Systems and Processes', 'Human Resources Management Services'","'Systèmes et processus de gestion des personnes', 'Services de gestion des ressources humaines'","EML, ONL, PERSON, TEL",N,Y,Y,Y,,,Y,"Account registration/enrolment  - applies to the Employee Survey Portal (ESP). The ESP allows authorized users to efficiently share datasets and other documents throughout the cycle of the SES.

Application - considered as a completed electronic survey.
Resolution - service provider and TBS-OCHRO respond to questions and receive feedback.
There are no Decision or Issuance client interaction points for the PSES.","Enregistrement de compte / inscription - applique au Portail sondage auprès des employés (PSE). Le PSE permet aux utilisateurs autorisés de partager efficacement des ensembles de données et d'autres documents tout au long du cycle du SEE.

Application - considéré comme un sondage électronique terminé.
Résolution - fournisseur de services et TBS-BDPRH répondre aux questions et reçoivent des commentaires.
Il n'y a pas de points d'interaction client décision ou émission pour le SAFF.",2022-2023,2022-2023,,,,,5367,0,,,,,,,,Student Experience Survey - Canada.ca,Sondage sur l’expérience étudiante - Canada.ca,0.0,tbs-sct,326.0,Treasury Board of Canada Secretariat,Secrétariat du Conseil du Trésor du Canada,"BXC06,ISS04",,N,,True,2023-2024_326_3677,13296915.0,13269329.0,13297569.0
1641,2023-2024,3674,Job Classification Data,Données sur la classification des emplois,"The Position and Classification Information System Plus (PCIS+) application has been specifically designed by the Treasury Board of Canada Secretariat (TBS) to assist departments and agencies—hereinafter referred to as organizations―subject to the Financial Administration Act Schedules I and IV, in providing access to: 1. Classification data provided by organizations’ human resources (HR) systems and saved in the Position Master Database (PMD) to allow for sharing across organizations to assist in the maintenance of relativity of positions across the core public administration (CPA); 2. The Job Description Repository and ensuring the uniform application of classification standards and the National Occupational Classification (NOC); and 3. The PCIS+ Conversion Tool that allows organizations to re-evaluate jobs and positions that will be converted to a new or revised occupational group using a job evaluation standard provided by TBS. It will also enable users to generate an export of conversion data by organization for importing back into their existing HR systems in preparation for conversion.","L’application du Système d’information sur les postes et la classification – Plus (SIPC+) a été spécialement conçue par le Secrétariat du Conseil du Trésor du Canada (SCT) dans le but d’aider les ministères et les organismes – ci après les organisations – assujettis aux annexes I et IV de la Loi sur la gestion des finances publiques pour permettre l’accès à ce qui suit :  1. les données de la classification fournies par les systèmes des ressources humaines (RH) et enregistrées dans la base de données principale des postes, afin de pouvoir les partager avec l’ensemble des organisations, en vue de maintenir la relativité des postes au sein de l’administration publique centrale (APC); 2. le répertoire de descriptions d’emploi permettant d’assurer l’application uniforme des normes de classification et de la Classification nationale des professions (CNP); 3. l’outil de conversion SIPC+ qui permet aux organisations de réévaluer les emplois et les postes qui seront convertis en un nouveau groupe professionnel ou en un groupe professionnel révisé au moyen d’une nouvelle norme d’évaluation des postes. De plus, cela permettra aux utilisateurs de générer une exportation des données de conversion de l’organisation aux fins d’une nouvelle importation dans leurs systèmes de RH en vue de préparer la conversion.",RES,CLIENT,ENTERPRISE,INTERN_GOV,"'Employee Relations and Total Compensation', 'People Management Systems and Processes'","'Relations avec les employés et de la rémunération globale', 'Systèmes et processus de gestion des personnes'",EML,N,Y,Y,Y,Y,Y,Y,"This service is internal to government. Clients must have a MyKey and PRI, and must register online. At any point in time, departmental advisors and program administrators may send an email for questions and requests.","Ce service est interne au gouvernement. Les clients doivent avoir une MaClé et un CIDP, et doivent s'inscrire en ligne. À tout moment, les conseillers ministériels et les administrateurs de programmes peuvent envoyer un courriel pour les questions et les demandes.",2023-2024,2023-2024,N,,,,ND,,,,426,,,"No Service Review, service improvemements or Business Impact Assessment as this is first year","Pas d'examen des services, d'amélioration des services ou d'évaluation de l'impact sur les entreprises, puisqu'il s'agit de la première année.",https://pcis-sipc.tbs-sct.gc.ca/,https://pcis-sipc.tbs-sct.gc.ca/,426.0,tbs-sct,326.0,Treasury Board of Canada Secretariat,Secrétariat du Conseil du Trésor du Canada,"BXC01,BXC06",,N,,True,2023-2024_326_3674,0.0,0.0,0.0
1643,2023-2024,SRV03455,GC Digital Talent,Talents numériques du GC,GC Digital Talent is a platform that connects digital talent (internal and external) with managers in the GC digital community.,Talents numériques du GC est une plateforme qui met en relation les talents numériques (internes et externes) avec les gestionnaires de la collectivité numérique de GC.,RES,CLIENT,"ENTERPRISE, EXTERN","INTERN_GOV, PERSON","'Digital Strategy, Planning, and Oversight'","'Stratégie, planification et surveillance du numérique'","EML, ONL",N,Y,Y,Y,Y,,Y,,,2020-2021,2023-2024,,,,,ND,17367,,,,,,,,talent.canada.ca/en,talent.canada.ca/fr,17367.0,tbs-sct,326.0,Treasury Board of Canada Secretariat,Secrétariat du Conseil du Trésor du Canada,BXB03,,N,,True,2023-2024_326_SRV03455,0.0,0.0,0.0
1645,2023-2024,SRV03453,Public Service Employee Survey (PSES),Sondage auprès des fonctionnaires fédéraux (SAFF),"A comprehensive survey that measures federal government employees’ opinions about their engagement, leadership, workforce, workplace, workplace well-being, compensation, and diversity and inclusion. The results of the PSES are published externally.","Un sondage exhaustif qui mesure les opinions des fonctionnaires fédéraux concernant leur mobilisation, le leadership, l’effectif, le milieu de travail, le bien-être en milieu de travail, la rémunération, et la diversité et inclusion. Les résultats du SAFF sont publiés à l'externe.",INFO,CLIENT,"ENTERPRISE, EXTERN","INTERN_GOV, PERSON","'People Management Systems and Processes', 'Human Resources Management Services'","'Systèmes et processus de gestion des personnes', 'Services de gestion des ressources humaines'","EML, ONL, PERSON, TEL",N,Y,Y,Y,,,Y,"Account registration/enrolment  - applies to the Employee Survey Portal (ESP). The ESP allows authorized users to efficiently share datasets and other documents throughout the cycle of the PSES.
Authentication -  TBS provides the domain names from which employees can complete the electronic survey.  The service provider who administers the PSES on behalf of TBS-OCHRO also has a process in place by which they can authenticate employees as needed.
Application - considered as a completed electronic survey.
Resolution - service provider and TBS-OCHRO respond to questions and receive feedback.
There are no Decision or Issuance client interaction points for the PSES.","Enregistrement de compte / inscription - applique au Portail sondage auprès des employés (PSE). Le PSE permet aux utilisateurs autorisés de partager efficacement des ensembles de données et d'autres documents tout au long du cycle du SAFF.
Authentification - SCT fournit les noms de domaine à partir duquel les employés peuvent compléter le sondage électronique. Le fournisseur de services qui administre le SAFF au nom du BDPRH-SCT a également mis en place un processus lui permettant d'authentifier les employés au besoin.
Application - considéré comme un sondage électronique terminé.
Résolution - fournisseur de services et TBS-BDPRH répondre aux questions et reçoivent des commentaires.
Il n'y a pas de points d'interaction client décision ou émission pour le SAFF.",2022-2023,2022-2023,,,ND,ND,100671,0,,,,,,"Service standards relate to availability online, not applications","Service standards relate to availability online, not applications",https://www.canada.ca/en/treasury-board-secretariat/services/innovation/public-service-employee-survey.html,https://www.canada.ca/fr/secretariat-conseil-tresor/services/innovation/sondage-fonctionnaires-federaux.html,0.0,tbs-sct,326.0,Treasury Board of Canada Secretariat,Secrétariat du Conseil du Trésor du Canada,"BXC06,ISS04",,N,,True,2023-2024_326_SRV03453,13296915.0,13269329.0,13297569.0
1647,2023-2024,2005,Additional Pain and Suffering Compensation,Indemnité supplémentaire pour douleur et souffrance,A non-taxable monthly benefit to recognize and compensate Veterans for the non-economic loss associated with service-related permanent and severe impairments that cause a barrier in life after service.,Une indemnité mensuelle non imposable qui offre une reconnaissance et une compensation aux vétérans pour les pertes non économiques associées aux déficiences permanentes et graves liées au service causant une entrave à leur réinsertion dans la vie après le service.,RES,CLIENT,EXTERN,PERSON,"'Disability Awards, Critical Injury and Death Benefits', 'Disability Benefits'","""Indemnités d'invalidité, avantages pour blessure grave et de décès"", ""Prestations d'invalidité""","EML, FAX, ONL, PERSON, POST, TEL",N,Y,Y,Y,Y,Y,Y,,,2023-2024,2023-2024,N,,6826,,47909,2000,,5711,,,4548,"Regarding website visits, there was a data loss for the first quarter of the year. So all values are an estimate based on Q1 accounting for approximately 20% of web traffic in past years. It’s not perfect but it’s been the standard for all our 2023-2024 year end reporting. 

The number of ""Mail"" applications includes applications received by mail and in person.

The category ‘submitted via other channels’ includes applications where the code was not entered and those where the waiver was used.","En ce qui concerne les visites de sites web, il y a eu une perte de données pour le premier trimestre de l'année. Toutes les valeurs sont donc des estimations basées sur le fait que le premier trimestre représentait environ 20 % du trafic web les années précédentes. Ce n'est pas parfait, mais c'est la norme pour tous nos rapports de fin d'année 2023-2024.

Le nombre de demandes par « courrier » comprend les demandes reçues par la poste et en personne.

La catégorie « demandes présentées par l’entremise d’autres canaux » comprend des demandes où le code est manquant et d’autres où une dispense a été utilisée.",https://www.veterans.gc.ca/eng/financial-support/compensation-illness-injury/additional-pain-suffering,https://www.veterans.gc.ca/fra/financial-support/compensation-illness-injury/additional-pain-suffering,12259.0,vac-acc,139.0,Veterans Affairs Canada,Anciens Combattants Canada,"BWI02,BWI16",,N,,True,2023-2024_139_2005,3043430988.0,2812490436.0,2428588409.0
1648,2023-2024,1264,Attendance Allowance,Allocation pour soins,"Monthly allowance for those in receipt of at least 1% Disability Pension and who are totally disabled and require a caregiver to assist in day-to-day life. The amount is based on the level of care needed, from occasional to full-time supervision and care, where the need is not already being met by another program.","Allocation mensuelle pour les vétérans atteints d’une invalidité totale qui reçoivent une pension d’invalidité d’au moins 1 % et qui ont besoin d'un aidant pour les aider dans les activités de la vie quotidienne. Le montant varie selon le niveau de soins requis, allant des soins occasionnels à la supervision et aux soins constants, lorsque les besoins ne sont pas déjà comblés dans le cadre d’un autre programme.",RES,CLIENT,EXTERN,PERSON,"'Disability Pension Benefits and Allowances', 'Disability Benefits'","""Avantages et allocations pour pensions d'invalidité"", ""Prestations d'invalidité""","EML, FAX, ONL, PERSON, POST, TEL",N,Y,Y,Y,Y,Y,Y,,,2023-2024,2022-2023,N,,,,6655,9,,4,,,2992,"Regarding website visits, there was a data loss for the first quarter of the year. So all values are an estimate based on Q1 accounting for approximately 20% of web traffic in past years. It’s not perfect but it’s been the standard for all our 2023-2024 year end reporting. 

The number of ""Other"" applications could include applications received by various channels because a breakdown by channel is not available for all received applications.

Number of calls received are recorded together for three allowance: Exceptional Incapacity Allowance, Clothing Allowance and Attendance Allowance. The total of calls for all three is 1,739.","En ce qui concerne les visites de sites web, il y a eu une perte de données pour le premier trimestre de l'année. Toutes les valeurs sont donc des estimations basées sur le fait que le premier trimestre représentait environ 20 % du trafic web les années précédentes. Ce n'est pas parfait, mais c'est la norme pour tous nos rapports de fin d'année 2023-2024.

Le nombre de demandes « autres » pourrait inclure les demandes reçues par divers canaux, car une ventilation par canal n’est pas disponible pour toutes les demandes reçues.

Le nombre d’appels reçus est enregistré ensemble pour trois types d’allocations : l’allocation d’incapacité exceptionnelle, l’allocation vestimentaire et l’allocation pour soins. Le nombre total d’appels pour les trois est de 1739.",https://www.veterans.gc.ca/eng/financial-support/compensation-illness-injury/attendance-allowance,https://www.veterans.gc.ca/fra/financial-support/compensation-illness-injury/attendance-allowance,3005.0,vac-acc,139.0,Veterans Affairs Canada,Anciens Combattants Canada,"BWI01,BWI16",,N,,True,2023-2024_139_1264,3043430988.0,2812490436.0,2428588409.0
1653,2023-2024,SRV03063,Clothing Allowance,Allocation vestimentaire,Monthly allowance for Veterans or members that are in receipt of a disability benefit for a disability that causes wear and tear or soiling of clothing or requires custom-made clothing.,Allocation mensuelle pour les vétérans qui reçoivent des prestations d’invalidité pour une invalidité causant l’usure ou la souillure des vêtements ou nécessitant le port de vêtements de confection spéciale.,RES,CLIENT,EXTERN,PERSON,"'Disability Pension Benefits and Allowances', 'Disability Awards, Critical Injury and Death Benefits'","""Avantages et allocations pour pensions d'invalidité"", ""Indemnités d'invalidité, avantages pour blessure grave et de décès""","EML, FAX, ONL, PERSON, POST, TEL",N,Y,Y,Y,Y,Y,Y,,,2023-2024,2022-2023,N,,,,3059,6,,5,,,2430,"Regarding website visits, there was a data loss for the first quarter of the year. So all values are an estimate based on Q1 accounting for approximately 20% of web traffic in past years. It’s not perfect but it’s been the standard for all our 2023-2024 year end reporting. 

The number of ""Other"" applications could include applications received by various channels because a breakdown by channel is not available for all received applications. 

Number of calls received are recorded together for three allowance: Exceptional Incapacity Allowance, Clothing Allowance and Attendance Allowance. The total of calls for all three is 1,739.","En ce qui concerne les visites de sites web, il y a eu une perte de données pour le premier trimestre de l'année. Toutes les valeurs sont donc des estimations basées sur le fait que le premier trimestre représentait environ 20 % du trafic web les années précédentes. Ce n'est pas parfait, mais c'est la norme pour tous nos rapports de fin d'année 2023-2024.

Le nombre de demandes « autres » pourrait inclure les demandes reçues par divers canaux, car une ventilation par canal n’est pas disponible pour toutes les demandes reçues.

Le nombre d’appels reçus est enregistré ensemble pour trois types d’allocations : l’allocation d’incapacité exceptionnelle, l’allocation vestimentaire et l’allocation pour soins. Le nombre total d’appels pour les trois est de 1739.",https://www.veterans.gc.ca/eng/health-support/physical-health-and-wellness/compensation-illness-injury/clothing-allowance,https://www.veterans.gc.ca/fra/health-support/physical-health-and-wellness/compensation-illness-injury/clothing-allowance,2441.0,vac-acc,139.0,Veterans Affairs Canada,Anciens Combattants Canada,"BWI01,BWI02",,N,,True,2023-2024_139_SRV03063,0.0,0.0,0.0
1655,2023-2024,1325,Critical Injury Benefit,Indemnité pour blessure grave,Tax-free lump-sum award to recognize the immediate impacts of the most severe and traumatic service-related injuries or diseases sustained by Canadian Armed Forces members and Veterans.,Indemnité forfaitaire non imposable visant à reconnaître les répercussions immédiates des maladies ou des blessures traumatiques les plus graves liées au service dont sont atteints ou qu’ont subies des membres et les vétérans des Forces armées canadiennes.,RES,CLIENT,EXTERN,PERSON,"'Disability Awards, Critical Injury and Death Benefits', 'Disability Benefits'","""Indemnités d'invalidité, avantages pour blessure grave et de décès"", ""Prestations d'invalidité""","EML, FAX, ONL, PERSON, POST, TEL",N,Y,Y,Y,Y,Y,Y,,,2023-2024,2023-2024,N,,,,10026,491,,33,,,227,"Regarding website visits, there was a data loss for the first quarter of the year. So all values are an estimate based on Q1 accounting for approximately 20% of web traffic in past years. It’s not perfect but it’s been the standard for all our 2023-2024 year end reporting. 

The number of ""Other"" applications could include applications received by various channels because a breakdown by channel is not available for all received applications.","En ce qui concerne les visites de sites web, il y a eu une perte de données pour le premier trimestre de l'année. Toutes les valeurs sont donc des estimations basées sur le fait que le premier trimestre représentait environ 20 % du trafic web les années précédentes. Ce n'est pas parfait, mais c'est la norme pour tous nos rapports de fin d'année 2023-2024.

Le nombre de demandes « autres » pourrait inclure les demandes reçues par divers canaux, car une ventilation par canal n’est pas disponible pour toutes les demandes reçues.",https://www.veterans.gc.ca/eng/financial-support/compensation-illness-injury/critical-injury-benefit,https://www.veterans.gc.ca/fra/financial-support/compensation-illness-injury/critical-injury-benefit,751.0,vac-acc,139.0,Veterans Affairs Canada,Anciens Combattants Canada,"BWI02,BWI16",,N,,True,2023-2024_139_1325,3043430988.0,2812490436.0,2428588409.0
1656,2023-2024,1257,Disability Pension and Pain and Suffering Compensation,Pension d'invalidité et indemnité pour douleur et souffrance,Financial compensation in recognition for the impact a service-related disability can have on one’s life.,Compensation financière en reconnaissance des répercussions qu’une invalidité liée au service peut avoir sur la vie d’une personne.,RES,CLIENT,EXTERN,PERSON,"'Disability Pension Benefits and Allowances', 'Disability Awards, Critical Injury and Death Benefits', 'Disability Benefits'","""Avantages et allocations pour pensions d'invalidité"", ""Indemnités d'invalidité, avantages pour blessure grave et de décès"", ""Prestations d'invalidité""","EML, FAX, ONL, PERSON, POST, TEL",N,Y,Y,Y,Y,Y,Y,,,2023-2024,2023-2024,N,,177855,,79781,44112,,20293,,,15851,"Regarding website visits, there was a data loss for the first quarter of the year. So all values are an estimate based on Q1 accounting for approximately 20% of web traffic in past years. It’s not perfect but it’s been the standard for all our 2023-2024 year end reporting. 

The number of ""Mail"" applications includes applications received by mail and in person.                                                                                              

The number of ""Other"" applications could include applications received by various channels because a breakdown by channel is not available for all received applications.","En ce qui concerne les visites de sites web, il y a eu une perte de données pour le premier trimestre de l'année. Toutes les valeurs sont donc des estimations basées sur le fait que le premier trimestre représentait environ 20 % du trafic web les années précédentes. Ce n'est pas parfait, mais c'est la norme pour tous nos rapports de fin d'année 2023-2024.

Le nombre de demandes par « courrier » comprend les demandes reçues par la poste et en personne.

Le nombre de demandes « autres » pourrait inclure les demandes reçues par divers canaux, car une ventilation par canal n’est pas disponible pour toutes les demandes reçues.",https://www.veterans.gc.ca/eng/health-support/physical-health-and-wellness/compensation-illness-injury/disability-benefits,https://www.veterans.gc.ca/fra/health-support/physical-health-and-wellness/compensation-illness-injury/disability-benefits,80256.0,vac-acc,139.0,Veterans Affairs Canada,Anciens Combattants Canada,"BWI01,BWI02,BWI16",,N,,True,2023-2024_139_1257,3043430988.0,2812490436.0,2428588409.0
1657,2023-2024,1272,Educational Assistance for Children,Aide à l'éducation pour les enfants,Post-secondary education assistance available to children of Canadian Armed Forces Members and Veterans who die or died either as a result of military service or who die or died with a disability benefit assessed at 48% or greater at the time of death.,Aide à l’éducation postsecondaire accordée aux enfants des membres des Forces armées canadiennes et des vétérans qui meurent ou qui sont morts par suite de leur service militaire ou qui touchaient une pension ou une indemnité d’invalidité évaluée à 48 % ou plus au moment de leur décès.,RES,CLIENT,EXTERN,PERSON,"'Disability Pension Benefits and Allowances', 'Disability Awards, Critical Injury and Death Benefits', 'Disability Benefits'","""Avantages et allocations pour pensions d'invalidité"", ""Indemnités d'invalidité, avantages pour blessure grave et de décès"", ""Prestations d'invalidité""","EML, FAX, ONL, PERSON, POST, TEL",N,Y,Y,N,N,Y,Y,,,2023-2024,2021-2022,N,,135,,3216,64,,124,,,,"Regarding website visits, there was a data loss for the first quarter of the year. So all values are an estimate based on Q1 accounting for approximately 20% of web traffic in past years. It’s not perfect but it’s been the standard for all our 2023-2024 year end reporting. 

The number of ""Mail"" applications includes applications received by mail and in person.","En ce qui concerne les visites de sites web, il y a eu une perte de données pour le premier trimestre de l'année. Toutes les valeurs sont donc des estimations basées sur le fait que le premier trimestre représentait environ 20 % du trafic web les années précédentes. Ce n'est pas parfait, mais c'est la norme pour tous nos rapports de fin d'année 2023-2024.

Le nombre de demandes par « courrier » comprend les demandes reçues par la poste et en personne.",https://www.veterans.gc.ca/eng/education-and-jobs/back-to-school/educational-assistance-children,https://www.veterans.gc.ca/fra/education-and-jobs/back-to-school/educational-assistance-children,188.0,vac-acc,139.0,Veterans Affairs Canada,Anciens Combattants Canada,"BWI01,BWI02,BWI16",,N,,True,2023-2024_139_1272,3043430988.0,2812490436.0,2428588409.0
1659,2023-2024,1262,Exceptional Incapacity Allowance,Allocation d'incapacité exceptionnelle,Tax-free monthly payment for those receiving a disability pension and who have an exceptional incapacity that is related to the condition or conditions for which they receive a disability benefit.,Allocation mensuelle non imposable versée aux personnes qui reçoivent une pension d’invalidité et qui ont une incapacité exceptionnelle liée aux affections pour lesquelles elles reçoivent une prestation d’invalidité.,RES,CLIENT,EXTERN,PERSON,"'Disability Pension Benefits and Allowances', 'Disability Benefits'","""Avantages et allocations pour pensions d'invalidité"", ""Prestations d'invalidité""","EML, FAX, ONL, PERSON, POST, TEL",N,Y,Y,Y,Y,Y,Y,,,2023-2024,2023-2024,N,,,,14278,357,,227,,,935,"Regarding website visits, there was a data loss for the first quarter of the year. So all values are an estimate based on Q1 accounting for approximately 20% of web traffic in past years. It’s not perfect but it’s been the standard for all our 2023-2024 year end reporting. 

The number of ""Other"" applications could include applications received by various channels because a breakdown by channel is not available for all received applications. 

Number of calls received are recorded together for three allowance: Exceptional Incapacity Allowance, Clothing Allowance and Attendance Allowance. The total of calls for all three is 1,739.","En ce qui concerne les visites de sites web, il y a eu une perte de données pour le premier trimestre de l'année. Toutes les valeurs sont donc des estimations basées sur le fait que le premier trimestre représentait environ 20 % du trafic web les années précédentes. Ce n'est pas parfait, mais c'est la norme pour tous nos rapports de fin d'année 2023-2024.

Le nombre de demandes « autres » pourrait inclure les demandes reçues par divers canaux, car une ventilation par canal n’est pas disponible pour toutes les demandes reçues.

Le nombre d’appels reçus est enregistré ensemble pour trois types d’allocations : l’allocation d’incapacité exceptionnelle, l’allocation vestimentaire et l’allocation pour soins. Le nombre total d’appels pour les trois est de 1739.",https://www.veterans.gc.ca/eng/health-support/physical-health-and-wellness/compensation-illness-injury/exceptional-incapacity-allowance,https://www.veterans.gc.ca/fra/health-support/physical-health-and-wellness/compensation-illness-injury/exceptional-incapacity-allowance,1519.0,vac-acc,139.0,Veterans Affairs Canada,Anciens Combattants Canada,"BWI01,BWI16",,N,,True,2023-2024_139_1262,3043430988.0,2812490436.0,2428588409.0
1671,2023-2024,1263,Treatment Allowance,Allocation de traitement,Payments made to eligible pensioners and members in respect of a period of acute care for a pensioned condition provided in a hospital or on an out-patient basis.,Allocation accordée aux vétérans pensionnés et aux membres admissibles durant une période pendant laquelle des soins actifs à l’égard d’une affection indemnisée leur sont fournis dans un hôpital ou à titre de patients externes.,RES,CLIENT,EXTERN,PERSON,"'Disability Pension Benefits and Allowances', 'Disability Benefits'","""Avantages et allocations pour pensions d'invalidité"", ""Prestations d'invalidité""","EML, FAX, ONL, PERSON, POST, TEL",N,Y,Y,N,N,Y,Y,"Treatment Allowance does not have an application as it is simply a top-up of a Disability Pension in respect of a period of acute care for a pensioned condition provided in a hospital or on an out-patient basis. Veterans cannot apply for a Treatment Allowance through MVA or receive a decision through the system, but they can use the secure message feature to provide feedback or to seek resolution to an issue related to the allowance.","L’allocation de traitement ne comporte pas de processus de demande puisqu’il s’agit simplement d’un supplément à une pension d’invalidité lors d’une période de soins impératifs liée à une affection ouvrant droit à pension, dans un hôpital ou en consultation externe. Les vétérans ne peuvent pas demander une allocation de traitement dans Mon dossier ACC ou recevoir une décision par l’intermédiaire du système, mais ils peuvent utiliser la fonction de message sécurisé pour fournir des commentaires ou tenter de résoudre un problème lié à l’allocation.",2023-2024,,N,,,,,,,,,,,"Processed outside the system - therefore, application numbers are not available. However, we can confirm that 72 payments for Treatment Allowance were made.

Regarding the number of website visits, the analytics will not produce exact numbers for views less than 100.","Demandes traitées en dehors du système : les numéros de demande ne sont par conséquent pas disponibles. Nous pouvons toutefois confirmer que 72 paiements d’allocation de traitement ont été effectués.

En ce qui concerne le nombre de visites sur le site web, l'analyse ne produira pas de chiffres exacts pour les visites inférieures à 100",https://www.veterans.gc.ca/en/about-vac/reports-policies-and-legislation/policies/treatment-allowances,https://www.veterans.gc.ca/fr/propos-dacc/rapports-politiques-et-legislation/politiques/allocations-de-traitement,0.0,vac-acc,139.0,Veterans Affairs Canada,Anciens Combattants Canada,"BWI01,BWI16",,N,,True,2023-2024_139_1263,3043430988.0,2812490436.0,2428588409.0
1672,2023-2024,1286,Veteran and Family Well-being Fund,Fonds pour le bien-être des vêtêrans et de leur famille,"The Veteran and Family Well-being Fund provides grants and contributions to private, public or academic organizations to conduct research and implement initiatives and projects that support the well-being of Veterans and their families.","Le Fonds pour le bien-être des vétérans et de leur famille accorde des subventions et des contributions à des organismes privés, publics ou universitaires pour mener des recherches et mettre en œuvre des initiatives et des projets qui favorisent le bien-être des vétérans et de leur famille.",GNC,CLIENT,EXTERN,"ECONOM, NGO",'Veteran and Family Well Being Fund','Fonds pour le bien être des vétérans et de leur famille',EML,N,,,Y,N,,,"Account registration - this is a G&C program for organizations; this does not apply to individuals and there are no other interaction points apart from a one-time application for funding. 
Authentication - this is not a service for individual clients therefore authenticating their identity is not application.
Issuance - Some applicants may receive funding as a result of this program, but funding agreements are required.
Issue Resolution and Feedback - received through email to the Department.","Enregistrement du compte – il s’agit d’un programme de S et C pour les organisations. Il ne s’applique pas aux particuliers et il n’y a pas d’autres points d’interaction en dehors d’une demande unique de financement. 
Authentification – il ne s’agit pas d’un service destiné à des clients individuels; l’authentification de leur identité n’est donc pas applicable.
Émission – Certains demandeurs peuvent recevoir un financement dans le cadre de ce programme, mais des ententes de financement sont nécessaires.
Résolution des problèmes et rétroaction – reçue par courrier électronique au Ministère.",2022-2023,2022-2023,N,N,,,22795,,,,,,,"The Veteran and Family Well-being Fund did not issue a call for application in 2023-2024; therefore, no applications were submitted.","Le Fonds pour le bien-être des vétérans et de leur famille n’a pas lancé d’appel à demandes en 2023-2024; par conséquent, aucune demande n’a été soumise.",https://www.veterans.gc.ca/eng/about-vac/research/well-being-fund,https://www.veterans.gc.ca/fra/about-vac/research/well-being-fund,0.0,vac-acc,139.0,Veterans Affairs Canada,Anciens Combattants Canada,BWI15,s/o,N,,True,2023-2024_139_1286,0.0,0.0,0.0
