id,eternal,year,program__id,program__eternal,program__activity_code,program__name_en,program__name_fr,cr__id,cr__eternal,cr__cr_code,department__id,department__eternal,department__tbs_dept_code,department__name_en,department__name_fr,planned_spending_1,planned_spending_1_rev,planned_spending_1_special,planned_spending_2,planned_spending_2_rev,planned_spending_2_special,planned_spending_3,planned_spending_3_rev,planned_spending_3_special,actual_spending,planned_FTE_1,planned_FTE_2,planned_FTE_3,actual_FTE,document__document,document__year,program__is_midyear
30204,9289,2024,5414,249,BXT01,Company Performance,Rendement des sociétés,1072,209,BXT00,573,221,NEB,Canadian Energy Regulator,Régie canadienne de l’énergie,12881630,,,12315462,,,12218141,,,,70.8,68.8,68.8,,dp_resources,2024,0
30205,9290,2024,5415,834,BXT02,Management System and Industry Performance,Système de gestion et rendement du secteur,1072,209,BXT00,573,221,NEB,Canadian Energy Regulator,Régie canadienne de l’énergie,5302388,,,5169856,,,5143220,,,,30.5,29.5,29.5,,dp_resources,2024,0
30206,9291,2024,5416,344,BXT03,Emergency Management,Gestion des situations d'urgence,1072,209,BXT00,573,221,NEB,Canadian Energy Regulator,Régie canadienne de l’énergie,1383923,,,1373737,,,1360336,,,,7.8,7.9,7.9,,dp_resources,2024,0
30207,9292,2024,5992,1128,BXT04,Regulatory Framework,Cadre de réglementation,1072,209,BXT00,573,221,NEB,Canadian Energy Regulator,Régie canadienne de l’énergie,3395017,,,3372312,,,3359798,,,,19.7,19.5,19.5,,dp_resources,2024,0
30208,9293,2024,5418,359,BXU01,Energy System Information,Information sur les filières énergétiques,1073,210,BXU00,573,221,NEB,Canadian Energy Regulator,Régie canadienne de l’énergie,5993618,,,4241731,,,4210621,,,,39.9,27.1,27.1,,dp_resources,2024,0
30209,9294,2024,5825,1031,BXU02,Pipeline Information,Information sur les pipelines,1073,210,BXU00,573,221,NEB,Canadian Energy Regulator,Régie canadienne de l’énergie,786966,,,779717,,,753247,,,,2.6,2.5,2.5,,dp_resources,2024,0
30210,9297,2024,5422,649,BXY01,"Infrastructure, Tolls and Export Applications","Demandes relatives aux infrastructures, aux droits et aux exportations",1075,208,BXY00,573,221,NEB,Canadian Energy Regulator,Régie canadienne de l’énergie,28730875,,,26012094,,,25836695,,,,122.5,122.4,122.4,,dp_resources,2024,0
30211,9295,2024,5596,1208,BXV01,Stakeholder Engagement,Mobilisation des parties prenantes,1095,211,BXV00,573,221,NEB,Canadian Energy Regulator,Régie canadienne de l’énergie,4856816,,,4822456,,,4794055,,,,24.4,24.4,24.4,,dp_resources,2024,0
30212,9296,2024,5421,568,BXV02,Indigenous Engagement,Mobilisation des Autochtones,1095,211,BXV00,573,221,NEB,Canadian Energy Regulator,Régie canadienne de l’énergie,4330560,,,4297565,,,4243954,,,,22.9,22.9,22.9,,dp_resources,2024,0
30213,9685,2024,5132,705,ISS00,Internal Services,Services internes,1032,212,ISS00,573,221,NEB,Canadian Energy Regulator,Régie canadienne de l’énergie,43731861,,,38524360,,,37915842,,,,196.9,179,179,,dp_resources,2024,0
30217,9666,2024,4580,734,ISS10,Internal Services – Office of the Privacy Commissioner,Services internes – Commissariat à la protection de la vie privée,881,173,ISS10,658,349,IPC_p,Office of the Privacy Commissioner of Canada,Commissariat à la protection de la vie privée du Canada,8994995,,,8386643,,,8394135,,,,54,54,54,,dp_resources,2024,0
30218,8741,2024,5080,982,BFZ01,Occupational health and safety information and services,Services et renseignements sur la santé et la sécurité au travail,1034,29,BFZ00,827,55,CCOHS,Canadian Centre for Occupational Health and Safety,Centre canadien d’hygiène et de sécurité au travail,7367779,,,7367779,,,7367779,,,,62.8,62.8,62.8,,dp_resources,2024,0
30219,9326,2024,4563,671,ISS00,Internal Services,Services internes,837,30,ISS00,827,55,CCOHS,Canadian Centre for Occupational Health and Safety,Centre canadien d’hygiène et de sécurité au travail,4327109,,,4327109,,,4327109,,,,36.9,36.9,36.9,,dp_resources,2024,0
30224,8989,2024,3693,973,BTJ01,Nuclear Fuel Cycle Program,Programme de cycle du combustible nucléaire,1096,3,BTJ00,986,87,AECB,Canadian Nuclear Safety Commission,Commission canadienne de sûreté nucléaire,15334866,,,15419655,,,15596126,,,,92,92,92,,dp_resources,2024,0
30225,8990,2024,3694,975,BTJ02,Nuclear Reactors Program,Programme des réacteurs nucléaires,1096,3,BTJ00,986,87,AECB,Canadian Nuclear Safety Commission,Commission canadienne de sûreté nucléaire,52100633,,,52388702,,,52988272,,,,313,313,313,,dp_resources,2024,0
30226,8991,2024,6484,976,BTJ03,Nuclear Substances and Prescribed Equipment Program,Programme des substances nucléaires et de l'équipement réglementé,1096,3,BTJ00,986,87,AECB,Canadian Nuclear Safety Commission,Commission canadienne de sûreté nucléaire,14599653,,,14680376,,,14848387,,,,86,86,86,,dp_resources,2024,0
30227,8992,2024,3696,974,BTJ04,Nuclear Non-Proliferation Program,Programme de non prolifération nucléaire,1096,3,BTJ00,986,87,AECB,Canadian Nuclear Safety Commission,Commission canadienne de sûreté nucléaire,6022779,,,6056080,,,6125389,,,,35,35,35,,dp_resources,2024,0
30228,8993,2024,3697,1160,BTJ05,"Scientific, Regulatory and Public Information Program","Programme de renseignements scientifiques, réglementaires et publics",1096,3,BTJ00,986,87,AECB,Canadian Nuclear Safety Commission,Commission canadienne de sûreté nucléaire,33636411,,,33822390,,,34209474,,,,159,159,159,,dp_resources,2024,0
30229,9314,2024,4559,682,ISS00,Internal Services,Services internes,829,4,ISS00,986,87,AECB,Canadian Nuclear Safety Commission,Commission canadienne de sûreté nucléaire,55961632,,,56271049,,,55605755,,,,319,319,313,,dp_resources,2024,0
30230,9276,2024,6329,260,BUA01,Conditional Release Decisions,Décisions relatives à la mise en liberté sous condition,1150,225,BUA00,936,227,NPB,Parole Board of Canada,Commission des libérations conditionnelles du Canada,46247091,,,42923011,,,42101473,,,,322,317,314,,dp_resources,2024,0
30231,9277,2024,6328,261,BUB01,Conditional Release Openness and Accountability,Application transparente et responsable du processus de mise en liberté sous condition,1151,226,BUB00,936,227,NPB,Parole Board of Canada,Commission des libérations conditionnelles du Canada,5232835,,,5256310,,,5256259,,,,51,51,50,,dp_resources,2024,0
30232,9278,2024,6330,1113,BUC01,Record Suspension/Pardon and Expungement Decisions/Clemency Recommendations,Décisions relatives à la suspension du casier/au pardon et à la radiation et recommandations concernant la clémence,1153,227,BUC00,936,227,NPB,Parole Board of Canada,Commission des libérations conditionnelles du Canada,13251955,,,10542057,,,10691316,,,,83,83,82,,dp_resources,2024,0
30233,9682,2024,4589,721,ISS00,Internal Services,Services internes,938,228,ISS00,936,227,NPB,Parole Board of Canada,Commission des libérations conditionnelles du Canada,13851811,,,13625447,,,13582096,,,,77,77,76,,dp_resources,2024,0
30234,8659,2024,7094,1524,BYD02,Major Bridges Policy,Politique des grands ponts,1202,353,BYD00,990,237,OICC,Office of Infrastructure of Canada,Bureau de l'infrastructure du Canada,955419,,,9839674,,,0,,,,4,4,0,,dp_resources,2024,0
30235,8660,2024,5945,1521,BYD03,Public Infrastructure and Communities Policy,Politique sur les infrastructures publiques et les collectivités,1202,353,BYD00,990,237,OICC,Office of Infrastructure of Canada,Bureau de l'infrastructure du Canada,56872492,,,66463352,,,57241325,,,,280,279,239,,dp_resources,2024,0
30236,8661,2024,7096,1523,BYD04,Alternative Financing Policy,Politique de financement alternatif,1202,353,BYD00,990,237,OICC,Office of Infrastructure of Canada,Bureau de l'infrastructure du Canada,2107379,,,2108699,,,1216152,,,,15,15,8,,dp_resources,2024,0
30237,8662,2024,7097,1551,BYD05,Homelessness Policy,Politiques en matière d’itinérance,1202,353,BYD00,990,237,OICC,Office of Infrastructure of Canada,Bureau de l'infrastructure du Canada,17545890,,,17230563,,,13847686,,,,124,125,109,,dp_resources,2024,0
30238,8655,2024,7087,1526,BYC01,Alternative Financing Investment,Investissement de financement alternatif,1217,354,BYC00,990,237,OICC,Office of Infrastructure of Canada,Bureau de l'infrastructure du Canada,3891149,,,3896478,,,3371278,,,,31,31,29,,dp_resources,2024,0
30239,8656,2024,7089,1525,BYC02,Public Infrastructure and Communities Investment,Investissement dans les infrastructures publiques et les collectivités,1217,354,BYC00,990,237,OICC,Office of Infrastructure of Canada,Bureau de l'infrastructure du Canada,19725218,,,19553709,,,12697692,,,,184,181,118,,dp_resources,2024,0
30240,8657,2024,5944,1527,BYC03,Major Bridges Investment,Investissement dans les grands ponts,1217,354,BYC00,990,237,OICC,Office of Infrastructure of Canada,Bureau de l'infrastructure du Canada,2313583,,,10085,,,9623,,,,7,0,0,,dp_resources,2024,0
30241,8658,2024,7092,1552,BYC04,Homelessness Investment,Investissements en matière d’itinérance,1217,354,BYC00,990,237,OICC,Office of Infrastructure of Canada,Bureau de l'infrastructure du Canada,5054796,,,4880084,,,4056060,,,,54,52,46,,dp_resources,2024,0
30243,8652,2024,5941,1530,BYB02,Major Bridges Oversight,Surveillance des grands ponts,1218,355,BYB00,990,237,OICC,Office of Infrastructure of Canada,Bureau de l'infrastructure du Canada,92959731,,,105047979,,,77778621,,,,41,14,3,,dp_resources,2024,0
30244,8653,2024,5943,1529,BYB03,Alternative Financing Oversight,Surveillance du financement alternatif,1218,355,BYB00,990,237,OICC,Office of Infrastructure of Canada,Bureau de l'infrastructure du Canada,1182207,,,1186517,,,916304,,,,10,10,8,,dp_resources,2024,0
30245,8654,2024,7085,1553,BYB04,Homelessness Funding Oversight,Surveillance du financement en matière d’itinérance,1218,355,BYB00,990,237,OICC,Office of Infrastructure of Canada,Bureau de l'infrastructure du Canada,536704805,,,515816202,,,243743301,,,,55,53,47,,dp_resources,2024,0
30246,9369,2024,1557,862,ISS01,Management and Oversight Services,Services de gestion et de surveillance,253,253,ISS00,990,237,OICC,Office of Infrastructure of Canada,Bureau de l'infrastructure du Canada,17987849,,,14637458,,,11717420,,,,139,110,83,,dp_resources,2024,0
30247,9396,2024,1558,228,ISS02,Communications Services,Services de communication,253,253,ISS00,990,237,OICC,Office of Infrastructure of Canada,Bureau de l'infrastructure du Canada,5193248,,,5106758,,,4301468,,,,41,36,30,,dp_resources,2024,0
30248,9427,2024,1559,807,ISS03,Legal Services,Services juridiques,253,253,ISS00,990,237,OICC,Office of Infrastructure of Canada,Bureau de l'infrastructure du Canada,2147135,,,2224564,,,2138121,,,,0,0,0,,dp_resources,2024,0
30249,9478,2024,1560,543,ISS04,Human Resources Management Services,Services de gestion des ressources humaines,253,253,ISS00,990,237,OICC,Office of Infrastructure of Canada,Bureau de l'infrastructure du Canada,11977362,,,11926090,,,8141327,,,,75,74,61,,dp_resources,2024,0
30250,9505,2024,1561,432,ISS05,Financial Management Services,Services de gestion financière,253,253,ISS00,990,237,OICC,Office of Infrastructure of Canada,Bureau de l'infrastructure du Canada,9288689,,,9305861,,,8057210,,,,81,81,73,,dp_resources,2024,0
30251,9524,2024,1562,604,ISS06,Information Management Services,Services de gestion de l'information,253,253,ISS00,990,237,OICC,Office of Infrastructure of Canada,Bureau de l'infrastructure du Canada,7742338,,,7547231,,,5871591,,,,76,75,62,,dp_resources,2024,0
30252,9561,2024,1910,639,ISS07,Information Technology Services,Services de la technologie de l'information,253,253,ISS00,990,237,OICC,Office of Infrastructure of Canada,Bureau de l'infrastructure du Canada,11350748,,,10874604,,,6197644,,,,30,30,13,,dp_resources,2024,0
30253,9580,2024,1554,1102,ISS08,Real Property Management Services,Services de gestion des biens immobiliers,253,253,ISS00,990,237,OICC,Office of Infrastructure of Canada,Bureau de l'infrastructure du Canada,2022167,,,1640025,,,1309239,,,,0,0,0,,dp_resources,2024,0
30254,9625,2024,1555,911,ISS09,Materiel Management Services,Services de gestion du matériel,253,253,ISS00,990,237,OICC,Office of Infrastructure of Canada,Bureau de l'infrastructure du Canada,866643,,,702868,,,561103,,,,0,0,0,,dp_resources,2024,0
30255,9642,2024,1556,34,ISS0Z,Acquisition Management Services,Services de gestion des acquisitions,253,253,ISS00,990,237,OICC,Office of Infrastructure of Canada,Bureau de l'infrastructure du Canada,656080,,,657805,,,590341,,,,7,7,7,,dp_resources,2024,0
30256,8459,2024,5912,104,BRB01,Benefits,Prestations,963,32,BRB00,824,46,CCRA,Canada Revenue Agency,Agence du revenu du Canada,12294047102,,,13026627344,,,14863904258,,,,2360,2154,1826,,dp_resources,2024,0
30257,8462,2024,5734,1237,BRA01,Tax Services and Processing,Services fiscaux et traitement,964,31,BRA00,824,46,CCRA,Canada Revenue Agency,Agence du revenu du Canada,1008021111,,,989629050,,,936995005,,,,8252,7989,7709,,dp_resources,2024,0
30258,8465,2024,5735,1146,BRA02,Returns Compliance,Observation en matière de production des déclarations,964,31,BRA00,824,46,CCRA,Canada Revenue Agency,Agence du revenu du Canada,458366508,,,443738847,,,438248239,,,,6230,6029,5981,,dp_resources,2024,0
30259,8468,2024,5736,191,BRA03,Collections,Recouvrements,964,31,BRA00,824,46,CCRA,Canada Revenue Agency,Agence du revenu du Canada,526305728,,,512845630,,,506040994,,,,6682,6516,6432,,dp_resources,2024,0
30260,8475,2024,5737,980,BRA06,Objections and Appeals,Oppositions et appels,964,31,BRA00,824,46,CCRA,Canada Revenue Agency,Agence du revenu du Canada,343196213,,,332749644,,,322374354,,,,2096,1996,1907,,dp_resources,2024,0
30261,8478,2024,5738,1238,BRA07,Taxpayer Relief,Allègement pour les contribuables,964,31,BRA00,824,46,CCRA,Canada Revenue Agency,Agence du revenu du Canada,35582523,,,35175378,,,35368120,,,,377,370,371,,dp_resources,2024,0
30262,8481,2024,6795,1177,BRA08,Service Feedback,Rétroaction sur le service,964,31,BRA00,824,46,CCRA,Canada Revenue Agency,Agence du revenu du Canada,15075852,,,15183610,,,15323402,,,,120,120,120,,dp_resources,2024,0
30263,8484,2024,7165,170,BRA09,Charities,Organismes de bienfaisance,964,31,BRA00,824,46,CCRA,Canada Revenue Agency,Agence du revenu du Canada,40374274,,,40493447,,,39109071,,,,330,327,314,,dp_resources,2024,0
30264,8487,2024,5743,1121,BRA10,Registered Plans,Régimes enregistrés,964,31,BRA00,824,46,CCRA,Canada Revenue Agency,Agence du revenu du Canada,26369173,,,24709622,,,23767963,,,,238,224,219,,dp_resources,2024,0
30265,8489,2024,7209,1041,BRA11,"Policy, Rulings, and Interpretations","Politique, décisions et interprétations",964,31,BRA00,824,46,CCRA,Canada Revenue Agency,Agence du revenu du Canada,142368447,,,143957809,,,144398086,,,,1551,1573,1569,,dp_resources,2024,0
30266,8648,2024,5929,1520,BRA12,Reporting Compliance,Observation en matière d’exactitude des déclarations,964,31,BRA00,824,46,CCRA,Canada Revenue Agency,Agence du revenu du Canada,1641496562,,,1658083730,,,1650916178,,,,12878,12852,12717,,dp_resources,2024,0
30267,8491,2024,6672,1239,BRC01,Taxpayers' Ombudsperson,Ombudsman des contribuables,1141,33,BRC00,824,46,CCRA,Canada Revenue Agency,Agence du revenu du Canada,4708163,,,4515645,,,4548335,,,,35,33,33,,dp_resources,2024,0
30268,9688,2024,4347,837,ISS01,Management and Oversight Services,Services de gestion et de surveillance,966,34,ISS00,824,46,CCRA,Canada Revenue Agency,Agence du revenu du Canada,212329302,,,209127531,,,207529598,,,,1591,1539,1517,,dp_resources,2024,0
30269,9691,2024,4348,203,ISS02,Communications Services,Services de communication,966,34,ISS00,824,46,CCRA,Canada Revenue Agency,Agence du revenu du Canada,45425566,,,40118976,,,39054084,,,,404,387,384,,dp_resources,2024,0
30270,9692,2024,4349,782,ISS03,Legal Services,Services juridiques,966,34,ISS00,824,46,CCRA,Canada Revenue Agency,Agence du revenu du Canada,3773301,,,3771312,,,3786872,,,,34,33,33,,dp_resources,2024,0
30271,9694,2024,4350,518,ISS04,Human Resources Management Services,Services de gestion des ressources humaines,966,34,ISS00,824,46,CCRA,Canada Revenue Agency,Agence du revenu du Canada,156845904,,,155859123,,,153047438,,,,1379,1344,1297,,dp_resources,2024,0
30272,9696,2024,4351,407,ISS05,Financial Management Services,Services de gestion financière,966,34,ISS00,824,46,CCRA,Canada Revenue Agency,Agence du revenu du Canada,80140305,,,80554721,,,80975035,,,,795,774,869,,dp_resources,2024,0
30273,9698,2024,4352,579,ISS06,Information Management Services,Services de gestion de l'information,966,34,ISS00,824,46,CCRA,Canada Revenue Agency,Agence du revenu du Canada,23659162,,,23145153,,,22789629,,,,194,190,188,,dp_resources,2024,0
30274,9700,2024,4353,614,ISS07,Information Technology Services,Services de la technologie de l'information,966,34,ISS00,824,46,CCRA,Canada Revenue Agency,Agence du revenu du Canada,422131777,,,410288750,,,399992085,,,,2551,2425,2302,,dp_resources,2024,0
30275,9703,2024,4354,1077,ISS08,Real Property Management Services,Services de gestion des biens immobiliers,966,34,ISS00,824,46,CCRA,Canada Revenue Agency,Agence du revenu du Canada,57921900,,,55616637,,,47817602,,,,245,245,244,,dp_resources,2024,0
30276,9705,2024,4355,886,ISS09,Materiel Management Services,Services de gestion du matériel,966,34,ISS00,824,46,CCRA,Canada Revenue Agency,Agence du revenu du Canada,30108938,,,29888870,,,28596893,,,,285,282,266,,dp_resources,2024,0
30277,9707,2024,4356,9,ISS0Z,Acquisition Management Services,Services de gestion des acquisitions,966,34,ISS00,824,46,CCRA,Canada Revenue Agency,Agence du revenu du Canada,11207752,,,10721895,,,9932704,,,,87,81,73,,dp_resources,2024,0
30279,9023,2024,3812,777,BTR01,Learning,Apprentissage,857,27,BTR00,887,47,CCMD,Canada School of Public Service,École de la fonction publique du Canada,64839102,,,64803880,,,61834790,,,,497,495,487,,dp_resources,2024,0
30280,9320,2024,4567,668,ISS00,Internal Services,Services internes,858,28,ISS00,887,47,CCMD,Canada School of Public Service,École de la fonction publique du Canada,23981585,,,23968558,,,22870402,,,,184,183,180,,dp_resources,2024,0
30346,8683,2024,3774,1305,BNM11,Regional Innovation Ecosystem,Écosystème d'innovation régional,1037,123,BNM00,958,150,FEDSO,Federal Economic Development Agency for Southern Ontario,Agence fédérale de développement économique pour le Sud de l’Ontario,60840548,,,54739167,,,54462063,,,,54,53,50,,dp_resources,2024,0
30347,9340,2024,4564,693,ISS00,Internal Services,Services internes,849,124,ISS00,958,150,FEDSO,Federal Economic Development Agency for Southern Ontario,Agence fédérale de développement économique pour le Sud de l’Ontario,15977075,,,14869630,,,13998770,,,,104,99,95,,dp_resources,2024,0
30350,9680,2024,4584,716,ISS40,Internal Services,Services internes,811,241,ISS40,984,247,OCI,Office of the Correctional Investigator of Canada,Bureau de l’enquêteur correctionnel du Canada,2238723,,,2394001,,,2395102,,,,10,10,10,,dp_resources,2024,0
30351,9152,2024,7163,993,BVL01,Ombuds for federally sentenced individuals,Ombuds pour les personnes purgeant une peine de ressort fédérale,810,240,BVL00,984,247,OCI,Office of the Correctional Investigator of Canada,Bureau de l’enquêteur correctionnel du Canada,5223687,,,5586003,,,5588572,,,,35,41,41,,dp_resources,2024,0
30383,8935,2024,6722,42,BSI01,Acquisition and processing of government records,Acquisition et traitement de documents gouvernementaux,1138,185,BSI00,987,199,LAC,Library and Archives of Canada,Bibliothèque et Archives du Canada,13351448,,,7860312,,,7727672,,,,127,72,71,,dp_resources,2024,0
30384,8936,2024,6617,44,BSI02,Acquisition and processing of published heritage,Acquisition et traitement du patrimoine publié,1138,185,BSI00,987,199,LAC,Library and Archives of Canada,Bibliothèque et Archives du Canada,10341698,,,10322914,,,10160817,,,,97,96,94,,dp_resources,2024,0
30385,8937,2024,6618,43,BSI03,Acquisition and processing of private archives,Acquisition et traitement d'archives privées,1138,185,BSI00,987,199,LAC,Library and Archives of Canada,Bibliothèque et Archives du Canada,6662233,,,6241316,,,6131689,,,,61,58,57,,dp_resources,2024,0
30386,8938,2024,6619,1042,BSI04,Preservation,Préservation,1138,185,BSI00,987,199,LAC,Library and Archives of Canada,Bibliothèque et Archives du Canada,44537369,,,44115647,,,42798012,,,,122,94,93,,dp_resources,2024,0
30387,8568,2024,6953,1594,BSJ03,Access to information and privacy,Accès à l’information et protection des renseignements personnels,1137,186,BSJ00,987,199,LAC,Library and Archives of Canada,Bibliothèque et Archives du Canada,8727626,,,9635686,,,8188542,,,,84,83,74,,dp_resources,2024,0
30388,8939,2024,6613,1062,BSJ01,Public services,Services publics,1137,186,BSJ00,987,199,LAC,Library and Archives of Canada,Bibliothèque et Archives du Canada,64041510,,,54383527,,,27960739,,,,140,143,128,,dp_resources,2024,0
30389,8940,2024,6615,1002,BSJ02,Outreach and support to communities,Sensibilisation et soutien aux collectivités,1137,186,BSJ00,987,199,LAC,Library and Archives of Canada,Bibliothèque et Archives du Canada,8997560,,,7138384,,,6976515,,,,49,49,48,,dp_resources,2024,0
30390,9337,2024,4558,699,ISS00,Internal Services,Services internes,827,187,ISS00,987,199,LAC,Library and Archives of Canada,Bibliothèque et Archives du Canada,43147246,,,40672881,,,40161445,,,,293,278,273,,dp_resources,2024,0
30391,9215,2024,3701,1147,BWL01,Review and Appeal,Révision et appel,832,326,BWL00,736,333,VRAB,Veterans Review and Appeal Board,Tribunal des anciens combattants (révision et appel),22575341,,,22628122,,,22334538,,,,228,228,225,,dp_resources,2024,0
30392,8714,2024,5903,1509,BXW01,National security and intelligence activity reviews and complaints investigations,Surveillance des activités de sécurité nationale et de renseignement et enquêtes sur les plaintes,1193,347,BXW00,937,302,SIRC,National Security and Intelligence Review Agency Secretariat,Secrétariat de l’Office de surveillance des activités en matière de sécurité nationale et de renseignement,10852987,,,10852051,,,10852051,,,,69,69,69,,dp_resources,2024,0
30393,9350,2024,4557,728,ISS00,Internal Services,Services internes,500,304,ISS00,937,302,SIRC,National Security and Intelligence Review Agency Secretariat,Secrétariat de l’Office de surveillance des activités en matière de sécurité nationale et de renseignement,7722123,,,7758034,,,7758034,,,,31,31,31,,dp_resources,2024,0
30398,8743,2024,3601,480,BGB01,Grain Quality,Qualité des grains,991,47,BGB00,609,69,CGC,Canadian Grain Commission,Commission canadienne des grains,656824,,,0,,,0,,,,234,234,234,,dp_resources,2024,0
30399,8744,2024,3602,481,BGB02,Grain Research,Recherches sur les grains,991,47,BGB00,609,69,CGC,Canadian Grain Commission,Commission canadienne des grains,10584778,,,6373913,,,6394989,,,,62,62,62,,dp_resources,2024,0
30400,8745,2024,3603,1152,BGB03,Safeguards for Grain Farmers,Mesures de protection des producteurs de grain,991,47,BGB00,609,69,CGC,Canadian Grain Commission,Commission canadienne des grains,633202,,,0,,,0,,,,43,43,43,,dp_resources,2024,0
30401,9319,2024,4547,673,ISS00,Internal Services,Services internes,787,48,ISS00,609,69,CGC,Canadian Grain Commission,Commission canadienne des grains,295356,,,295356,,,295356,,,,146,146,146,,dp_resources,2024,0
30406,9117,2024,6806,1236,BUV01,Tax Policy and Legislation,Politique et législation fiscales,749,125,BUV00,694,124,FIN,Department of Finance,Ministère des Finances,29191009,,,29621807,,,29691301,,,,193,193,193,,dp_resources,2024,0
30407,9118,2024,6470,334,BUV02,"Economic and Fiscal Policy, Planning and Forecasting","Politiques économique et budgétaire, planification et prévisions",749,125,BUV00,694,124,FIN,Department of Finance,Ministère des Finances,14143628,,,14284035,,,13810004,,,,92,92,89,,dp_resources,2024,0
30408,9119,2024,6469,330,BUV03,Economic Development Policy,Politique de développement économique,749,125,BUV00,694,124,FIN,Department of Finance,Ministère des Finances,3476640031,,,4346573275,,,5308044696,,,,71,71,71,,dp_resources,2024,0
30409,9120,2024,6799,398,BUV04,Federal-Provincial Relations and Social Policy,Relations fédérales-provinciales et politique sociale,749,125,BUV00,694,124,FIN,Department of Finance,Ministère des Finances,10234539,,,10300101,,,10243513,,,,68,68,68,,dp_resources,2024,0
30410,9121,2024,5594,440,BUV05,Financial Sector Policy,Politique du secteur financier,749,125,BUV00,694,124,FIN,Department of Finance,Ministère des Finances,23279831,,,22120240,,,21075775,,,,126,123,123,,dp_resources,2024,0
30411,9122,2024,3324,752,BUV06,International Trade and Finance Policy,Politique des finances et échanges internationaux,749,125,BUV00,694,124,FIN,Department of Finance,Ministère des Finances,9983636,,,10046922,,,9995725,,,,73,73,73,,dp_resources,2024,0
30412,9123,2024,6468,135,BUV07,Canada Health Transfer,Transfert canadien en matière de santé,749,125,BUV00,694,124,FIN,Department of Finance,Ministère des Finances,52081006291,,,54685041291,,,57419276291,,,,2,2,2,,dp_resources,2024,0
30413,9124,2024,6801,444,BUV08,Fiscal Arrangements with Provinces and Territories,Arrangements fiscaux avec les provinces et les territoires,749,125,BUV00,694,124,FIN,Department of Finance,Ministère des Finances,40196498821,,,41335787771,,,42535610087,,,,3,3,3,,dp_resources,2024,0
30414,9125,2024,6805,1235,BUV09,Tax Collection and Administration Agreements,Accords de perception fiscale et d'administration fiscale,749,125,BUV00,694,124,FIN,Department of Finance,Ministère des Finances,899406,,,899406,,,899406,,,,6,6,6,,dp_resources,2024,0
30415,9126,2024,3328,197,BUV10,Commitments to International Financial Organizations,Engagements envers les organisations financières internationales,749,125,BUV00,694,124,FIN,Department of Finance,Ministère des Finances,538570525,,,575257058,,,589951882,,,,1,1,1,,dp_resources,2024,0
30416,9127,2024,3329,883,BUV11,Market Debt and Foreign Reserves Management,Dette contractée sur les marchés et gestion des réserves de change,749,125,BUV00,694,124,FIN,Department of Finance,Ministère des Finances,46620000000,,,48036000000,,,49713000000,,,,36,36,36,,dp_resources,2024,0
30417,9303,2024,4611,1351,ISS01,Management and Oversight Services,Services de gestion et de surveillance,750,126,ISS00,694,124,FIN,Department of Finance,Ministère des Finances,12860661,,,12902157,,,12800917,,,,77,76,76,,dp_resources,2024,0
30418,9304,2024,4612,1358,ISS02,Communications Services,Services de communication,750,126,ISS00,694,124,FIN,Department of Finance,Ministère des Finances,10571643,,,10176028,,,10121064,,,,61,61,61,,dp_resources,2024,0
30419,9305,2024,4613,1357,ISS03,Legal Services,Services juridiques,750,126,ISS00,694,124,FIN,Department of Finance,Ministère des Finances,4629252,,,4576098,,,4498546,,,,10,10,10,,dp_resources,2024,0
30420,9306,2024,4614,1356,ISS04,Human Resources Management Services,Services de gestion des ressources humaines,750,126,ISS00,694,124,FIN,Department of Finance,Ministère des Finances,6104696,,,6637000,,,6660208,,,,38,38,38,,dp_resources,2024,0
30421,9307,2024,4615,1355,ISS05,Financial Management Services,Services de gestion financière,750,126,ISS00,694,124,FIN,Department of Finance,Ministère des Finances,3554966,,,3477924,,,3501148,,,,9,9,9,,dp_resources,2024,0
30422,9308,2024,4616,1354,ISS06,Information Management Services,Services de gestion de l'information,750,126,ISS00,694,124,FIN,Department of Finance,Ministère des Finances,3043622,,,2995450,,,2995278,,,,10,10,10,,dp_resources,2024,0
30423,9309,2024,4617,1353,ISS07,Information Technology Services,Services de la technologie de l'information,750,126,ISS00,694,124,FIN,Department of Finance,Ministère des Finances,6555526,,,6432288,,,6432288,,,,30,30,30,,dp_resources,2024,0
30424,9310,2024,4618,1352,ISS08,Real Property Management Services,Services de gestion des biens immobiliers,750,126,ISS00,694,124,FIN,Department of Finance,Ministère des Finances,1495946,,,1517874,,,1517874,,,,8,8,8,,dp_resources,2024,0
30425,9311,2024,4619,1350,ISS09,Materiel Management Services,Services de gestion du matériel,750,126,ISS00,694,124,FIN,Department of Finance,Ministère des Finances,304442,,,304442,,,304442,,,,2,2,2,,dp_resources,2024,0
30426,9312,2024,4620,1359,ISS0Z,Acquisition Management Services,Services de gestion des acquisitions,750,126,ISS00,694,124,FIN,Department of Finance,Ministère des Finances,600377,,,600377,,,600377,,,,6,6,6,,dp_resources,2024,0
30427,9270,2024,5525,1009,BCZ01,Data Partnerships and Pan-Canadian Collaboration,Partenariats de données et Collaboration pancanadienne,1061,169,BCZ00,546,347,INVIC,Invest in Canada Hub,Investir au Canada,2912233,,,2884073,,,2845529,,,,15,15,15,,dp_resources,2024,0
30428,9271,2024,5533,884,BCZ02,Marketing,Marketing,1061,169,BCZ00,546,347,INVIC,Invest in Canada Hub,Investir au Canada,19326637,,,19139757,,,18883965,,,,15,15,15,,dp_resources,2024,0
30429,9272,2024,6455,761,BCZ03,Investor Services,Services aux investisseurs,1061,169,BCZ00,546,347,INVIC,Invest in Canada Hub,Investir au Canada,4235975,,,4195015,,,4138951,,,,27,27,27,,dp_resources,2024,0
30430,9686,2024,4585,698,ISS00,Internal Services,Services internes,822,170,ISS00,546,347,INVIC,Invest in Canada Hub,Investir au Canada,6600311,,,6536311,,,6448711,,,,10,10,10,,dp_resources,2024,0
30461,8739,2024,3835,830,BFO01,Maintenance of infrastructure and security,Entretien des infrastructures et sécurité,867,195,BFO00,776,218,NBC,The National Battlefields Commission,Commission des champs de bataille nationaux,14180000,,,5200000,,,5200000,,,,22,22,22,,dp_resources,2024,0
30462,8740,2024,3836,338,BFY01,"Educational, cultural and heritage activities","Activités pédagogiques, culturelles et patrimoniales",868,196,BFY00,776,218,NBC,The National Battlefields Commission,Commission des champs de bataille nationaux,3200000,,,3000000,,,3000000,,,,19,19,19,,dp_resources,2024,0
30463,9354,2024,4570,731,ISS00,Internal Services,Services internes,869,197,ISS00,776,218,NBC,The National Battlefields Commission,Commission des champs de bataille nationaux,6490000,,,4069254,,,4069254,,,,18,18,18,,dp_resources,2024,0
30484,9608,2024,3586,904,ISS09,Materiel Management Services,Services de gestion du matériel,782,281,ISS00,938,135,PSEP,Department of Public Safety and Emergency Preparedness,Ministère de la Sécurité publique et de la Protection civile,0,,,0,,,0,,,,0,0,0,,dp_resources,2024,0
30486,8746,2024,5036,1118,BGC01,Refugee Protection Decisions,Décisions relatives à la protection des réfugiés,978,175,BGC00,844,174,IRB,Immigration and Refugee Board,Commission de l’immigration et du statut de réfugié,160979283,,,126572775,,,124935939,,,,1298,1058,1050,,dp_resources,2024,0
30487,8747,2024,6721,1117,BGC02,Refugee Appeal Decisions,Décisions relatives aux appels des réfugiés,978,175,BGC00,844,174,IRB,Immigration and Refugee Board,Commission de l’immigration et du statut de réfugié,67004645,,,53857006,,,53358574,,,,423,343,343,,dp_resources,2024,0
30488,8748,2024,4079,50,BGC03,Admissibility and Detention Decisions,Décisions relatives aux enquêtes et à la détention,978,175,BGC00,844,174,IRB,Immigration and Refugee Board,Commission de l’immigration et du statut de réfugié,17070289,,,16844351,,,16472315,,,,148,146,146,,dp_resources,2024,0
30489,8749,2024,4080,560,BGC04,Immigration Appeal Decisions,Décisions relatives aux appels en matière d'immigration,978,175,BGC00,844,174,IRB,Immigration and Refugee Board,Commission de l’immigration et du statut de réfugié,22682132,,,21999394,,,21829981,,,,170,163,163,,dp_resources,2024,0
30490,9338,2024,4542,696,ISS00,Internal Services,Services internes,921,176,ISS00,844,174,IRB,Immigration and Refugee Board,Commission de l’immigration et du statut de réfugié,66771710,,,61819289,,,61462777,,,,454,426,426,,dp_resources,2024,0
30491,9679,2024,4815,687,ISS30,Internal Services,Services internes,817,266,ISS30,903,297,PCC,Civilian Review and Complaints Commission for the Royal Canadian Mounted Police,Commission civile d’examen et de traitement des plaintes relatives à la Gendarmerie royale du Canada,5697831,,,5719991,,,5723784,,,,33,32,32,,dp_resources,2024,0
30492,8690,2024,4696,1327,BXF01,Public Complaints,Plaintes du public,816,332,BXF00,903,297,PCC,Civilian Review and Complaints Commission for the Royal Canadian Mounted Police,Commission civile d’examen et de traitement des plaintes relatives à la Gendarmerie royale du Canada,6097884,,,6121600,,,6125659,,,,44,44,44,,dp_resources,2024,0
30493,8691,2024,4697,1326,BXF02,Investigations,Enquêtes,816,332,BXF00,903,297,PCC,Civilian Review and Complaints Commission for the Royal Canadian Mounted Police,Commission civile d’examen et de traitement des plaintes relatives à la Gendarmerie royale du Canada,3800398,,,3815179,,,3817708,,,,28,28,28,,dp_resources,2024,0
30494,8692,2024,4698,1325,BXF03,Public Education,Éducation du public,816,332,BXF00,903,297,PCC,Civilian Review and Complaints Commission for the Royal Canadian Mounted Police,Commission civile d’examen et de traitement des plaintes relatives à la Gendarmerie royale du Canada,683404,,,686062,,,686517,,,,5,5,5,,dp_resources,2024,0
30507,9425,2024,3887,809,ISS03,Legal Services,Services juridiques,885,272,ISS00,512,280,PHAC,Public Health Agency of Canada,Agence de la santé publique du Canada,2714171,,,2079076,,,1779076,,,,0,0,0,,dp_resources,2024,0
30531,8610,2024,6850,1591,BWN10,Water Infrastructure Divestiture,Cession des infrastructures hydrauliques,740,7,BWN00,459,1,AGR,Department of Agriculture and Agri-Food,Ministère de l’Agriculture et de l’Agroalimentaire,3183503,,,1402679,,,1402391,,,,10,10,10,,dp_resources,2024,0
30532,8687,2024,6480,1497,BWN09,Food Policy Initiatives,Initiatives relatives à la politique alimentaire,740,7,BWN00,459,1,AGR,Department of Agriculture and Agri-Food,Ministère de l’Agriculture et de l’Agroalimentaire,0,,,0,,,0,,,,0,0,0,,dp_resources,2024,0
30533,9223,2024,5977,1254,BWN01,Trade and Market Expansion,Croissance du commerce et des marchés,740,7,BWN00,459,1,AGR,Department of Agriculture and Agri-Food,Ministère de l’Agriculture et de l’Agroalimentaire,55423192,,,55731994,,,55537114,,,,193,192,191,,dp_resources,2024,0
30534,9224,2024,6765,1163,BWN02,Sector Engagement and Development,Mobilisation et développement du secteur,740,7,BWN00,459,1,AGR,Department of Agriculture and Agri-Food,Ministère de l’Agriculture et de l’Agroalimentaire,51621242,,,39616694,,,39425257,,,,201,191,190,,dp_resources,2024,0
30535,9225,2024,6479,385,BWN03,Farm Products Council of Canada,Conseil des produits agricoles du Canada,740,7,BWN00,459,1,AGR,Department of Agriculture and Agri-Food,Ministère de l’Agriculture et de l’Agroalimentaire,3288502,,,3273569,,,3235114,,,,20,20,20,,dp_resources,2024,0
30536,9226,2024,6482,295,BWN04,Supply Management Initiatives,Initiatives de gestion de l'offre,740,7,BWN00,459,1,AGR,Department of Agriculture and Agri-Food,Ministère de l’Agriculture et de l’Agroalimentaire,501120588,,,511936310,,,406760850,,,,76,74,74,,dp_resources,2024,0
30537,9227,2024,3246,157,BWN05,Canadian Pari-Mutuel Agency,Agence canadienne du pari mutuel,740,7,BWN00,459,1,AGR,Department of Agriculture and Agri-Food,Ministère de l’Agriculture et de l’Agroalimentaire,1848437,,,2430112,,,2997913,,,,33,33,33,,dp_resources,2024,0
30538,9228,2024,3248,396,BWN07,"Federal, Provincial and Territorial Cost-shared Markets and Trade","Programmes à frais partagés fédéral, provinciaux et territoriaux reliés aux marchés et au commerce",740,7,BWN00,459,1,AGR,Department of Agriculture and Agri-Food,Ministère de l’Agriculture et de l’Agroalimentaire,84315441,,,84315441,,,84315441,,,,2,2,2,,dp_resources,2024,0
30539,9229,2024,3249,462,BWO01,Foundational Science and Research,Science et recherche fondamentales,741,8,BWO00,459,1,AGR,Department of Agriculture and Agri-Food,Ministère de l’Agriculture et de l’Agroalimentaire,373074790,,,370656473,,,368136849,,,,2281,2281,2281,,dp_resources,2024,0
30540,9230,2024,3250,61,BWO02,AgriScience,Agri-science,741,8,BWO00,459,1,AGR,Department of Agriculture and Agri-Food,Ministère de l’Agriculture et de l’Agroalimentaire,89462791,,,89140326,,,88523941,,,,185,184,183,,dp_resources,2024,0
30541,9231,2024,3251,56,BWO03,AgriInnovate,Agri-innover,741,8,BWO00,459,1,AGR,Department of Agriculture and Agri-Food,Ministère de l’Agriculture et de l’Agroalimentaire,20456733,,,20456733,,,13617732,,,,32,32,32,,dp_resources,2024,0
30542,9232,2024,6217,63,BWO04,Environment and Climate Change Programs,Programmes en matière d’environnement et de changements climatiques,741,8,BWO00,459,1,AGR,Department of Agriculture and Agri-Food,Ministère de l’Agriculture et de l’Agroalimentaire,244852628,,,241631991,,,154216523,,,,82,82,65,,dp_resources,2024,0
30543,9233,2024,6493,143,BWO05,Canadian Agricultural Strategic Priorities Program,Programme canadien des priorités stratégiques de l'agriculture,741,8,BWO00,459,1,AGR,Department of Agriculture and Agri-Food,Ministère de l’Agriculture et de l’Agroalimentaire,8389798,,,8374445,,,8375004,,,,5,5,5,,dp_resources,2024,0
30544,9234,2024,3254,397,BWO06,"Federal, Provincial and Territorial Cost-shared Science, Research, Innovation and Environment","Programmes à frais partagés fédéral, provinciaux et territoriaux reliés à la science, à la recherche, à l'innovation et à l'environnement",741,8,BWO00,459,1,AGR,Department of Agriculture and Agri-Food,Ministère de l’Agriculture et de l’Agroalimentaire,147604665,,,147604666,,,147604665,,,,32,32,32,,dp_resources,2024,0
30545,8453,2024,7207,1644,BWP14,Livestock Price Insurance Program,Programme d’assurance des prix du bétail,742,9,BWP00,459,1,AGR,Department of Agriculture and Agri-Food,Ministère de l’Agriculture et de l’Agroalimentaire,4902714,,,4902714,,,4902714,,,,1,1,1,,dp_resources,2024,0
30546,8611,2024,6963,1619,BWP13,African Swine Fever Response,Intervention en cas d’éclosion de la peste porcine africaine,742,9,BWP00,459,1,AGR,Department of Agriculture and Agri-Food,Ministère de l’Agriculture et de l’Agroalimentaire,3500000,,,0,,,0,,,,0,0,0,,dp_resources,2024,0
30547,9235,2024,3255,62,BWP01,AgriStability,Agri-stabilité,742,9,BWP00,459,1,AGR,Department of Agriculture and Agri-Food,Ministère de l’Agriculture et de l’Agroalimentaire,411758778,,,411758778,,,411758778,,,,136,136,136,,dp_resources,2024,0
30548,9236,2024,3256,58,BWP02,AgriInvest,Agri-investissement,742,9,BWP00,459,1,AGR,Department of Agriculture and Agri-Food,Ministère de l’Agriculture et de l’Agroalimentaire,191132128,,,191132128,,,191132128,,,,103,103,103,,dp_resources,2024,0
30549,9237,2024,3257,59,BWP03,AgriRecovery,Agri-relance,742,9,BWP00,459,1,AGR,Department of Agriculture and Agri-Food,Ministère de l’Agriculture et de l’Agroalimentaire,124442669,,,124442669,,,124442669,,,,11,11,11,,dp_resources,2024,0
30550,9238,2024,3258,57,BWP04,AgriInsurance,Agri-protection,742,9,BWP00,459,1,AGR,Department of Agriculture and Agri-Food,Ministère de l’Agriculture et de l’Agroalimentaire,1042907405,,,1042922973,,,1042932792,,,,22,22,22,,dp_resources,2024,0
30551,9239,2024,3260,822,BWP06,Loan Guarantee Programs,Programmes de garantie de prêts,742,9,BWP00,459,1,AGR,Department of Agriculture and Agri-Food,Ministère de l’Agriculture et de l’Agroalimentaire,136685348,,,133356483,,,133232580,,,,30,29,29,,dp_resources,2024,0
30552,9240,2024,3261,384,BWP07,Farm Debt Mediation Service,Service de médiation en matière d'endettement agricole,742,9,BWP00,459,1,AGR,Department of Agriculture and Agri-Food,Ministère de l’Agriculture et de l’Agroalimentaire,2468333,,,2472374,,,2472325,,,,12,12,12,,dp_resources,2024,0
30553,9241,2024,3262,1025,BWP08,Pest Management,Lutte antiparasitaire,742,9,BWP00,459,1,AGR,Department of Agriculture and Agri-Food,Ministère de l’Agriculture et de l’Agroalimentaire,11880838,,,11880838,,,11880838,,,,53,53,53,,dp_resources,2024,0
30554,9242,2024,3263,93,BWP09,Assurance Program,Programme d'assurance,742,9,BWP00,459,1,AGR,Department of Agriculture and Agri-Food,Ministère de l’Agriculture et de l’Agroalimentaire,14861088,,,14861088,,,14861088,,,,17,17,17,,dp_resources,2024,0
30555,9243,2024,3264,395,BWP10,"Federal, Provincial and Territorial Cost-shared Assurance","Programmes à frais partagés fédéral, provinciaux et territoriaux reliés à l'assurance",742,9,BWP00,459,1,AGR,Department of Agriculture and Agri-Food,Ministère de l’Agriculture et de l’Agroalimentaire,35999851,,,35999851,,,35999851,,,,10,10,10,,dp_resources,2024,0
30556,9244,2024,5981,1145,BWP11,Return of Payments,Retour de paiements,742,9,BWP00,459,1,AGR,Department of Agriculture and Agri-Food,Ministère de l’Agriculture et de l’Agroalimentaire,0,,,0,,,0,,,,0,0,0,,dp_resources,2024,0
30557,9378,2024,3266,842,ISS01,Management and Oversight Services,Services de gestion et de surveillance,743,10,ISS00,459,1,AGR,Department of Agriculture and Agri-Food,Ministère de l’Agriculture et de l’Agroalimentaire,49237405,,,49536879,,,49225443,,,,331,328,326,,dp_resources,2024,0
30558,9391,2024,3267,208,ISS02,Communications Services,Services de communication,743,10,ISS00,459,1,AGR,Department of Agriculture and Agri-Food,Ministère de l’Agriculture et de l’Agroalimentaire,12237302,,,12302914,,,12210099,,,,95,95,95,,dp_resources,2024,0
30559,9448,2024,3268,787,ISS03,Legal Services,Services juridiques,743,10,ISS00,459,1,AGR,Department of Agriculture and Agri-Food,Ministère de l’Agriculture et de l’Agroalimentaire,2857244,,,2826608,,,2726522,,,,8,8,8,,dp_resources,2024,0
30560,9474,2024,3269,523,ISS04,Human Resources Management Services,Services de gestion des ressources humaines,743,10,ISS00,459,1,AGR,Department of Agriculture and Agri-Food,Ministère de l’Agriculture et de l’Agroalimentaire,23481427,,,23637964,,,23406179,,,,271,268,265,,dp_resources,2024,0
30561,9488,2024,3270,412,ISS05,Financial Management Services,Services de gestion financière,743,10,ISS00,459,1,AGR,Department of Agriculture and Agri-Food,Ministère de l’Agriculture et de l’Agroalimentaire,15039992,,,15227373,,,15024460,,,,264,260,258,,dp_resources,2024,0
30562,9517,2024,3271,584,ISS06,Information Management Services,Services de gestion de l'information,743,10,ISS00,459,1,AGR,Department of Agriculture and Agri-Food,Ministère de l’Agriculture et de l’Agroalimentaire,17877014,,,17933476,,,17740636,,,,140,140,139,,dp_resources,2024,0
30563,9542,2024,3272,619,ISS07,Information Technology Services,Services de la technologie de l'information,743,10,ISS00,459,1,AGR,Department of Agriculture and Agri-Food,Ministère de l’Agriculture et de l’Agroalimentaire,46775921,,,46771196,,,45973669,,,,303,303,301,,dp_resources,2024,0
30564,9589,2024,3273,1082,ISS08,Real Property Management Services,Services de gestion des biens immobiliers,743,10,ISS00,459,1,AGR,Department of Agriculture and Agri-Food,Ministère de l’Agriculture et de l’Agroalimentaire,6093668,,,6077110,,,5904350,,,,46,46,46,,dp_resources,2024,0
30565,9620,2024,3274,891,ISS09,Materiel Management Services,Services de gestion du matériel,743,10,ISS00,459,1,AGR,Department of Agriculture and Agri-Food,Ministère de l’Agriculture et de l’Agroalimentaire,15919,,,15702,,,15066,,,,1,1,1,,dp_resources,2024,0
30566,9659,2024,3275,14,ISS0Z,Acquisition Management Services,Services de gestion des acquisitions,743,10,ISS00,459,1,AGR,Department of Agriculture and Agri-Food,Ministère de l’Agriculture et de l’Agroalimentaire,3226320,,,3249383,,,3234748,,,,32,32,32,,dp_resources,2024,0
30569,9325,2024,4562,725,ISS00,Internal Services,Services internes,835,293,ISS00,492,288,SCC,Registrar of the Supreme Court of Canada,Registraire de la Cour suprême du Canada,16137025,,,17170986,,,16390335,,,,98,98,98,,dp_resources,2024,0
30572,8912,2024,3704,48,BRH02,Administration of the Judges Act for the Judges of the Supreme Court of Canada,Administration de la Loi sur les juges pour les juges de la Cour suprême du Canada,834,292,BRH00,492,288,SCC,Registrar of the Supreme Court of Canada,Registraire de la Cour suprême du Canada,10465755,,,10394278,,,10733997,,,,0,0,0,,dp_resources,2024,0
30574,8911,2024,3703,283,BRH01,Court administration,Administration de la Cour,834,292,BRH00,492,288,SCC,Registrar of the Supreme Court of Canada,Registraire de la Cour suprême du Canada,21365007,,,22733945,,,21700382,,,,158,158,158,,dp_resources,2024,0
30578,9094,2024,3731,1256,BUI02,Training and Career Support,Formation et soutien professionnel,842,65,BUI00,896,74,CIHR,Canadian Institutes of Health Research,Instituts de recherche en santé du Canada,76497203,,,76829926,,,77127861,,,,44,44,43,,dp_resources,2024,0
30580,9376,2024,3732,839,ISS01,Management and Oversight Services,Services de gestion et de surveillance,843,66,ISS00,896,74,CIHR,Canadian Institutes of Health Research,Instituts de recherche en santé du Canada,16084897,,,15063580,,,14999089,,,,94,86,85,,dp_resources,2024,0
30582,9420,2024,3734,784,ISS03,Legal Services,Services juridiques,843,66,ISS00,896,74,CIHR,Canadian Institutes of Health Research,Instituts de recherche en santé du Canada,212943,,,209859,,,208450,,,,1,1,1,,dp_resources,2024,0
30583,9477,2024,3735,520,ISS04,Human Resources Management Services,Services de gestion des ressources humaines,843,66,ISS00,896,74,CIHR,Canadian Institutes of Health Research,Instituts de recherche en santé du Canada,4279990,,,4320116,,,4297282,,,,32,32,31,,dp_resources,2024,0
30584,9492,2024,3736,409,ISS05,Financial Management Services,Services de gestion financière,843,66,ISS00,896,74,CIHR,Canadian Institutes of Health Research,Instituts de recherche en santé du Canada,5348094,,,5220102,,,5196361,,,,34,33,33,,dp_resources,2024,0
30585,9521,2024,3737,581,ISS06,Information Management Services,Services de gestion de l'information,843,66,ISS00,896,74,CIHR,Canadian Institutes of Health Research,Instituts de recherche en santé du Canada,2170825,,,2090119,,,2079734,,,,17,16,15,,dp_resources,2024,0
30586,9568,2024,3738,616,ISS07,Information Technology Services,Services de la technologie de l'information,843,66,ISS00,896,74,CIHR,Canadian Institutes of Health Research,Instituts de recherche en santé du Canada,8751823,,,8515839,,,8504321,,,,44,42,41,,dp_resources,2024,0
30587,9598,2024,3739,1079,ISS08,Real Property Management Services,Services de gestion des biens immobiliers,843,66,ISS00,896,74,CIHR,Canadian Institutes of Health Research,Instituts de recherche en santé du Canada,1550448,,,1546206,,,1081282,,,,7,7,7,,dp_resources,2024,0
30589,9653,2024,3741,11,ISS0Z,Acquisition Management Services,Services de gestion des acquisitions,843,66,ISS00,896,74,CIHR,Canadian Institutes of Health Research,Instituts de recherche en santé du Canada,953775,,,949321,,,943481,,,,8,8,8,,dp_resources,2024,0
30590,9403,2024,3733,205,ISS02,Communications Services,Services de communication,843,66,ISS00,896,74,CIHR,Canadian Institutes of Health Research,Instituts de recherche en santé du Canada,6609701,,,5935966,,,5903101,,,,50,43,43,,dp_resources,2024,0
30591,9630,2024,3740,888,ISS09,Materiel Management Services,Services de gestion du matériel,843,66,ISS00,896,74,CIHR,Canadian Institutes of Health Research,Instituts de recherche en santé du Canada,176873,,,174476,,,173499,,,,1,1,1,,dp_resources,2024,0
30593,9201,2024,5229,1038,BWB01,Policy Direction and Support,Soutien et orientation en matière de politiques,1011,276,BWB00,864,282,PSC,Public Service Commission,Commission de la fonction publique,9325276,,,9270268,,,9195861,,,,69,69,68,,dp_resources,2024,0
30594,9202,2024,5228,1116,BWB02,Recruitment and Assessment Services,Services de recrutement et d'évaluation,1011,276,BWB00,864,282,PSC,Public Service Commission,Commission de la fonction publique,37937023,,,37713240,,,37410538,,,,357,352,348,,dp_resources,2024,0
30595,9203,2024,5224,1005,BWB03,Oversight and Monitoring,Surveillance,1011,276,BWB00,864,282,PSC,Public Service Commission,Commission de la fonction publique,16581219,,,16483409,,,16351107,,,,126,125,122,,dp_resources,2024,0
30596,9324,2024,4572,724,ISS00,Internal Services,Services internes,879,277,ISS00,864,282,PSC,Public Service Commission,Commission de la fonction publique,34377279,,,34174494,,,33900196,,,,302,299,295,,dp_resources,2024,0
30633,9182,2024,6699,392,BVW01,Federal Pay Administration,Administration de la paye fédérale,774,142,BVW00,811,136,GSC,Department of Public Works and Government Services,Ministère des Travaux publics et des Services gouvernementaux,581635669,,,175388541,,,169397261,,,,4575,774,774,,dp_resources,2024,0
30634,9183,2024,6789,394,BVW02,Federal pension Administration,Administration de la pension fédérale,774,142,BVW00,811,136,GSC,Department of Public Works and Government Services,Ministère des Travaux publics et des Services gouvernementaux,14554979,,,14903062,,,15292974,,,,1316,1331,1331,,dp_resources,2024,0
30635,9184,2024,6709,1014,BVW03,Payments Instead of Property Taxes to Local Governments,Paiements en remplacement d'impôts aux administrations locales,774,142,BVW00,811,136,GSC,Department of Public Works and Government Services,Ministère des Travaux publics et des Services gouvernementaux,6549166,,,6625321,,,6640680,,,,51,51,51,,dp_resources,2024,0
30636,9185,2024,4718,1015,BVW04,Payments and Revenue Collection,Paiements et perception des recettes,774,142,BVW00,811,136,GSC,Department of Public Works and Government Services,Ministère des Travaux publics et des Services gouvernementaux,136127338,,,137976224,,,146428462,,,,206,203,203,,dp_resources,2024,0
30637,9186,2024,6710,476,BVW05,Government-Wide Accounting and Reporting,Comptabilité et production de rapports à l'échelle du gouvernement,774,142,BVW00,811,136,GSC,Department of Public Works and Government Services,Ministère des Travaux publics et des Services gouvernementaux,16759461,,,16750692,,,16410763,,,,111,109,109,,dp_resources,2024,0
30638,9187,2024,6317,161,BVW06,Cape Breton Operations (CBO) - HR Legacy Benefits,Opérations du Cap-Breton (OCB) – Avantages des legs en matière de RH,774,142,BVW00,811,136,GSC,Department of Public Works and Government Services,Ministère des Travaux publics et des Services gouvernementaux,12286099,,,11920157,,,11626880,,,,7,6,6,,dp_resources,2024,0
30639,9188,2024,6737,386,BVX01,Federal Accommodation and Infrastructure,Locaux fédéraux et Infrastructure,775,143,BVX00,811,136,GSC,Department of Public Works and Government Services,Ministère des Travaux publics et des Services gouvernementaux,2926435520,,,3244727761,,,2526795984,,,,912,914,917,,dp_resources,2024,0
30641,9190,2024,6261,1006,BVX03,Parliament Hill and Surroundings,Colline du Parlement et ses environs,775,143,BVX00,811,136,GSC,Department of Public Works and Government Services,Ministère des Travaux publics et des Services gouvernementaux,393814825,,,322958702,,,263187597,,,,75,77,79,,dp_resources,2024,0
30642,9191,2024,6318,162,BVX04,Cape Breton Operations (CBO) - Portfolio Management,Opérations du Cap-Breton (OCB) – Gestion du portefeuille,775,143,BVX00,811,136,GSC,Department of Public Works and Government Services,Ministère des Travaux publics et des Services gouvernementaux,6567913,,,6415806,,,6406392,,,,16,16,15,,dp_resources,2024,0
30643,9192,2024,6767,819,BVY01,Linguistic services,Services linguistiques,776,144,BVY00,811,136,GSC,Department of Public Works and Government Services,Ministère des Travaux publics et des Services gouvernementaux,78751567,,,73264979,,,72532253,,,,1276,1266,1254,,dp_resources,2024,0
30644,9193,2024,6768,200,BVY02,Information Services,Services d'information,776,144,BVY00,811,136,GSC,Department of Public Works and Government Services,Ministère des Travaux publics et des Services gouvernementaux,17154058,,,16223977,,,16222921,,,,104,104,104,,dp_resources,2024,0
30645,9194,2024,6307,477,BVY03,Government-wide Corporate Services,Services organisationnels pangouvernementaux,776,144,BVY00,811,136,GSC,Department of Public Works and Government Services,Ministère des Travaux publics et des Services gouvernementaux,10008792,,,10263160,,,10205578,,,,386,381,381,,dp_resources,2024,0
30646,9195,2024,6773,320,BVY04,Document Imaging Services,Services d'imagerie documentaire,776,144,BVY00,811,136,GSC,Department of Public Works and Government Services,Ministère des Travaux publics et des Services gouvernementaux,4509705,,,3645208,,,3554397,,,,237,237,237,,dp_resources,2024,0
30647,9196,2024,6774,90,BVY05,Asset Disposal,Aliénation des biens,776,144,BVY00,811,136,GSC,Department of Public Works and Government Services,Ministère des Travaux publics et des Services gouvernementaux,2915307,,,2599738,,,2679254,,,,142,145,145,,dp_resources,2024,0
30648,9197,2024,6775,1180,BVY06,Service Management,Gestion des services,776,144,BVY00,811,136,GSC,Department of Public Works and Government Services,Ministère des Travaux publics et des Services gouvernementaux,3474849,,,3499807,,,3503277,,,,24,24,24,,dp_resources,2024,0
30649,9198,2024,6776,147,BVY07,Canadian General Standards Board,Office des normes générales du Canada,776,144,BVY00,811,136,GSC,Department of Public Works and Government Services,Ministère des Travaux publics et des Services gouvernementaux,1347917,,,1251039,,,1240188,,,,21,21,21,,dp_resources,2024,0
30650,9199,2024,6786,1172,BVY08,Security and Oversight Services,Services de sécurité et de surveillance,776,144,BVY00,811,136,GSC,Department of Public Works and Government Services,Ministère des Travaux publics et des Services gouvernementaux,41729942,,,38338410,,,35596291,,,,516,515,514,,dp_resources,2024,0
30651,9200,2024,6788,1046,BVZ01,Procurement Ombudsman,Ombudsman de l'approvisionnement,777,145,BVZ00,811,136,GSC,Department of Public Works and Government Services,Ministère des Travaux publics et des Services gouvernementaux,4480464,,,4498185,,,4500921,,,,28,28,28,,dp_resources,2024,0
30653,9416,2024,3557,222,ISS02,Communications Services,Services de communication,778,146,ISS00,811,136,GSC,Department of Public Works and Government Services,Ministère des Travaux publics et des Services gouvernementaux,16136534,,,15478664,,,15450202,,,,188,189,189,,dp_resources,2024,0
30654,9441,2024,3558,801,ISS03,Legal Services,Services juridiques,778,146,ISS00,811,136,GSC,Department of Public Works and Government Services,Ministère des Travaux publics et des Services gouvernementaux,4589904,,,4225008,,,4177612,,,,30,30,30,,dp_resources,2024,0
30656,9497,2024,3560,426,ISS05,Financial Management Services,Services de gestion financière,778,146,ISS00,811,136,GSC,Department of Public Works and Government Services,Ministère des Travaux publics et des Services gouvernementaux,76537982,,,67745670,,,68583035,,,,616,609,609,,dp_resources,2024,0
30657,9532,2024,3561,598,ISS06,Information Management Services,Services de gestion de l'information,778,146,ISS00,811,136,GSC,Department of Public Works and Government Services,Ministère des Travaux publics et des Services gouvernementaux,18503009,,,14923099,,,14472994,,,,202,201,202,,dp_resources,2024,0
30658,9556,2024,3562,633,ISS07,Information Technology Services,Services de la technologie de l'information,778,146,ISS00,811,136,GSC,Department of Public Works and Government Services,Ministère des Travaux publics et des Services gouvernementaux,103088418,,,80161774,,,79655747,,,,855,843,838,,dp_resources,2024,0
30659,9574,2024,3563,1096,ISS08,Real Property Management Services,Services de gestion des biens immobiliers,778,146,ISS00,811,136,GSC,Department of Public Works and Government Services,Ministère des Travaux publics et des Services gouvernementaux,7186481,,,5916963,,,5856230,,,,136,130,131,,dp_resources,2024,0
30660,9628,2024,3564,905,ISS09,Materiel Management Services,Services de gestion du matériel,778,146,ISS00,811,136,GSC,Department of Public Works and Government Services,Ministère des Travaux publics et des Services gouvernementaux,1591283,,,914772,,,896990,,,,24,24,25,,dp_resources,2024,0
30661,9647,2024,3565,28,ISS0Z,Acquisition Management Services,Services de gestion des acquisitions,778,146,ISS00,811,136,GSC,Department of Public Works and Government Services,Ministère des Travaux publics et des Services gouvernementaux,3075904,,,2590987,,,2571547,,,,39,39,39,,dp_resources,2024,0
30662,9361,2024,3556,856,ISS01,Management and Oversight Services,Services de gestion et de surveillance,778,146,ISS00,811,136,GSC,Department of Public Works and Government Services,Ministère des Travaux publics et des Services gouvernementaux,42049979,,,40885716,,,40349031,,,,528,523,520,,dp_resources,2024,0
30663,9464,2024,3559,537,ISS04,Human Resources Management Services,Services de gestion des ressources humaines,778,146,ISS00,811,136,GSC,Department of Public Works and Government Services,Ministère des Travaux publics et des Services gouvernementaux,49868381,,,43612356,,,43011690,,,,831,827,823,,dp_resources,2024,0
30664,8608,2024,6681,1540,BVV03,Procurement Program,Programme des approvisionnements,773,141,BVV00,811,136,GSC,Department of Public Works and Government Services,Ministère des Travaux publics et des Services gouvernementaux,181701564,,,182571725,,,157224483,,,,2425,2433,2418,,dp_resources,2024,0
30665,9189,2024,4723,1112,BVX02,Real Property Services,Services immobiliers,775,143,BVX00,811,136,GSC,Department of Public Works and Government Services,Ministère des Travaux publics et des Services gouvernementaux,20800000,,,5400000,,,-1800000,,,,3688,3708,3710,,dp_resources,2024,0
30666,8651,2024,7082,1528,BYB01,Allocation-Based and Direct Funding Stewardship,Gérance du financement fondé sur l’allocation et du financement direct,1218,355,BYB00,990,237,OICC,Office of Infrastructure of Canada,Bureau de l'infrastructure du Canada,7396665088,,,8650925259,,,7997916817,,,,215,217,150,,dp_resources,2024,0
30667,9285,2024,6816,1004,BXA01,Oversight and Treasury Board Support,Surveillance et soutien au Conseil du Trésor,940,310,BXA00,983,326,TBC,Treasury Board Secretariat,Secrétariat du Conseil du Trésor,26272502,,,26563882,,,26627509,,,,173,173,173,,dp_resources,2024,0
30668,9286,2024,6817,378,BXA02,"Expenditure Data, Analysis, Results, and Reviews","Données, analyses, résultats et examens des dépenses",940,310,BXA00,983,326,TBC,Treasury Board Secretariat,Secrétariat du Conseil du Trésor,5137886914,,,5124757212,,,5119338446,,,,130,127,127,,dp_resources,2024,0
30670,8575,2024,6859,1604,BXB13,Digital Government Program,Programme du gouvernement numérique,941,311,BXB00,983,326,TBC,Treasury Board Secretariat,Secrétariat du Conseil du Trésor,49251538,,,46632970,,,46579840,,,,260,246,245,,dp_resources,2024,0
30671,8688,2024,5696,1316,BXB08,Communications and Federal Identity Policies and Initiatives,Politiques et initiatives sur les communications et l'image de marque du GC,941,311,BXB00,983,326,TBC,Treasury Board Secretariat,Secrétariat du Conseil du Trésor,1137002,,,1145085,,,1145026,,,,16,16,16,,dp_resources,2024,0
30672,8689,2024,5159,1322,BXB11,Public Service Accessibility,Accessibilité de la fonction publique,941,311,BXB00,983,326,TBC,Treasury Board Secretariat,Secrétariat du Conseil du Trésor,70916,,,87892,,,91377,,,,0,0,0,,dp_resources,2024,0
30673,8576,2024,6814,1602,BXC08,Employer Program,Programme d’employeur,942,312,BXC00,983,326,TBC,Treasury Board Secretariat,Secrétariat du Conseil du Trésor,116837171,,,95065632,,,84394844,,,,520,484,423,,dp_resources,2024,0
30674,9287,2024,6815,1061,BXC04,Public Service Employer Payments,Paiements en tant qu'employeur de la fonction publique,942,312,BXC00,983,326,TBC,Treasury Board Secretariat,Secrétariat du Conseil du Trésor,3837755494,,,3949212021,,,4132924127,,,,0,0,0,,dp_resources,2024,0
30675,9288,2024,6393,1130,BXD01,"Regulatory Policy, Oversight, and Cooperation","Politique, surveillance et coopération réglementaires",943,313,BXD00,983,326,TBC,Treasury Board Secretariat,Secrétariat du Conseil du Trésor,13178032,,,10811526,,,10837524,,,,74,59,59,,dp_resources,2024,0
30676,9689,2024,4183,869,ISS01,Management and Oversight Services,Services de gestion et de surveillance,944,314,ISS00,983,326,TBC,Treasury Board Secretariat,Secrétariat du Conseil du Trésor,21535725,,,21549451,,,20169554,,,,163,163,163,,dp_resources,2024,0
30677,9690,2024,4184,235,ISS02,Communications Services,Services de communication,944,314,ISS00,983,326,TBC,Treasury Board Secretariat,Secrétariat du Conseil du Trésor,11760060,,,11458504,,,11408813,,,,85,85,85,,dp_resources,2024,0
30678,9693,2024,4185,814,ISS03,Legal Services,Services juridiques,944,314,ISS00,983,326,TBC,Treasury Board Secretariat,Secrétariat du Conseil du Trésor,12743751,,,12063463,,,12167740,,,,34,33,33,,dp_resources,2024,0
30679,9695,2024,4186,550,ISS04,Human Resources Management Services,Services de gestion des ressources humaines,944,314,ISS00,983,326,TBC,Treasury Board Secretariat,Secrétariat du Conseil du Trésor,13296915,,,13269329,,,13297569,,,,113,113,113,,dp_resources,2024,0
30680,9697,2024,4187,439,ISS05,Financial Management Services,Services de gestion financière,944,314,ISS00,983,326,TBC,Treasury Board Secretariat,Secrétariat du Conseil du Trésor,10925676,,,11160801,,,11283723,,,,102,102,102,,dp_resources,2024,0
30681,9699,2024,4188,611,ISS06,Information Management Services,Services de gestion de l'information,944,314,ISS00,983,326,TBC,Treasury Board Secretariat,Secrétariat du Conseil du Trésor,4575002,,,3617532,,,3087093,,,,24,24,24,,dp_resources,2024,0
30682,9701,2024,4189,646,ISS07,Information Technology Services,Services de la technologie de l'information,944,314,ISS00,983,326,TBC,Treasury Board Secretariat,Secrétariat du Conseil du Trésor,13588883,,,13170879,,,13006926,,,,103,103,103,,dp_resources,2024,0
30683,9702,2024,4190,1109,ISS08,Real Property Management Services,Services de gestion des biens immobiliers,944,314,ISS00,983,326,TBC,Treasury Board Secretariat,Secrétariat du Conseil du Trésor,2767134,,,2773312,,,2773265,,,,15,15,15,,dp_resources,2024,0
30684,9704,2024,4191,918,ISS09,Materiel Management Services,Services de gestion du matériel,944,314,ISS00,983,326,TBC,Treasury Board Secretariat,Secrétariat du Conseil du Trésor,1839345,,,1846105,,,1846069,,,,9,9,9,,dp_resources,2024,0
30685,9706,2024,4192,41,ISS0Z,Acquisition Management Services,Services de gestion des acquisitions,944,314,ISS00,983,326,TBC,Treasury Board Secretariat,Secrétariat du Conseil du Trésor,1345732,,,1346267,,,1344665,,,,10,10,10,,dp_resources,2024,0
30686,8671,2024,5947,1488,BYE01,Workplace Technologies,Technologies en milieu de travail,1135,356,BYE00,929,305,SHARE,Shared Services Canada,Services partagés Canada,200757323,,,191916321,,,179705725,,,,393,397,417,,dp_resources,2024,0
30687,8672,2024,5949,1490,BYE03,Data Centre Information Technology Operations,Opérations en technologies de l’information des centres de données,1135,356,BYE00,929,305,SHARE,Shared Services Canada,Services partagés Canada,751878779,,,696006850,,,620461959,,,,2222,2185,2134,,dp_resources,2024,0
30688,8673,2024,5950,1493,BYE04,Telecommunications,Télécommunications,1135,356,BYE00,929,305,SHARE,Shared Services Canada,Services partagés Canada,354303417,,,324442843,,,366146965,,,,632,632,442,,dp_resources,2024,0
30689,8674,2024,5951,1492,BYE05,Networks,Réseaux,1135,356,BYE00,929,305,SHARE,Shared Services Canada,Services partagés Canada,379026467,,,315260638,,,304690169,,,,1013,1014,1362,,dp_resources,2024,0
30690,8675,2024,5952,1489,BYE06,Security,Sécurité,1135,356,BYE00,929,305,SHARE,Shared Services Canada,Services partagés Canada,261669833,,,301148576,,,288901628,,,,1350,1357,1222,,dp_resources,2024,0
30691,8676,2024,5953,1494,BYE07,Enterprise Services Design and Delivery,Conception et prestation des services d’entreprise,1135,356,BYE00,929,305,SHARE,Shared Services Canada,Services partagés Canada,203931687,,,190574327,,,208366923,,,,1708,1694,1677,,dp_resources,2024,0
30692,9268,2024,5948,187,BYE02,Cloud,Infonuagique,1135,356,BYE00,929,305,SHARE,Shared Services Canada,Services partagés Canada,16742648,,,14573672,,,14946779,,,,141,141,104,,dp_resources,2024,0
30693,9373,2024,4111,866,ISS01,Management and Oversight Services,Services de gestion et de surveillance,927,302,ISS00,929,305,SHARE,Shared Services Canada,Services partagés Canada,51123803,,,51005773,,,50271351,,,,324,322,318,,dp_resources,2024,0
30694,9400,2024,4112,232,ISS02,Communications Services,Services de communication,927,302,ISS00,929,305,SHARE,Shared Services Canada,Services partagés Canada,12931785,,,12979526,,,12977308,,,,109,108,107,,dp_resources,2024,0
30695,9472,2024,4114,547,ISS04,Human Resources Management Services,Services de gestion des ressources humaines,927,302,ISS00,929,305,SHARE,Shared Services Canada,Services partagés Canada,57926291,,,58760860,,,59205336,,,,358,362,364,,dp_resources,2024,0
30696,9480,2024,4115,436,ISS05,Financial Management Services,Services de gestion financière,927,302,ISS00,929,305,SHARE,Shared Services Canada,Services partagés Canada,49539430,,,49538825,,,43463650,,,,330,327,325,,dp_resources,2024,0
30697,9540,2024,4116,608,ISS06,Information Management Services,Services de gestion de l'information,927,302,ISS00,929,305,SHARE,Shared Services Canada,Services partagés Canada,12604525,,,12649601,,,12647617,,,,40,40,39,,dp_resources,2024,0
30699,9593,2024,4118,1106,ISS08,Real Property Management Services,Services de gestion des biens immobiliers,927,302,ISS00,929,305,SHARE,Shared Services Canada,Services partagés Canada,31603054,,,31406147,,,22770160,,,,30,30,29,,dp_resources,2024,0
30700,9623,2024,4119,915,ISS09,Materiel Management Services,Services de gestion du matériel,927,302,ISS00,929,305,SHARE,Shared Services Canada,Services partagés Canada,3893716,,,3899334,,,3899135,,,,16,16,16,,dp_resources,2024,0
30701,9639,2024,4120,38,ISS0Z,Acquisition Management Services,Services de gestion des acquisitions,927,302,ISS00,929,305,SHARE,Shared Services Canada,Services partagés Canada,22322256,,,22319177,,,22261627,,,,180,179,178,,dp_resources,2024,0
30702,9423,2024,4113,811,ISS03,Legal Services,Services juridiques,927,302,ISS00,929,305,SHARE,Shared Services Canada,Services partagés Canada,0,,,0,,,0,,,,0,0,0,,dp_resources,2024,0
30703,9565,2024,4117,643,ISS07,Information Technology Services,Services de la technologie de l'information,927,302,ISS00,929,305,SHARE,Shared Services Canada,Services partagés Canada,69784744,,,70366341,,,51843653,,,,279,279,277,,dp_resources,2024,0
30704,8762,2024,4054,1057,BGH01,Protection of Official Languages Rights,Protection des droits liés aux langues officielles,913,242,BGH00,930,242,OCOL,Office of the Commissioner of Official Languages,Commissariat aux langues officielles,8873979,,,8548331,,,8558425,,,,68,68,68,,dp_resources,2024,0
30705,8763,2024,4055,52,BGI01,Advancement of Official Languages,Avancement des langues officielles,989,243,BGI00,930,242,OCOL,Office of the Commissioner of Official Languages,Commissariat aux langues officielles,8366894,,,8059855,,,8069373,,,,50,50,50,,dp_resources,2024,0
30706,9330,2024,4541,713,ISS00,Internal Services,Services internes,915,244,ISS00,930,242,OCOL,Office of the Commissioner of Official Languages,Commissariat aux langues officielles,8113352,,,7815616,,,7824846,,,,51,51,51,,dp_resources,2024,0
30707,8917,2024,3967,1227,BRT01,Support for Canadian Content Creation,Soutien pour la création de contenu canadien,1149,91,BRT00,769,93,CRTC,Canadian Radio-television and Telecommunications Commission,Conseil de la radiodiffusion et des télécommunications canadiennes,4510826,,,2758320,,,2758819,,,,173,180,180,,dp_resources,2024,0
30708,8918,2024,3968,264,BRT02,Connection to the Communications System,Connexion au système de communication,1149,91,BRT00,769,93,CRTC,Canadian Radio-television and Telecommunications Commission,Conseil de la radiodiffusion et des télécommunications canadiennes,4095194,,,3496932,,,3497222,,,,204,205,205,,dp_resources,2024,0
30709,8919,2024,3969,1056,BRT03,Protection Within the Communications System,Protection au sein du système de communication,1149,91,BRT00,769,93,CRTC,Canadian Radio-television and Telecommunications Commission,Conseil de la radiodiffusion et des télécommunications canadiennes,5634854,,,5479418,,,5479452,,,,98,99,99,,dp_resources,2024,0
30710,9313,2024,4576,683,ISS00,Internal Services,Services internes,902,92,ISS00,769,93,CRTC,Canadian Radio-television and Telecommunications Commission,Conseil de la radiodiffusion et des télécommunications canadiennes,3774274,,,3270265,,,3274929,,,,175,178,178,,dp_resources,2024,0
30714,8889,2024,6582,282,BNV04,Cost-Recovered Statistical Services,Services statistiques à frais recouvrables,956,288,BNV00,536,313,SC,Statistics Canada,Statistique Canada,11757540,,,12420000,,,12420000,,,,1140,1190,1190,,dp_resources,2024,0
30727,8908,2024,5884,258,BRF01,Compliance with access to information obligations,Conformité avec les obligations prévues à la Loi sur l'accès à l'information,1114,171,BRF00,825,255,IPC_i,Office of the Information Commissioner of Canada,Commissariat à l'information du Canada,12018752,,,12067635,,,12074490,,,,99,99,99,,dp_resources,2024,0
30728,9678,2024,7212,733,ISS20,Internal Services – Office of the Information Commissioner of Canada,Services internes – Commissariat à l'information du Canada,1260,174,ISS20,825,255,IPC_i,Office of the Information Commissioner of Canada,Commissariat à l'information du Canada,5150894,,,5171843,,,5174782,,,,30,30,30,,dp_resources,2024,0
30729,8731,2024,3611,765,BEG01,Judicial Services,Services judiciaires,792,13,BEG00,783,118,CAS,Courts Administration Service,Service administratif des tribunaux judiciaires,82076523,,,79064317,,,69673202,,,,197,198,202,,dp_resources,2024,0
30730,8732,2024,3612,1123,BEG02,Registry Services,Services de greffe,792,13,BEG00,783,118,CAS,Courts Administration Service,Service administratif des tribunaux judiciaires,33681830,,,33909519,,,34012039,,,,364,364,364,,dp_resources,2024,0
30731,8733,2024,3613,325,BEG03,E-Courts,Tribunaux électroniques,792,13,BEG00,783,118,CAS,Courts Administration Service,Service administratif des tribunaux judiciaires,3987658,,,5004914,,,912000,,,,0,0,0,,dp_resources,2024,0
30732,8734,2024,3614,1166,BEG04,Security,Sécurité,792,13,BEG00,783,118,CAS,Courts Administration Service,Service administratif des tribunaux judiciaires,10067961,,,10267118,,,9439228,,,,39,39,39,,dp_resources,2024,0
30733,9343,2024,4551,689,ISS00,Internal Services,Services internes,793,14,ISS00,783,118,CAS,Courts Administration Service,Service administratif des tribunaux judiciaires,38286646,,,32421957,,,32534971,,,,271,271,271,,dp_resources,2024,0
30734,9153,2024,3896,1012,BVM01,Patented Medicine Price Regulation Program,Le programme de réglementation du prix des médicaments brevetés,887,273,BVM00,514,266,PMPRB,Patented Medicine Prices Review Board,Conseil d’examen du prix des médicaments brevetés,12014521,,,12053187,,,12063851,,,,43,43,43,,dp_resources,2024,0
30735,9154,2024,3897,1029,BVM02,Pharmaceutical Trends Program,Le programme sur les tendances relatives aux produits pharmaceutiques,887,273,BVM00,514,266,PMPRB,Patented Medicine Prices Review Board,Conseil d’examen du prix des médicaments brevetés,2302292,,,2319109,,,2322726,,,,15,15,15,,dp_resources,2024,0
30736,9316,2024,4574,722,ISS00,Internal Services,Services internes,888,274,ISS00,514,266,PMPRB,Patented Medicine Prices Review Board,Conseil d’examen du prix des médicaments brevetés,3429234,,,3465170,,,3472370,,,,23,23,23,,dp_resources,2024,0
30737,9331,2024,4553,711,ISS00,Internal Services,Services internes,802,128,ISS00,751,240,FJA,Office of the Commissioner for Federal Judicial Affairs,Commissariat à la magistrature fédérale,726800,,,726800,,,726800,,,,5.5,5.5,5.5,,dp_resources,2024,0
30742,8634,2024,7270,1622,BYO01,Law Review,Examen du droit,1261,372,BYO00,977,198,LCC,Law Commission of Canada,Commission du droit du Canada,2645894,,,2645894,,,2435907,,,,13,13,13,,dp_resources,2024,0
30743,9300,2024,6980,1623,ISS00,Internal Services,Services internes,1241,373,ISS00,977,198,LCC,Law Commission of Canada,Commission du droit du Canada,1229701,,,1229701,,,1229701,,,,5,5,5,,dp_resources,2024,0
30746,8904,2024,3640,1016,BNZ01,Payments pursuant to the Judges Act,Paiements en application de la Loi sur les juges,801,127,BNZ00,751,240,FJA,Office of the Commissioner for Federal Judicial Affairs,Commissariat à la magistrature fédérale,774063257,,,820379348,,,857406747,,,,0,0,0,,dp_resources,2024,0
30748,8906,2024,3642,150,BNZ03,Canadian Judicial Council,Conseil canadien de la magistrature,801,127,BNZ00,751,240,FJA,Office of the Commissioner for Federal Judicial Affairs,Commissariat à la magistrature fédérale,2934958,,,2936474,,,2935480,,,,11,11,11,,dp_resources,2024,0
30750,9262,2024,3830,1157,BWX01,Science and Technology,Science et technologie,863,89,BWX00,750,552,CPCC,Canadian High Arctic Research Station,Station canadienne de recherche dans l’Extrême-Arctique,22934689,,,22102669,,,22842076,,,,41,41,41,,dp_resources,2024,0
30751,9263,2024,3831,767,BWX02,Knowledge Management and Engagement,Gestion des connaissances et mobilisation,863,89,BWX00,750,552,CPCC,Canadian High Arctic Research Station,Station canadienne de recherche dans l’Extrême-Arctique,1994321,,,1921971,,,1986268,,,,10,10,10,,dp_resources,2024,0
30752,9318,2024,4568,674,ISS00,Internal Services,Services internes,864,90,ISS00,750,552,CPCC,Canadian High Arctic Research Station,Station canadienne de recherche dans l’Extrême-Arctique,10481143,,,10236234,,,10578670,,,,56,56,56,,dp_resources,2024,0
30757,9301,2024,7246,1570,ISS10,Internal Services,Services internes,1264,365,ISS10,908,560,PCAN,Pacific Economic Development Agency of Canada,Agence de développement économique du Pacifique Canada,8964534,,,7267057,,,7241517,,,,48,48,48,,dp_resources,2024,0
30758,8830,2024,6623,816,BGX01,Legislative Audit,Audit législatif,1209,239,BGX00,931,238,OAG,Office of the Auditor General,Bureau du vérificateur général,127534214,,,128234214,,,126230714,,,,770,760,750,,dp_resources,2024,0
30759,8447,2024,7198,1639,BNQ27,Canadian Photonics Fabrication Centre,Centre de fabrication pour la photonique du Canada,909,233,BNQ00,773,228,NRC,National Research Council of Canada,Conseil national de recherches du Canada,38715715,,,18802678,,,16327711,,,,69.97,69.97,69.97,,dp_resources,2024,0
30760,8448,2024,7197,1640,BNQ28,Quantum and Nanotechnologies,Quantique et nanotechnologies,909,233,BNQ00,773,228,NRC,National Research Council of Canada,Conseil national de recherches du Canada,55518529.85,,,56612184.81,,,57730650.04,,,,244.05,244.05,244.05,,dp_resources,2024,0
30761,8567,2024,6849,1592,BNQ26,Biologics Manufacturing Centre,Centre de production de produits biologiques,909,233,BNQ00,773,228,NRC,National Research Council of Canada,Conseil national de recherches du Canada,20000000,,,20000000,,,20000000,,,,0,0,0,,dp_resources,2024,0
30762,8666,2024,5184,1498,BNQ25,Genomics Research and Development Initiative Shared Priority Projects,Projets à priorité partagée de l’Initiative de recherche et développement en génomique,909,233,BNQ00,773,228,NRC,National Research Council of Canada,Conseil national de recherches du Canada,0,,,0,,,0,,,,0,0,0,,dp_resources,2024,0
30763,8685,2024,5019,1309,BNQ24,Digital Technologies,Technologies numériques,909,233,BNQ00,773,228,NRC,National Research Council of Canada,Conseil national de recherches du Canada,23283021.62,,,23526943.79,,,23401385.72,,,,148.23,148.23,148.23,,dp_resources,2024,0
30764,8858,2024,6627,54,BNQ01,Aerospace,Aérospatiale,909,233,BNQ00,773,228,NRC,National Research Council of Canada,Conseil national de recherches du Canada,77722465.33,,,82106761.59,,,83759682.18,,,,351.3,351.3,351.3,,dp_resources,2024,0
30765,8859,2024,6725,85,BNQ02,Aquatic and Crop Resource Development,Développement des cultures et des ressources aquatiques,909,233,BNQ00,773,228,NRC,National Research Council of Canada,Conseil national de recherches du Canada,31445968.03,,,32289660.79,,,32585155.32,,,,157.56,157.56,157.56,,dp_resources,2024,0
30766,8860,2024,4998,96,BNQ03,Automotive and Surface Transportation,Automobile et Transports de surface,909,233,BNQ00,773,228,NRC,National Research Council of Canada,Conseil national de recherches du Canada,47632303.46,,,49182104.09,,,49512380.34,,,,272.36,272.36,272.36,,dp_resources,2024,0
30767,8861,2024,6691,266,BNQ04,Construction,Construction,909,233,BNQ00,773,228,NRC,National Research Council of Canada,Conseil national de recherches du Canada,77580270.47,,,75853673.57,,,71879063.23,,,,319.85,319.85,319.85,,dp_resources,2024,0
30768,8862,2024,5000,361,BNQ05,"Energy, Mining and Environment","Énergie, mines et environnement",909,233,BNQ00,773,228,NRC,National Research Council of Canada,Conseil national de recherches du Canada,40314833.05,,,42610957.02,,,40704599.01,,,,220.78,220.78,220.78,,dp_resources,2024,0
30769,8863,2024,5001,504,BNQ06,Herzberg Astronomy & Astrophysics,"Herzberg, Astronomie et astrophysique",909,233,BNQ00,773,228,NRC,National Research Council of Canada,Conseil national de recherches du Canada,123188569.2,,,123707325.1,,,73562628.58,,,,131.8,131.8,131.8,,dp_resources,2024,0
30771,8865,2024,7059,577,BNQ08,Industrial Research Assistance Program,Programme d'aide à la recherche industrielle,909,233,BNQ00,773,228,NRC,National Research Council of Canada,Conseil national de recherches du Canada,520748339.3,,,504950308.7,,,505802554.3,,,,477.17,477.17,477.17,,dp_resources,2024,0
30772,8866,2024,6052,736,BNQ10,International Affiliations,Affiliations internationales,909,233,BNQ00,773,228,NRC,National Research Council of Canada,Conseil national de recherches du Canada,559357,,,559357,,,559357,,,,0,0,0,,dp_resources,2024,0
30773,8867,2024,5005,919,BNQ11,Metrology,Métrologie,909,233,BNQ00,773,228,NRC,National Research Council of Canada,Conseil national de recherches du Canada,31877292.43,,,33309644.07,,,33832178.75,,,,170.46,170.46,170.46,,dp_resources,2024,0
30775,8869,2024,6697,954,BNQ14,National Science Library,Bibliothèque scientifique nationale,909,233,BNQ00,773,228,NRC,National Research Council of Canada,Conseil national de recherches du Canada,16012611,,,16002253,,,16002253,,,,28.39,28.39,28.39,,dp_resources,2024,0
30776,8870,2024,6698,983,BNQ15,"Ocean, Coastal and River Engineering","Génie océanique, côtier et fluvial",909,233,BNQ00,773,228,NRC,National Research Council of Canada,Conseil national de recherches du Canada,22155662.92,,,22956371.2,,,23686731.19,,,,113.56,113.56,113.56,,dp_resources,2024,0
30777,8871,2024,5012,1231,BNQ17,TRIUMF,TRIUMF,909,233,BNQ00,773,228,NRC,National Research Council of Canada,Conseil national de recherches du Canada,61196196,,,20365079,,,20365079,,,,0,0,0,,dp_resources,2024,0
30778,8872,2024,5013,124,BNQ18,Business Management Support (Enabling),Soutien à la gestion des affaires (fonction habilitante),909,233,BNQ00,773,228,NRC,National Research Council of Canada,Conseil national de recherches du Canada,17664999.69,,,17585402.34,,,17475960.7,,,,68.37,68.37,68.37,,dp_resources,2024,0
30779,8873,2024,5014,304,BNQ19,Design & Fabrication Services (Enabling),Services de conception et de fabrication (fonction habilitante),909,233,BNQ00,773,228,NRC,National Research Council of Canada,Conseil national de recherches du Canada,13960821.53,,,14369684.38,,,14557213.42,,,,88.19,88.19,88.19,,dp_resources,2024,0
30780,8874,2024,5033,1132,BNQ20,Research Information Technology Platforms (Enabling),Technologies spécialisées d'information en R-D (fonction habilitante),909,233,BNQ00,773,228,NRC,National Research Council of Canada,Conseil national de recherches du Canada,8772909,,,8452613,,,8452613,,,,36.61,36.61,16.61,,dp_resources,2024,0
30781,8875,2024,5733,1201,BNQ21,Special Purpose Real Property (Enabling),Biens immobiliers à vocation particulière (fonction habilitante),909,233,BNQ00,773,228,NRC,National Research Council of Canada,Conseil national de recherches du Canada,81723943.09,,,85376546.47,,,89492530.56,,,,10,10,10,,dp_resources,2024,0
30782,8876,2024,5017,188,BNQ22,"Collaborative Science, Technology and Innovation Program","Programme de collaboration en science, en technologie et en innovation",909,233,BNQ00,773,228,NRC,National Research Council of Canada,Conseil national de recherches du Canada,48644394.27,,,54454918.78,,,51594151.4,,,,38.11,38.11,38.11,,dp_resources,2024,0
30783,9367,2024,4002,860,ISS01,Management and Oversight Services,Services de gestion et de surveillance,910,234,ISS00,773,228,NRC,National Research Council of Canada,Conseil national de recherches du Canada,26763160.99,,,30019851.54,,,29742962.46,,,,162.16,162.16,162.16,,dp_resources,2024,0
30784,9394,2024,4003,226,ISS02,Communications Services,Services de communication,910,234,ISS00,773,228,NRC,National Research Council of Canada,Conseil national de recherches du Canada,9832874.37,,,9799575.93,,,9760004.9,,,,84.21,84.21,84.21,,dp_resources,2024,0
30785,9429,2024,4004,805,ISS03,Legal Services,Services juridiques,910,234,ISS00,773,228,NRC,National Research Council of Canada,Conseil national de recherches du Canada,786078.03,,,783456.46,,,780352.54,,,,0,0,0,,dp_resources,2024,0
30786,9452,2024,4005,541,ISS04,Human Resources Management Services,Services de gestion des ressources humaines,910,234,ISS00,773,228,NRC,National Research Council of Canada,Conseil national de recherches du Canada,15511512.81,,,15607843.56,,,15620638.53,,,,145.59,145.59,145.59,,dp_resources,2024,0
30787,9482,2024,4006,430,ISS05,Financial Management Services,Services de gestion financière,910,234,ISS00,773,228,NRC,National Research Council of Canada,Conseil national de recherches du Canada,13411688.67,,,13577883.09,,,13637464.29,,,,118.41,118.41,118.41,,dp_resources,2024,0
30788,9527,2024,4007,602,ISS06,Information Management Services,Services de gestion de l'information,910,234,ISS00,773,228,NRC,National Research Council of Canada,Conseil national de recherches du Canada,4969522.46,,,4977537.68,,,4983907.27,,,,40.79,40.79,40.79,,dp_resources,2024,0
30789,9559,2024,4008,637,ISS07,Information Technology Services,Services de la technologie de l'information,910,234,ISS00,773,228,NRC,National Research Council of Canada,Conseil national de recherches du Canada,34813906.69,,,34613127.31,,,34325835.12,,,,219.29,219.29,219.29,,dp_resources,2024,0
30790,9602,2024,4009,1100,ISS08,Real Property Management Services,Services de gestion des biens immobiliers,910,234,ISS00,773,228,NRC,National Research Council of Canada,Conseil national de recherches du Canada,61777885.71,,,67031766.1,,,67044239.86,,,,230.47,230.47,230.47,,dp_resources,2024,0
30791,9631,2024,4010,909,ISS09,Materiel Management Services,Services de gestion du matériel,910,234,ISS00,773,228,NRC,National Research Council of Canada,Conseil national de recherches du Canada,1679003.18,,,1679330.16,,,1680805.23,,,,19.97,19.97,19.97,,dp_resources,2024,0
30792,9644,2024,4011,32,ISS0Z,Acquisition Management Services,Services de gestion des acquisitions,910,234,ISS00,773,228,NRC,National Research Council of Canada,Conseil national de recherches du Canada,1975290.54,,,1975676.86,,,1977412.69,,,,35.61,35.61,35.61,,dp_resources,2024,0
30793,9151,2024,3975,251,BVJ01,Complaints Resolution,Règlement des plaintes,905,190,BVJ00,926,210,MPCC,Military Police Complaints Commission,Commission d’examen des plaintes concernant la police militaire,3407234,,,3422483,,,3250670,,,,16,16,16,,dp_resources,2024,0
30794,9335,2024,4578,702,ISS00,Internal Services,Services internes,906,191,ISS00,926,210,MPCC,Military Police Complaints Commission,Commission d’examen des plaintes concernant la police militaire,2277453,,,2277453,,,2157113,,,,15,15,15,,dp_resources,2024,0
30795,8905,2024,3641,391,BNZ02,Federal Judicial Affairs,Commissariat à la magistrature fédérale,801,127,BNZ00,751,240,FJA,Office of the Commissioner for Federal Judicial Affairs,Commissariat à la magistrature fédérale,11075042,,,11108633,,,11111187,,,,49.5,49.5,49.5,,dp_resources,2024,0
30796,8891,2024,6510,821,BNX01,Litigation Services,Services de contentieux,1204,182,BNX00,899,132,JUS,Department of Justice,Ministère de la Justice,103368751,,,94593381,,,93805421,,,,2200,2200,2200,,dp_resources,2024,0
30797,8892,2024,6507,817,BNX02,Legislative Services,Services législatifs,1204,182,BNX00,899,132,JUS,Department of Justice,Ministère de la Justice,21840081,,,22274002,,,22337319,,,,227,227,227,,dp_resources,2024,0
30798,8893,2024,6550,53,BNX03,Advisory Services,Services de consultation juridique,1204,182,BNX00,899,132,JUS,Department of Justice,Ministère de la Justice,105668126,,,104066463,,,103377677,,,,1491,1491,1491,,dp_resources,2024,0
30799,8894,2024,6495,779,BNY01,"Legal Policies, Laws and Governance","Politiques juridiques, Lois et Gouvernance",853,183,BNY00,899,132,JUS,Department of Justice,Ministère de la Justice,52370061,,,49981573,,,47612459,,,,332,332,332,,dp_resources,2024,0
30800,8895,2024,3785,780,BNY02,Legal Representation,Représentation juridique,853,183,BNY00,899,132,JUS,Department of Justice,Ministère de la Justice,161161603,,,160761284,,,159146963,,,,9,9,9,,dp_resources,2024,0
30801,8896,2024,3786,274,BNY03,Contraventions Regime,Régime de contraventions,853,183,BNY00,899,132,JUS,Department of Justice,Ministère de la Justice,8609025,,,8607938,,,8499388,,,,5,5,5,,dp_resources,2024,0
30802,8897,2024,4412,323,BNY04,Drug Treatment Court Funding Program,Programme de financement des tribunaux de traitement de la toxicomanie,853,183,BNY00,899,132,JUS,Department of Justice,Ministère de la Justice,10899213,,,10902964,,,10902517,,,,1,1,1,,dp_resources,2024,0
30803,8898,2024,3788,1275,BNY05,Victims of Crime,Victimes d'actes criminels,853,183,BNY00,899,132,JUS,Department of Justice,Ministère de la Justice,47752216,,,46140849,,,38661867,,,,6,6,6,,dp_resources,2024,0
30804,8899,2024,6499,1298,BNY06,Youth Justice,Justice pour les jeunes,853,183,BNY00,899,132,JUS,Department of Justice,Ministère de la Justice,201368561,,,201380109,,,201379813,,,,4,4,4,,dp_resources,2024,0
30805,8900,2024,3790,381,BNY07,Family Justice,Justice pour la famille,853,183,BNY00,899,132,JUS,Department of Justice,Ministère de la Justice,23738653,,,21462948,,,16260167,,,,1,1,1,,dp_resources,2024,0
30806,8901,2024,6494,571,BNY08,Indigenous Justice,Justice pour les autochtones,853,183,BNY00,899,132,JUS,Department of Justice,Ministère de la Justice,46272147,,,39309136,,,39305200,,,,17,17,17,,dp_resources,2024,0
30807,8902,2024,3792,766,BNY09,Justice System Partnerships,Partenariats avec le système de justice,853,183,BNY00,899,132,JUS,Department of Justice,Ministère de la Justice,48844180,,,43882104,,,19881050,,,,7,7,7,,dp_resources,2024,0
30808,8903,2024,6576,992,BNY10,Ombudsperson for Victims of Crime,Ombudsman des victimes d'actes criminels,853,183,BNY00,899,132,JUS,Department of Justice,Ministère de la Justice,1478037,,,1494092,,,1490769,,,,12,12,12,,dp_resources,2024,0
30809,9357,2024,3794,852,ISS01,Management and Oversight Services,Services de gestion et de surveillance,854,184,ISS00,899,132,JUS,Department of Justice,Ministère de la Justice,29529039,,,29421403,,,29203284,,,,268,268,268,,dp_resources,2024,0
30810,9411,2024,3795,218,ISS02,Communications Services,Services de communication,854,184,ISS00,899,132,JUS,Department of Justice,Ministère de la Justice,8315028,,,8292990,,,8156242,,,,63,63,63,,dp_resources,2024,0
30811,9435,2024,3796,797,ISS03,Legal Services,Services juridiques,854,184,ISS00,899,132,JUS,Department of Justice,Ministère de la Justice,0,,,0,,,0,,,,0,0,0,,dp_resources,2024,0
30812,9465,2024,3797,533,ISS04,Human Resources Management Services,Services de gestion des ressources humaines,854,184,ISS00,899,132,JUS,Department of Justice,Ministère de la Justice,14848955,,,15032809,,,15031581,,,,234,234,234,,dp_resources,2024,0
30813,9493,2024,3798,422,ISS05,Financial Management Services,Services de gestion financière,854,184,ISS00,899,132,JUS,Department of Justice,Ministère de la Justice,12052142,,,12198454,,,11935589,,,,150,150,150,,dp_resources,2024,0
30814,9533,2024,3799,594,ISS06,Information Management Services,Services de gestion de l'information,854,184,ISS00,899,132,JUS,Department of Justice,Ministère de la Justice,7455483,,,7377692,,,7282836,,,,126,126,126,,dp_resources,2024,0
30815,9552,2024,3800,629,ISS07,Information Technology Services,Services de la technologie de l'information,854,184,ISS00,899,132,JUS,Department of Justice,Ministère de la Justice,15788156,,,15645435,,,15406551,,,,213,213,213,,dp_resources,2024,0
30816,9579,2024,3801,1092,ISS08,Real Property Management Services,Services de gestion des biens immobiliers,854,184,ISS00,899,132,JUS,Department of Justice,Ministère de la Justice,5145248,,,4680119,,,4552003,,,,71,71,71,,dp_resources,2024,0
30817,9609,2024,3802,901,ISS09,Materiel Management Services,Services de gestion du matériel,854,184,ISS00,899,132,JUS,Department of Justice,Ministère de la Justice,0,,,0,,,0,,,,0,0,0,,dp_resources,2024,0
30818,9650,2024,3803,24,ISS0Z,Acquisition Management Services,Services de gestion des acquisitions,854,184,ISS00,899,132,JUS,Department of Justice,Ministère de la Justice,1407166,,,1408035,,,1407541,,,,19,19,19,,dp_resources,2024,0
30819,8922,2024,6011,86,BSD01,Arts,Arts,889,49,BSD00,878,122,CH,Department of Canadian Heritage,Ministère du Patrimoine canadien,170551498,,,152318737,,,136731619,,,,139.4,138.4,137.4,,dp_resources,2024,0
30820,8923,2024,6109,288,BSD02,Cultural Marketplace Framework,Cadre du marché culturel,889,49,BSD00,878,122,CH,Department of Canadian Heritage,Ministère du Patrimoine canadien,43701747,,,32552378,,,15173135,,,,122.7,111.7,76.8,,dp_resources,2024,0
30821,8924,2024,6058,287,BSD03,Cultural Industries Support and Development,Soutien et développement des industries culturelles,889,49,BSD00,878,122,CH,Department of Canadian Heritage,Ministère du Patrimoine canadien,328016532,,,294046323,,,290931782,,,,150.2,149.2,140.7,,dp_resources,2024,0
30822,8925,2024,6059,951,BSE01,"National Celebrations, Commemorations and Symbols","Célébrations, commémorations, symboles nationaux",890,50,BSE00,878,122,CH,Department of Canadian Heritage,Ministère du Patrimoine canadien,43697040,,,40701505,,,40672461,,,,127.9,126.9,127.9,,dp_resources,2024,0
30823,8926,2024,6666,241,BSE02,Community Engagement and Heritage,Engagement communautaire et patrimoine,890,50,BSE00,878,122,CH,Department of Canadian Heritage,Ministère du Patrimoine canadien,29893884,,,29929955,,,22789407,,,,55.5,55.4,55.4,,dp_resources,2024,0
30824,8927,2024,6061,1043,BSE03,Preservation of and Access to Heritage,Préservation et accès au patrimoine,890,50,BSE00,878,122,CH,Department of Canadian Heritage,Ministère du Patrimoine canadien,41489160,,,33906106,,,33188653,,,,137.5,133,132.5,,dp_resources,2024,0
30825,8928,2024,6667,778,BSE04,Learning About Canadian History,Apprentissage de l'histoire canadienne,890,50,BSE00,878,122,CH,Department of Canadian Heritage,Ministère du Patrimoine canadien,4331781,,,4360466,,,4259558,,,,5.3,5.3,5.3,,dp_resources,2024,0
30826,8929,2024,6686,1207,BSF01,Sport Development and High Performance,Développement du sport et performance de haut niveau,891,51,BSF00,878,122,CH,Department of Canadian Heritage,Ministère du Patrimoine canadien,253589681,,,236053759,,,232394799,,,,148.3,139.3,112.3,,dp_resources,2024,0
30827,8930,2024,6039,945,BSG01,Multiculturalism and Anti-Racism,Multiculturalisme et lutte contre le racisme,1224,52,BSG00,878,122,CH,Department of Canadian Heritage,Ministère du Patrimoine canadien,46596303,,,46675040,,,18933007,,,,104.5,104.1,81.6,,dp_resources,2024,0
30828,8931,2024,6040,551,BSG02,Human Rights,Droits de la personne,1224,52,BSG00,878,122,CH,Department of Canadian Heritage,Ministère du Patrimoine canadien,12127696,,,12146993,,,12145492,,,,14.72,14.7,14.7,,dp_resources,2024,0
30829,8932,2024,7066,572,BSG03,Indigenous Languages,Langues autochtones,1224,52,BSG00,878,122,CH,Department of Canadian Heritage,Ministère du Patrimoine canadien,171504265,,,141877812,,,132208535,,,,52.33,51.3,51.3,,dp_resources,2024,0
30830,8933,2024,6696,1297,BSG04,Youth Engagement,Engagement des jeunes,1224,52,BSG00,878,122,CH,Department of Canadian Heritage,Ministère du Patrimoine canadien,20506218,,,20536046,,,20534532,,,,31,30.4,30.4,,dp_resources,2024,0
30831,8934,2024,3911,988,BSH01,Official Languages,Langues officielles,893,53,BSH00,878,122,CH,Department of Canadian Heritage,Ministère du Patrimoine canadien,636203624,,,628778332,,,618338676,,,,176.2,174.5,174.5,,dp_resources,2024,0
30832,9379,2024,3912,843,ISS01,Management and Oversight Services,Services de gestion et de surveillance,894,54,ISS00,878,122,CH,Department of Canadian Heritage,Ministère du Patrimoine canadien,33211702,,,32583786,,,31347927,,,,270.5,271.4,271.9,,dp_resources,2024,0
30833,9390,2024,3913,209,ISS02,Communications Services,Services de communication,894,54,ISS00,878,122,CH,Department of Canadian Heritage,Ministère du Patrimoine canadien,12954656,,,12762212,,,12554591,,,,101.9,92.9,91.9,,dp_resources,2024,0
30834,9445,2024,3914,788,ISS03,Legal Services,Services juridiques,894,54,ISS00,878,122,CH,Department of Canadian Heritage,Ministère du Patrimoine canadien,772824,,,717579,,,706718,,,,4.3,4.3,4.3,,dp_resources,2024,0
30835,9470,2024,3915,524,ISS04,Human Resources Management Services,Services de gestion des ressources humaines,894,54,ISS00,878,122,CH,Department of Canadian Heritage,Ministère du Patrimoine canadien,13194037,,,12798439,,,12272332,,,,109.9,108.9,105.9,,dp_resources,2024,0
30836,9487,2024,3916,413,ISS05,Financial Management Services,Services de gestion financière,894,54,ISS00,878,122,CH,Department of Canadian Heritage,Ministère du Patrimoine canadien,7945304,,,8498541,,,7390993,,,,68.2,68.2,68.2,,dp_resources,2024,0
30837,9516,2024,3917,585,ISS06,Information Management Services,Services de gestion de l'information,894,54,ISS00,878,122,CH,Department of Canadian Heritage,Ministère du Patrimoine canadien,1920299,,,1845389,,,1758764,,,,13.5,13.5,13.5,,dp_resources,2024,0
30838,9543,2024,3918,620,ISS07,Information Technology Services,Services de la technologie de l'information,894,54,ISS00,878,122,CH,Department of Canadian Heritage,Ministère du Patrimoine canadien,13981876,,,14010276,,,13602948,,,,89.6,89.6,89.6,,dp_resources,2024,0
30839,9588,2024,3919,1083,ISS08,Real Property Management Services,Services de gestion des biens immobiliers,894,54,ISS00,878,122,CH,Department of Canadian Heritage,Ministère du Patrimoine canadien,5281737,,,5188420,,,4885349,,,,26.3,26.3,26.3,,dp_resources,2024,0
30840,9619,2024,3920,892,ISS09,Materiel Management Services,Services de gestion du matériel,894,54,ISS00,878,122,CH,Department of Canadian Heritage,Ministère du Patrimoine canadien,538868,,,570005,,,527208,,,,4.7,4.7,4.7,,dp_resources,2024,0
30841,9660,2024,3921,15,ISS0Z,Acquisition Management Services,Services de gestion des acquisitions,894,54,ISS00,878,122,CH,Department of Canadian Heritage,Ministère du Patrimoine canadien,1257308,,,1330026,,,1230181,,,,10.9,10.9,10.9,,dp_resources,2024,0
30846,8614,2024,6445,1539,BYG01,Electoral Boundaries Readjustment Administration,Révision des limites des circonscriptions électorales,1186,358,BYG00,862,239,CEO,Office of the Chief Electoral Officer,Bureau du directeur général des élections,0,,,0,,,0,,,,0,0,0,,dp_resources,2024,0
30855,8616,2024,6446,1536,BYI01,Voting Services,Services de vote,1185,364,BYI00,862,239,CEO,Office of the Chief Electoral Officer,Bureau du directeur général des élections,18183884,,,14262277,,,7837430,,,,136,100,63,,dp_resources,2024,0
30856,8617,2024,6447,1535,BYI02,Field Management,Gestion des activités en région,1185,364,BYI00,862,239,CEO,Office of the Chief Electoral Officer,Bureau du directeur général des élections,80457198,,,52497252,,,28874315,,,,330,236,135,,dp_resources,2024,0
30857,8618,2024,6443,1569,BYI03,Public Education and Information,Éducation et information du public,1185,364,BYI00,862,239,CEO,Office of the Chief Electoral Officer,Bureau du directeur général des élections,24364858,,,19624300,,,16043741,,,,166,132,100,,dp_resources,2024,0
30858,8619,2024,6444,1568,BYI04,Electoral Data Services,Services liés aux données électorales,1185,364,BYI00,862,239,CEO,Office of the Chief Electoral Officer,Bureau du directeur général des élections,17005355,,,15840929,,,14990224,,,,118,112,104,,dp_resources,2024,0
30859,8620,2024,6437,1565,BYJ01,Office of the Commissioner of Canada Elections,Bureau du commissaire aux élections fédérales,1184,363,BYJ00,862,239,CEO,Office of the Chief Electoral Officer,Bureau du directeur général des élections,9914228,,,9933465,,,9951139,,,,62,62,62,,dp_resources,2024,0
30860,8621,2024,6448,1537,BYJ02,Political Entities Regulatory Compliance,Conformité régulatoire des entités politiques,1184,363,BYJ00,862,239,CEO,Office of the Chief Electoral Officer,Bureau du directeur général des élections,13418906,,,13187822,,,11148569,,,,102,99,95,,dp_resources,2024,0
30861,8622,2024,6449,1538,BYJ03,Electoral Integrity and Regulatory Policy,Intégrité électorale et politique régulatoire,1184,363,BYJ00,862,239,CEO,Office of the Chief Electoral Officer,Bureau du directeur général des élections,3703593,,,3405442,,,3039642,,,,34,31,27,,dp_resources,2024,0
30862,9333,2024,4554,709,ISS00,Internal Services,Services internes,804,39,ISS00,862,239,CEO,Office of the Chief Electoral Officer,Bureau du directeur général des élections,92240266,,,67081803,,,60285482,,,,390,372,341,,dp_resources,2024,0
30863,8682,2024,3773,1307,BNM10,Business Scale Up and Productivity,Accroissement d'échelle et productivité des entreprises,1037,123,BNM00,958,150,FEDSO,Federal Economic Development Agency for Southern Ontario,Agence fédérale de développement économique pour le Sud de l’Ontario,91978812,,,102880481,,,104295026,,,,74,73,69,,dp_resources,2024,0
30864,8684,2024,3775,1306,BNM12,Community Economic Development and Diversification,Développement économique et diversification des collectivités,1037,123,BNM00,958,150,FEDSO,Federal Economic Development Agency for Southern Ontario,Agence fédérale de développement économique pour le Sud de l’Ontario,59885097,,,48294816,,,31202506,,,,56,55,52,,dp_resources,2024,0
30865,9266,2024,4685,379,BXR01,Expertise and Outreach,Expertise et information,979,308,BXR00,779,246,SWC,Department for Women and Gender Equality,Ministère des Femmes et de l’Égalité des genres,20509972,,,20301608,,,15719519,,,,132,132,95,,dp_resources,2024,0
30866,9267,2024,4686,236,BXR02,Community Action and Innovation,Action communautaire et innovation,979,308,BXR00,779,246,SWC,Department for Women and Gender Equality,Ministère des Femmes et de l’Égalité des genres,327328918,,,327113840,,,206220750,,,,172,172,98,,dp_resources,2024,0
30867,9332,2024,4549,710,ISS00,Internal Services,Services internes,1018,309,ISS00,779,246,SWC,Department for Women and Gender Equality,Ministère des Femmes et de l’Égalité des genres,23621527,,,23381553,,,18104318,,,,131,131,112,,dp_resources,2024,0
30868,8574,2024,6819,1603,BXB12,Comptrollership Program,Programme de la fonction de contrôleur,941,311,BXB00,983,326,TBC,Treasury Board Secretariat,Secrétariat du Conseil du Trésor,67525237,,,78521839,,,82318551,,,,265,260,258,,dp_resources,2024,0
30869,8864,2024,6695,516,BNQ07,Human Health Therapeutics,Thérapeutiques en santé humaine,909,233,BNQ00,773,228,NRC,National Research Council of Canada,Conseil national de recherches du Canada,50010038.33,,,51297317.9,,,51808630.76,,,,303.74,303.74,303.74,,dp_resources,2024,0
30870,8868,2024,5006,921,BNQ12,Medical Devices,Dispositifs médicaux,909,233,BNQ00,773,228,NRC,National Research Council of Canada,Conseil national de recherches du Canada,14893810.11,,,15165680.84,,,15071813.95,,,,92.08,92.08,92.08,,dp_resources,2024,0
30871,9133,2024,5153,566,BUZ01,Independent review of military grievances,Examen indépendant des griefs militaires,1020,43,BUZ00,948,209,CFGB,Military Grievances External Review Committee,Comité externe d'examen des griefs militaires,5772916,,,5797908,,,5670692,,,,42,42,40,,dp_resources,2024,0
30872,9336,2024,4569,701,ISS00,Internal Services,Services internes,866,44,ISS00,948,209,CFGB,Military Grievances External Review Committee,Comité externe d'examen des griefs militaires,2474107,,,2484817,,,2430297,,,,14,14,14,,dp_resources,2024,0
30873,9024,2024,3657,315,BTS01,Disclosure and Reprisal Management,Gestion des divulgations et des représailles,812,254,BTS00,837,250,OPSIC,Office of the Public Sector Integrity Commissioner,Commissariat à l’intégrité du secteur public,3807679,,,3835461,,,3840938,,,,24.5,24.5,24.5,,dp_resources,2024,0
30874,9329,2024,4556,719,ISS00,Internal Services,Services internes,813,255,ISS00,837,250,OPSIC,Office of the Public Sector Integrity Commissioner,Commissariat à l’intégrité du secteur public,2258674,,,2267936,,,2269761,,,,8.7,8.7,8.7,,dp_resources,2024,0
30875,8647,2024,6067,1534,BNT06,Canada Biomedical Research Fund,Fonds de recherche biomédicale du Canada,818,305,BNT00,623,306,SSHRC,Social Sciences and Humanities Research Council,Conseil de recherches en sciences humaines,75155420,,,75033325,,,40241420,,,,12,12,8,,dp_resources,2024,0
30876,8881,2024,3665,655,BNT01,Insight Research,Recherche axée sur la connaissance,818,305,BNT00,623,306,SSHRC,Social Sciences and Humanities Research Council,Conseil de recherches en sciences humaines,289500821,,,291282226,,,292486207,,,,108,108,108,,dp_resources,2024,0
30877,8882,2024,6054,1137,BNT02,Research Training and Talent Development,Formation en recherche et perfectionnement des compétences,818,305,BNT00,623,306,SSHRC,Social Sciences and Humanities Research Council,Conseil de recherches en sciences humaines,127723061,,,127523101,,,126398725,,,,43,43,43,,dp_resources,2024,0
30878,8883,2024,3667,1134,BNT03,Research Partnerships,Partenariats de recherche,818,305,BNT00,623,306,SSHRC,Social Sciences and Humanities Research Council,Conseil de recherches en sciences humaines,107079450,,,100274716,,,97895242,,,,55,55,55,,dp_resources,2024,0
30879,8884,2024,5811,1310,BNT04,New Frontiers in Research Fund,Fonds Nouvelles frontières en recherche,818,305,BNT00,623,306,SSHRC,Social Sciences and Humanities Research Council,Conseil de recherches en sciences humaines,126997897,,,126979127,,,151001057,,,,31,31,31,,dp_resources,2024,0
30880,8885,2024,3668,1135,BNU01,Research Support Fund,Fonds de soutien à la recherche,819,306,BNU00,623,306,SSHRC,Social Sciences and Humanities Research Council,Conseil de recherches en sciences humaines,453127095,,,453117744,,,453123680,,,,6,6,6,,dp_resources,2024,0
30881,9374,2024,3669,867,ISS01,Management and Oversight Services,Services de gestion et de surveillance,820,307,ISS00,623,306,SSHRC,Social Sciences and Humanities Research Council,Conseil de recherches en sciences humaines,6464927,,,6005422,,,5802574,,,,41,41,41,,dp_resources,2024,0
30882,9401,2024,3670,233,ISS02,Communications Services,Services de communication,820,307,ISS00,623,306,SSHRC,Social Sciences and Humanities Research Council,Conseil de recherches en sciences humaines,1701815,,,1696028,,,1714684,,,,13,13,13,,dp_resources,2024,0
30883,9422,2024,3671,812,ISS03,Legal Services,Services juridiques,820,307,ISS00,623,306,SSHRC,Social Sciences and Humanities Research Council,Conseil de recherches en sciences humaines,0,,,0,,,0,,,,0,0,0,,dp_resources,2024,0
30884,9471,2024,3672,548,ISS04,Human Resources Management Services,Services de gestion des ressources humaines,820,307,ISS00,623,306,SSHRC,Social Sciences and Humanities Research Council,Conseil de recherches en sciences humaines,2598296,,,2565989,,,2603632,,,,19,19,19,,dp_resources,2024,0
30885,9499,2024,3673,437,ISS05,Financial Management Services,Services de gestion financière,820,307,ISS00,623,306,SSHRC,Social Sciences and Humanities Research Council,Conseil de recherches en sciences humaines,2191960,,,2164798,,,2196156,,,,13,13,13,,dp_resources,2024,0
30886,9514,2024,3674,609,ISS06,Information Management Services,Services de gestion de l'information,820,307,ISS00,623,306,SSHRC,Social Sciences and Humanities Research Council,Conseil de recherches en sciences humaines,731267,,,716975,,,727357,,,,7,7,7,,dp_resources,2024,0
30887,9566,2024,3675,644,ISS07,Information Technology Services,Services de la technologie de l'information,820,307,ISS00,623,306,SSHRC,Social Sciences and Humanities Research Council,Conseil de recherches en sciences humaines,3746313,,,3588810,,,3640752,,,,23,23,23,,dp_resources,2024,0
30888,9594,2024,3676,1107,ISS08,Real Property Management Services,Services de gestion des biens immobiliers,820,307,ISS00,623,306,SSHRC,Social Sciences and Humanities Research Council,Conseil de recherches en sciences humaines,553329,,,529819,,,537357,,,,4,4,4,,dp_resources,2024,0
30889,9607,2024,3677,916,ISS09,Materiel Management Services,Services de gestion du matériel,820,307,ISS00,623,306,SSHRC,Social Sciences and Humanities Research Council,Conseil de recherches en sciences humaines,21817,,,21325,,,21643,,,,0,0,0,,dp_resources,2024,0
30890,9638,2024,3678,39,ISS0Z,Acquisition Management Services,Services de gestion des acquisitions,820,307,ISS00,623,306,SSHRC,Social Sciences and Humanities Research Council,Conseil de recherches en sciences humaines,338427,,,337170,,,342018,,,,3,3,3,,dp_resources,2024,0
30894,9687,2024,4590,712,ISS00,Internal Services,Services internes,806,257,ISS00,953,241,ORL,Office of the Commissioner of Lobbying,Commissariat au lobbying,1599000,,,1663000,,,1664000,,,,7,7,7,,dp_resources,2024,0
30895,8669,2024,6777,1499,BVA04,"Registration, education and compliance","Enregistrement, éducation et conformité",1219,256,BVA00,953,241,ORL,Office of the Commissioner of Lobbying,Commissariat au lobbying,4357000,,,4315000,,,4318000,,,,30,30,30,,dp_resources,2024,0
30896,9253,2024,3605,262,BWV01,Conference Services,Services aux conférences,788,63,BWV00,955,76,CICS,Canadian Intergovernmental Conference Secretariat,Secrétariat des conférences intergouvernementales canadiennes,5869907,,,5882424,,,4745234,,,,30,30,30,,dp_resources,2024,0
30897,9317,2024,4548,676,ISS00,Internal Services,Services internes,789,64,ISS00,955,76,CICS,Canadian Intergovernmental Conference Secretariat,Secrétariat des conférences intergouvernementales canadiennes,1956636,,,1960808,,,1581745,,,,10,10,10,,dp_resources,2024,0
30898,8457,2024,4218,994,BUN01,Operations in Canada,Opérations au Canada,1108,201,BUN00,720,133,ND,Department of National Defence,Ministère de la Défense nationale,10616952,,,10747678,,,10929651,,,,0,0,0,,dp_resources,2024,0
30899,8460,2024,4219,995,BUN02,Operations in North America,Opérations en Amérique du Nord,1108,201,BUN00,720,133,ND,Department of National Defence,Ministère de la Défense nationale,58106032,,,32479074,,,23068408,,,,114,114,114,,dp_resources,2024,0
30900,8463,2024,6658,746,BUN03,International Operations,Opérations internationales,1108,201,BUN00,720,133,ND,Department of National Defence,Ministère de la Défense nationale,1006311786,,,1010858630,,,232560720,,,,79,79,79,,dp_resources,2024,0
30901,8466,2024,5703,472,BUN04,Global Engagement,Engagement mondial,1108,201,BUN00,720,133,ND,Department of National Defence,Ministère de la Défense nationale,899860749,,,688170085,,,663558918,,,,650,651,651,,dp_resources,2024,0
30902,8469,2024,5704,290,BUN05,Cyber Operations,Cyberopérations,1108,201,BUN00,720,133,ND,Department of National Defence,Ministère de la Défense nationale,63498507,,,61791755,,,62055433,,,,474,475,476,,dp_resources,2024,0
30903,8471,2024,6657,193,BUN06,"Command, Control and Sustainment of Operations","Commandement, contrôle et poursuite prolongée des opérations",1108,201,BUN00,720,133,ND,Department of National Defence,Ministère de la Défense nationale,179808734,,,175869488,,,176656321,,,,933,932,933,,dp_resources,2024,0
30904,8473,2024,4224,1199,BUN07,Special Operations,Opérations spéciales,1108,201,BUN00,720,133,ND,Department of National Defence,Ministère de la Défense nationale,62201560,,,63267877,,,64894700,,,,150,150,150,,dp_resources,2024,0
30905,8604,2024,6353,1541,BUJ08,Preventive Security and Intelligence,Sécurité préventive et renseignement,844,95,BUJ00,1005,117,CSC,Correctional Service of Canada,Service correctionnel du Canada,21987710,,,21926408,,,21816028,,,,199,193,187,,dp_resources,2024,0
30906,9096,2024,6166,657,BUJ01,Institutional Management and Support,Gestion et soutien en établissement,844,95,BUJ00,1005,117,CSC,Correctional Service of Canada,Service correctionnel du Canada,142708940,,,142806744,,,142732354,,,,981,969,958,,dp_resources,2024,0
30907,9097,2024,6500,661,BUJ02,Supervision,Surveillance,844,95,BUJ00,1005,117,CSC,Correctional Service of Canada,Service correctionnel du Canada,876902493,,,825363064,,,811922010,,,,6406,6365,6218,,dp_resources,2024,0
30908,9098,2024,6503,322,BUJ03,Drug Enforcement,Lutte antidrogue,844,95,BUJ00,1005,117,CSC,Correctional Service of Canada,Service correctionnel du Canada,12277864,,,12279876,,,12288176,,,,90,90,90,,dp_resources,2024,0
30909,9099,2024,6504,186,BUJ04,Clinical Services and Public Health,Services cliniques et de santé publique,844,95,BUJ00,1005,117,CSC,Correctional Service of Canada,Service correctionnel du Canada,224182646,,,222771877,,,222899355,,,,1082,1074,1016,,dp_resources,2024,0
30910,9100,2024,6506,925,BUJ05,Mental Health Services,Services de santé mentale,844,95,BUJ00,1005,117,CSC,Correctional Service of Canada,Service correctionnel du Canada,120920138,,,121055834,,,121153098,,,,754,705,656,,dp_resources,2024,0
30911,9101,2024,6172,454,BUJ06,Food Services,Services d'alimentation,844,95,BUJ00,1005,117,CSC,Correctional Service of Canada,Service correctionnel du Canada,99113560,,,99220874,,,99246068,,,,474,474,473,,dp_resources,2024,0
30912,9102,2024,6186,5,BUJ07,Accommodation Services,Services de logement,844,95,BUJ00,1005,117,CSC,Correctional Service of Canada,Service correctionnel du Canada,519393230,,,552126729,,,585102352,,,,1003,990,970,,dp_resources,2024,0
30913,8668,2024,7218,1504,BUK11,Correctional Programs,Programmes correctionnels,1099,96,BUK00,1005,117,CSC,Correctional Service of Canada,Service correctionnel du Canada,100502429,,,100721111,,,100605302,,,,864,849,833,,dp_resources,2024,0
30914,9103,2024,6189,986,BUK01,Offender Case Management,Gestion des cas des délinquants,1099,96,BUK00,1005,117,CSC,Correctional Service of Canada,Service correctionnel du Canada,289123566,,,302662893,,,298043198,,,,2490,2444,2376,,dp_resources,2024,0
30915,9104,2024,6183,240,BUK02,Community Engagement,Engagement des collectivités,1099,96,BUK00,1005,117,CSC,Correctional Service of Canada,Service correctionnel du Canada,8849206,,,8830601,,,8813543,,,,78,77,76,,dp_resources,2024,0
30916,9105,2024,6508,169,BUK03,Chaplaincy Services,Services d'aumônerie,1099,96,BUK00,1005,117,CSC,Correctional Service of Canada,Service correctionnel du Canada,10347881,,,10317798,,,10299936,,,,22,21,20,,dp_resources,2024,0
30917,9106,2024,6227,339,BUK04,Elder Services,Services d'Aînés,1099,96,BUK00,1005,117,CSC,Correctional Service of Canada,Service correctionnel du Canada,7111252,,,7111513,,,7111576,,,,1,1,1,,dp_resources,2024,0
30918,9107,2024,6190,987,BUK08,Offender Education,Éducation des délinquants,1099,96,BUK00,1005,117,CSC,Correctional Service of Canada,Service correctionnel du Canada,29345518,,,29389379,,,29312191,,,,174,170,165,,dp_resources,2024,0
30919,9108,2024,6178,129,BUK09,CORCAN Employment and Employability,CORCAN – Emploi et employabilité,1099,96,BUK00,1005,117,CSC,Correctional Service of Canada,Service correctionnel du Canada,46357698,,,44466211,,,44364040,,,,617,617,617,,dp_resources,2024,0
30920,9109,2024,6316,1192,BUK10,Social Program,Programme social,1099,96,BUK00,1005,117,CSC,Correctional Service of Canada,Service correctionnel du Canada,25271269,,,25241244,,,25045623,,,,247,235,222,,dp_resources,2024,0
30921,9110,2024,6511,245,BUL01,Community Management and Security,Sécurité et gestion dans la collectivité,846,97,BUL00,1005,117,CSC,Correctional Service of Canada,Service correctionnel du Canada,24409754,,,24386042,,,24362087,,,,130,129,128,,dp_resources,2024,0
30922,9111,2024,6226,247,BUL02,Community-Based Residential Facilities,Établissements résidentiels communautaires,846,97,BUL00,1005,117,CSC,Correctional Service of Canada,Service correctionnel du Canada,125985787,,,125985787,,,125985787,,,,0,0,0,,dp_resources,2024,0
30923,9112,2024,4864,237,BUL03,Community Correctional Centres,Centres correctionnels communautaires,846,97,BUL00,1005,117,CSC,Correctional Service of Canada,Service correctionnel du Canada,21676808,,,21678576,,,21678993,,,,6,6,6,,dp_resources,2024,0
30924,9113,2024,6194,243,BUL04,Community Health Services,Services de santé dans la collectivité,846,97,BUL00,1005,117,CSC,Correctional Service of Canada,Service correctionnel du Canada,15707068,,,15717118,,,15729421,,,,103,102,101,,dp_resources,2024,0
30925,9386,2024,3763,841,ISS01,Management and Oversight Services,Services de gestion et de surveillance,847,98,ISS00,1005,117,CSC,Correctional Service of Canada,Service correctionnel du Canada,97825553,,,97141170,,,96572210,,,,823,808,787,,dp_resources,2024,0
30926,9405,2024,3764,207,ISS02,Communications Services,Services de communication,847,98,ISS00,1005,117,CSC,Correctional Service of Canada,Service correctionnel du Canada,10907437,,,10826768,,,10778079,,,,75,73,71,,dp_resources,2024,0
30927,9446,2024,3765,786,ISS03,Legal Services,Services juridiques,847,98,ISS00,1005,117,CSC,Correctional Service of Canada,Service correctionnel du Canada,26953244,,,6595047,,,6587399,,,,12,12,11,,dp_resources,2024,0
30928,9456,2024,3766,522,ISS04,Human Resources Management Services,Services de gestion des ressources humaines,847,98,ISS00,1005,117,CSC,Correctional Service of Canada,Service correctionnel du Canada,119299297,,,118328061,,,117634874,,,,903,880,850,,dp_resources,2024,0
30929,9490,2024,3767,411,ISS05,Financial Management Services,Services de gestion financière,847,98,ISS00,1005,117,CSC,Correctional Service of Canada,Service correctionnel du Canada,53496075,,,52353932,,,51679737,,,,420,399,371,,dp_resources,2024,0
30930,9520,2024,3768,583,ISS06,Information Management Services,Services de gestion de l'information,847,98,ISS00,1005,117,CSC,Correctional Service of Canada,Service correctionnel du Canada,8212754,,,8202885,,,8187561,,,,57,56,56,,dp_resources,2024,0
30931,9572,2024,3769,618,ISS07,Information Technology Services,Services de la technologie de l'information,847,98,ISS00,1005,117,CSC,Correctional Service of Canada,Service correctionnel du Canada,95457810,,,101722524,,,85798164,,,,616,604,587,,dp_resources,2024,0
30932,9591,2024,3770,1081,ISS08,Real Property Management Services,Services de gestion des biens immobiliers,847,98,ISS00,1005,117,CSC,Correctional Service of Canada,Service correctionnel du Canada,14816442,,,14818941,,,11068616,,,,8,8,8,,dp_resources,2024,0
30933,9621,2024,3771,890,ISS09,Materiel Management Services,Services de gestion du matériel,847,98,ISS00,1005,117,CSC,Correctional Service of Canada,Service correctionnel du Canada,10206301,,,10231692,,,10237106,,,,98,98,98,,dp_resources,2024,0
30934,9657,2024,3772,13,ISS0Z,Acquisition Management Services,Services de gestion des acquisitions,847,98,ISS00,1005,117,CSC,Correctional Service of Canada,Service correctionnel du Canada,11926336,,,11903003,,,11547230,,,,93,88,79,,dp_resources,2024,0
30935,8476,2024,4225,1214,BUO01,Strategic Command and Control,Commandement et contrôle stratégiques,998,202,BUO00,720,133,ND,Department of National Defence,Ministère de la Défense nationale,174804789,,,165072361,,,168968100,,,,328,328,328,,dp_resources,2024,0
30936,8479,2024,4226,1074,BUO02,Ready Naval Forces,Forces navales prêtes au combat,998,202,BUO00,720,133,ND,Department of National Defence,Ministère de la Défense nationale,1403385727,,,1279167142,,,1280351742,,,,8499,8432,8400,,dp_resources,2024,0
30937,8483,2024,4227,1073,BUO03,Ready Land Forces,Forces terrestres prêtes au combat,998,202,BUO00,720,133,ND,Department of National Defence,Ministère de la Défense nationale,2622871733,,,2534395245,,,2528762399,,,,16755,16767,16787,,dp_resources,2024,0
30939,8488,2024,4229,1075,BUO05,Ready Special Operations Forces,Forces d'opérations spéciales prêtes au combat,998,202,BUO00,720,133,ND,Department of National Defence,Ministère de la Défense nationale,463231700,,,459741175,,,462886858,,,,2250,2252,2254,,dp_resources,2024,0
30940,8490,2024,7113,1069,BUO06,Ready Cyber and Joint Communication Information Systems (CIS) Forces,Cyberforces et systèmes de communication et d’information (SCI) interarmées prêts au combat,998,202,BUO00,720,133,ND,Department of National Defence,Ministère de la Défense nationale,154482847,,,140707793,,,140994659,,,,797,796,797,,dp_resources,2024,0
30941,8492,2024,4904,1071,BUO07,Ready Intelligence Forces,Forces du renseignement prêtes au combat,998,202,BUO00,720,133,ND,Department of National Defence,Ministère de la Défense nationale,179472082,,,180066957,,,181762432,,,,872,873,874,,dp_resources,2024,0
30942,8493,2024,4905,1072,BUO08,Ready Joint and Combined Forces,Forces interarmées et multinationales prêtes au combat,998,202,BUO00,720,133,ND,Department of National Defence,Ministère de la Défense nationale,137838803,,,134064197,,,134572976,,,,929,928,929,,dp_resources,2024,0
30943,8494,2024,4233,1070,BUO09,"Ready Health, Military Police and Support Forces","Soins de santé, police militaire et forces de soutien prêts à l'action",998,202,BUO00,720,133,ND,Department of National Defence,Ministère de la Défense nationale,170796015,,,168830860,,,170751376,,,,723,721,721,,dp_resources,2024,0
30944,8495,2024,6659,371,BUO10,Equipment Support,Soutien de l'équipement,998,202,BUO00,720,133,ND,Department of National Defence,Ministère de la Défense nationale,3956381021,,,4061668933,,,4183102204,,,,2418,2411,2411,,dp_resources,2024,0
30946,8486,2024,4228,1068,BUO04,Ready Air and Space Forces,Forces aériennes et spatiales prêtes au combat,998,202,BUO00,720,133,ND,Department of National Defence,Ministère de la Défense nationale,2037593900,,,2021271994,,,2050330276,,,,9375,9382,9389,,dp_resources,2024,0
30947,8496,2024,6327,146,BUO11,The Employer Support Programmes,Le Programme d’appui des employeurs,998,202,BUO00,720,133,ND,Department of National Defence,Ministère de la Défense nationale,3727274,,,3718065,,,3756847,,,,1,1,1,,dp_resources,2024,0
30948,8498,2024,4236,1115,BUP01,Recruitment,Recrutement,1109,203,BUP00,720,133,ND,Department of National Defence,Ministère de la Défense nationale,153308845,,,148764471,,,148243801,,,,571,572,573,,dp_resources,2024,0
30949,8500,2024,4237,576,BUP02,Individual Training and Professional Military Education,Instruction individuelle et formation professionnelle militaire,1109,203,BUP00,720,133,ND,Department of National Defence,Ministère de la Défense nationale,622628758,,,615353587,,,619077639,,,,4655,4638,4640,,dp_resources,2024,0
30950,8502,2024,5722,1248,BUP03,Total Health Care,Gamme complète des soins de santé,1109,203,BUP00,720,133,ND,Department of National Defence,Ministère de la Défense nationale,817854736,,,829042912,,,843578775,,,,3491,3478,3477,,dp_resources,2024,0
30951,8504,2024,5054,303,BUP04,Defence Team Management,Gestion de l'Équipe de la Défense,1109,203,BUP00,720,133,ND,Department of National Defence,Ministère de la Défense nationale,1828200240,,,1811092102,,,1878099598,,,,9089,9079,9087,,dp_resources,2024,0
30953,8508,2024,4443,933,BUP06,Military Member and Family Support,Soutien fourni au militaire et à sa famille,1109,203,BUP00,720,133,ND,Department of National Defence,Ministère de la Défense nationale,172218097,,,178364682,,,184536316,,,,41,41,41,,dp_resources,2024,0
30954,8510,2024,4242,931,BUP07,Military History and Heritage,Histoire et patrimoine militaires,1109,203,BUP00,720,133,ND,Department of National Defence,Ministère de la Défense nationale,7748960,,,7687430,,,7760978,,,,38,36,36,,dp_resources,2024,0
30955,8512,2024,4243,932,BUP08,Military Law Services/Military Justice Superintendence,Services du droit militaire/Exercice de l'autorité de justice militaire,1109,203,BUP00,720,133,ND,Department of National Defence,Ministère de la Défense nationale,50948076,,,50110624,,,50210808,,,,278,277,277,,dp_resources,2024,0
30956,8515,2024,5070,991,BUP09,Ombudsman,Ombudsman,1109,203,BUP00,720,133,ND,Department of National Defence,Ministère de la Défense nationale,9994326,,,10327369,,,10242692,,,,80,81,81,,dp_resources,2024,0
30957,8517,2024,6660,130,BUP10,Cadets and Junior Canadian Rangers (Youth Program),Cadets et Rangers juniors canadiens (Programme jeunesse),1109,203,BUP00,720,133,ND,Department of National Defence,Ministère de la Défense nationale,214769629,,,205982684,,,201683731,,,,229,228,227,,dp_resources,2024,0
30958,8506,2024,4240,935,BUP05,Military Transition,Transition de la vie militaire à la vie civile,1109,203,BUP00,720,133,ND,Department of National Defence,Ministère de la Défense nationale,335114021,,,324908891,,,325188238,,,,2430,2426,2428,,dp_resources,2024,0
30960,8519,2024,4246,763,BUQ01,Joint Force Development,Développement des forces interarmées,950,204,BUQ00,720,133,ND,Department of National Defence,Ministère de la Défense nationale,121334674,,,94446733,,,51731081,,,,183,183,183,,dp_resources,2024,0
30961,8521,2024,4247,960,BUQ02,Naval Force Development,Développement de la force navale,950,204,BUQ00,720,133,ND,Department of National Defence,Ministère de la Défense nationale,39797961,,,40008377,,,40669823,,,,126,126,126,,dp_resources,2024,0
30962,8523,2024,4248,774,BUQ03,Land Force Development,Développement de la force terrestre,950,204,BUQ00,720,133,ND,Department of National Defence,Ministère de la Défense nationale,30569696,,,30639084,,,30358853,,,,5,5,5,,dp_resources,2024,0
30963,8525,2024,4249,67,BUQ04,Air and Space Force Development,Développement de la force aérienne et spatiale,950,204,BUQ00,720,133,ND,Department of National Defence,Ministère de la Défense nationale,104109931,,,112795556,,,113076513,,,,97,97,97,,dp_resources,2024,0
30964,8527,2024,5724,1200,BUQ05,Special Operations Force Development,Développement des forces d'opérations spéciales,950,204,BUQ00,720,133,ND,Department of National Defence,Ministère de la Défense nationale,17542356,,,18221712,,,18861881,,,,0,0,0,,dp_resources,2024,0
30965,8529,2024,5725,293,BUQ06,Cyber and Joint Communication Information Systems (CIS) Force Development,Développement de la cyberforce et de la force du systèmes d'information et communications (SIC) interarmées,950,204,BUQ00,720,133,ND,Department of National Defence,Ministère de la Défense nationale,51063284,,,52288853,,,52727817,,,,142,142,142,,dp_resources,2024,0
30966,8531,2024,6661,660,BUQ07,Intelligence Force Development,Développement de la force du renseignement,950,204,BUQ00,720,133,ND,Department of National Defence,Ministère de la Défense nationale,133191465,,,133270848,,,131132901,,,,15,14,14,,dp_resources,2024,0
30967,8533,2024,4930,1156,BUQ08,"Science, Technology and Innovation","Sciences, technologie et innovation",950,204,BUQ00,720,133,ND,Department of National Defence,Ministère de la Défense nationale,368118242,,,370743516,,,371507712,,,,1406,1394,1393,,dp_resources,2024,0
30968,8535,2024,6122,879,BUR01,Maritime Equipment Acquisition,Acquisition d'équipements maritimes,1111,205,BUR00,720,133,ND,Department of National Defence,Ministère de la Défense nationale,2526016711,,,2219880492,,,2480973161,,,,428,429,431,,dp_resources,2024,0
30969,8538,2024,4255,773,BUR02,Land Equipment Acquisition,Acquisition d'équipements terrestres,1111,205,BUR00,720,133,ND,Department of National Defence,Ministère de la Défense nationale,699483019,,,1359502914,,,1004184127,,,,680,679,680,,dp_resources,2024,0
30972,8715,2024,5829,1505,BXZ01,Standards Development,Élaboration des normes,1097,351,BXZ00,995,558,CASDO,Canadian Accessibility Standards Development Organization,Organisation canadienne d’élaboration de normes d’accessibilité,12028231,,,12046162,,,12046162,,,,22,22,22,,dp_resources,2024,0
30973,8716,2024,5843,1506,BXZ02,Outreach and Knowledge Application,Sensibilisation et application des connaissances,1097,351,BXZ00,995,558,CASDO,Canadian Accessibility Standards Development Organization,Organisation canadienne d’élaboration de normes d’accessibilité,3528230,,,3546162,,,3546162,,,,18,18,18,,dp_resources,2024,0
30974,8544,2024,6121,302,BUR05,Defence Materiel Management,Gestion du matériel de la Défense,1111,205,BUR00,720,133,ND,Department of National Defence,Ministère de la Défense nationale,102057749,,,103383564,,,103173900,,,,835,826,824,,dp_resources,2024,0
30975,9302,2024,5400,1507,ISS00,Internal Services,Services internes,1065,352,ISS00,995,558,CASDO,Canadian Accessibility Standards Development Organization,Organisation canadienne d’élaboration de normes d’accessibilité,5706389,,,5735392,,,5735392,,,,18,18,18,,dp_resources,2024,0
30976,8540,2024,4256,55,BUR03,Aerospace Equipment Acquisition,Acquisition d'équipements aérospatiaux,1111,205,BUR00,720,133,ND,Department of National Defence,Ministère de la Défense nationale,2567995229,,,9645194865,,,5356613579,,,,308,307,307,,dp_resources,2024,0
30977,8542,2024,4257,298,BUR04,"Defence Information Technology Systems Acquisition, Design and Delivery","Acquisition, conception et livraison de systèmes de technologie de l'information de la Défense",1111,205,BUR00,720,133,ND,Department of National Defence,Ministère de la Défense nationale,349651111,,,424814399,,,558107157,,,,463,461,460,,dp_resources,2024,0
30978,8546,2024,4259,301,BUS01,Defence Infrastructure Program Management,Gestion du Programme d'infrastructure de la Défense,1148,206,BUS00,720,133,ND,Department of National Defence,Ministère de la Défense nationale,93307547,,,98704596,,,99722690,,,,184,182,182,,dp_resources,2024,0
30979,8548,2024,5727,299,BUS02,"Defence Infrastructure Construction, Recapitalization and Investment","Infrastructure de la Défense: construction, réfection et investissement",1148,206,BUS00,720,133,ND,Department of National Defence,Ministère de la Défense nationale,874806519,,,867279199,,,1020290936,,,,81,80,80,,dp_resources,2024,0
30980,8550,2024,4444,300,BUS03,"Defence Infrastructure Maintenance, Support and Operations","Infrastructure de la Défense: entretien, soutien et opérations",1148,206,BUS00,720,133,ND,Department of National Defence,Ministère de la Défense nationale,1266090661,,,1311944979,,,1346141335,,,,2591,2566,2561,,dp_resources,2024,0
30981,8552,2024,6281,930,BUS04,Defence Residential Housing Program,Programme de logement résidentiel de la Défense,1148,206,BUS00,720,133,ND,Department of National Defence,Ministère de la Défense nationale,70210328,,,70834983,,,68760640,,,,331,328,327,,dp_resources,2024,0
30982,8554,2024,5728,297,BUS05,"Defence Information Systems, Services and Programme Management","Gestion des programmes, systèmes et services d’information de la Défense",1148,206,BUS00,720,133,ND,Department of National Defence,Ministère de la Défense nationale,309182691,,,297631304,,,257167387,,,,581,580,579,,dp_resources,2024,0
30983,8556,2024,7143,370,BUS06,Environmental Management and Climate Action,Gestion de l’environnement et lutte contre le changement climatique,1148,206,BUS00,720,133,ND,Department of National Defence,Ministère de la Défense nationale,140689892,,,54663788,,,56243725,,,,58,59,59,,dp_resources,2024,0
30984,8558,2024,6663,567,BUS07,Indigenous Affairs,Affaires autochtones,1148,206,BUS00,720,133,ND,Department of National Defence,Ministère de la Défense nationale,7086468,,,7287445,,,7320393,,,,25,25,24,,dp_resources,2024,0
30985,8559,2024,4266,959,BUS08,Naval Bases,Bases navales,1148,206,BUS00,720,133,ND,Department of National Defence,Ministère de la Défense nationale,282567486,,,283792082,,,284071993,,,,2158,2155,2149,,dp_resources,2024,0
30986,8560,2024,4267,772,BUS09,Land Bases,Bases terrestres,1148,206,BUS00,720,133,ND,Department of National Defence,Ministère de la Défense nationale,552737036,,,552174363,,,553514729,,,,3900,3862,3854,,dp_resources,2024,0
30987,8561,2024,7194,68,BUS10,Air and Space Wings,Escadres aérospatiales,1148,206,BUS00,720,133,ND,Department of National Defence,Ministère de la Défense nationale,514024510,,,506475088,,,508000943,,,,2897,2882,2883,,dp_resources,2024,0
30988,8562,2024,4269,764,BUS11,"Joint, Common and International Bases","Bases interarmées, communes et internationales",1148,206,BUS00,720,133,ND,Department of National Defence,Ministère de la Défense nationale,209481756,,,207726017,,,208549204,,,,1431,1426,1426,,dp_resources,2024,0
30989,8563,2024,7144,934,BUS12,Military Police Institutional Operations,Opérations institutionnelles de la Police militaire,1148,206,BUS00,720,133,ND,Department of National Defence,Ministère de la Défense nationale,164236502,,,158970071,,,159480999,,,,1174,1175,1177,,dp_resources,2024,0
30990,8564,2024,4271,1153,BUS13,Safety,Sécurité,1148,206,BUS00,720,133,ND,Department of National Defence,Ministère de la Défense nationale,5641768,,,5899725,,,5808227,,,,33,31,31,,dp_resources,2024,0
30992,8645,2024,6766,1518,BGV04,Indigenous Relations and Engagement,Relations avec les Autochtones et participation des Autochtones,1223,36,BGV00,646,63,CEAA,Impact Assessment Agency of Canada,Agence canadienne d’évaluation d’impact,18662765,,,14416786,,,14419065,,,,67,69,69,,dp_resources,2024,0
30993,9358,2024,4272,853,ISS01,Management and Oversight Services,Services de gestion et de surveillance,953,207,ISS00,720,133,ND,Department of National Defence,Ministère de la Défense nationale,161810618,,,164705969,,,163954493,,,,1185,1134,1107,,dp_resources,2024,0
30994,9413,2024,4273,219,ISS02,Communications Services,Services de communication,953,207,ISS00,720,133,ND,Department of National Defence,Ministère de la Défense nationale,33717997,,,34108075,,,34157967,,,,241,241,241,,dp_resources,2024,0
30995,9434,2024,4274,798,ISS03,Legal Services,Services juridiques,953,207,ISS00,720,133,ND,Department of National Defence,Ministère de la Défense nationale,137075256,,,46151605,,,47705341,,,,26,27,27,,dp_resources,2024,0
30996,9466,2024,4275,534,ISS04,Human Resources Management Services,Services de gestion des ressources humaines,953,207,ISS00,720,133,ND,Department of National Defence,Ministère de la Défense nationale,148502484,,,153466934,,,152170588,,,,1266,1274,1275,,dp_resources,2024,0
30997,9495,2024,4276,423,ISS05,Financial Management Services,Services de gestion financière,953,207,ISS00,720,133,ND,Department of National Defence,Ministère de la Défense nationale,123012502,,,121249423,,,118565175,,,,536,514,507,,dp_resources,2024,0
30998,9511,2024,4277,595,ISS06,Information Management Services,Services de gestion de l'information,953,207,ISS00,720,133,ND,Department of National Defence,Ministère de la Défense nationale,40883783,,,42187124,,,42787867,,,,176,177,176,,dp_resources,2024,0
30999,9553,2024,4278,630,ISS07,Information Technology Services,Services de la technologie de l'information,953,207,ISS00,720,133,ND,Department of National Defence,Ministère de la Défense nationale,347840790,,,371891368,,,378179402,,,,933,932,932,,dp_resources,2024,0
31001,9615,2024,4280,902,ISS09,Materiel Management Services,Services de gestion du matériel,953,207,ISS00,720,133,ND,Department of National Defence,Ministère de la Défense nationale,60417261,,,62090634,,,62498433,,,,310,295,279,,dp_resources,2024,0
31002,9649,2024,4281,25,ISS0Z,Acquisition Management Services,Services de gestion des acquisitions,953,207,ISS00,720,133,ND,Department of National Defence,Ministère de la Défense nationale,20406544,,,21094866,,,20909726,,,,205,204,205,,dp_resources,2024,0
31003,9577,2024,4279,1093,ISS08,Real Property Management Services,Services de gestion des biens immobiliers,953,207,ISS00,720,133,ND,Department of National Defence,Ministère de la Défense nationale,112366228,,,116523324,,,120115589,,,,91,92,92,,dp_resources,2024,0
31004,9677,2024,4582,672,ISS20,Internal Services,Services internes,785,37,ISS20,646,63,CEAA,Impact Assessment Agency of Canada,Agence canadienne d’évaluation d’impact,21328875,,,16476327,,,16478931,,,,123,115,115,,dp_resources,2024,0
31005,8838,2024,6844,1197,BLM01,Space Exploration,Exploration spatiale,1194,93,BLM00,503,95,CSA,Canadian Space Agency,Agence spatiale canadienne,165813203,,,120642047,,,123453414,,,,242.1,255.9,256.7,,dp_resources,2024,0
31006,8839,2024,6845,1198,BLM02,Space Utilization,Utilisation de l'espace,1194,93,BLM00,503,95,CSA,Canadian Space Agency,Agence spatiale canadienne,78451804,,,47178390,,,53060238,,,,140.1,139.9,137.7,,dp_resources,2024,0
31007,8840,2024,6843,1196,BLM03,Space Capacity Development,Développement de la capacité spatiale,1194,93,BLM00,503,95,CSA,Canadian Space Agency,Agence spatiale canadienne,104747250,,,88133946,,,75472188,,,,110.7,103.2,96.4,,dp_resources,2024,0
31009,8887,2024,6583,1194,BNV02,Socio-economic Statistics,Statistique socioéconomique,956,288,BNV00,536,313,SC,Statistics Canada,Statistique Canada,178966891,,,157090888,,,156077101,,,,1352,1238,1231,,dp_resources,2024,0
31010,8888,2024,6580,165,BNV03,Censuses,Recensements,956,288,BNV00,536,313,SC,Statistics Canada,Statistique Canada,90589916,,,170815163,,,440479798,,,,803,1190,1508,,dp_resources,2024,0
31012,9375,2024,4292,868,ISS01,Management and Oversight Services,Services de gestion et de surveillance,957,289,ISS00,536,313,SC,Statistics Canada,Statistique Canada,10254878,,,9754317,,,9774069,,,,65,63,63,,dp_resources,2024,0
31013,9402,2024,4293,234,ISS02,Communications Services,Services de communication,957,289,ISS00,536,313,SC,Statistics Canada,Statistique Canada,4516755,,,4295651,,,4298667,,,,37,36,36,,dp_resources,2024,0
31015,9468,2024,4295,549,ISS04,Human Resources Management Services,Services de gestion des ressources humaines,957,289,ISS00,536,313,SC,Statistics Canada,Statistique Canada,20313239,,,19089122,,,19081679,,,,177,169,168,,dp_resources,2024,0
31017,9539,2024,4297,610,ISS06,Information Management Services,Services de gestion de l'information,957,289,ISS00,536,313,SC,Statistics Canada,Statistique Canada,4027899,,,3839265,,,3847078,,,,37,36,36,,dp_resources,2024,0
31019,9595,2024,4299,1108,ISS08,Real Property Management Services,Services de gestion des biens immobiliers,957,289,ISS00,536,313,SC,Statistics Canada,Statistique Canada,5919900,,,5600184,,,5605286,,,,29,28,28,,dp_resources,2024,0
31020,9633,2024,4300,917,ISS09,Materiel Management Services,Services de gestion du matériel,957,289,ISS00,536,313,SC,Statistics Canada,Statistique Canada,716850,,,672072,,,671943,,,,8,8,8,,dp_resources,2024,0
31021,9637,2024,4301,40,ISS0Z,Acquisition Management Services,Services de gestion des acquisitions,957,289,ISS00,536,313,SC,Statistics Canada,Statistique Canada,1200316,,,1132465,,,1133371,,,,10,10,10,,dp_resources,2024,0
31022,9377,2024,3820,840,ISS01,Management and Oversight Services,Services de gestion et de surveillance,862,94,ISS00,503,95,CSA,Canadian Space Agency,Agence spatiale canadienne,15706514,,,16273752,,,16220970,,,,82.3,86.1,86.6,,dp_resources,2024,0
31023,9389,2024,3821,206,ISS02,Communications Services,Services de communication,862,94,ISS00,503,95,CSA,Canadian Space Agency,Agence spatiale canadienne,7540138,,,6690980,,,5547732,,,,46.1,43.5,37.9,,dp_resources,2024,0
31024,9447,2024,3822,785,ISS03,Legal Services,Services juridiques,862,94,ISS00,503,95,CSA,Canadian Space Agency,Agence spatiale canadienne,729728,,,729728,,,728728,,,,1.1,1.2,1.2,,dp_resources,2024,0
31025,9469,2024,3823,521,ISS04,Human Resources Management Services,Services de gestion des ressources humaines,862,94,ISS00,503,95,CSA,Canadian Space Agency,Agence spatiale canadienne,7316266,,,7640320,,,7658960,,,,86.5,85.6,85.3,,dp_resources,2024,0
31026,9491,2024,3824,410,ISS05,Financial Management Services,Services de gestion financière,862,94,ISS00,503,95,CSA,Canadian Space Agency,Agence spatiale canadienne,6113544,,,6164688,,,6198864,,,,57.9,58.5,59,,dp_resources,2024,0
31027,9522,2024,3825,582,ISS06,Information Management Services,Services de gestion de l'information,862,94,ISS00,503,95,CSA,Canadian Space Agency,Agence spatiale canadienne,3571910,,,3572910,,,3576910,,,,19.2,19.5,19.5,,dp_resources,2024,0
31028,9571,2024,3826,617,ISS07,Information Technology Services,Services de la technologie de l'information,862,94,ISS00,503,95,CSA,Canadian Space Agency,Agence spatiale canadienne,8348842,,,8250560,,,8228938,,,,52.7,55.5,58.6,,dp_resources,2024,0
31029,9601,2024,3827,1080,ISS08,Real Property Management Services,Services de gestion des biens immobiliers,862,94,ISS00,503,95,CSA,Canadian Space Agency,Agence spatiale canadienne,14203780,,,12663412,,,12829596,,,,29.3,31.4,35.5,,dp_resources,2024,0
31030,9624,2024,3828,889,ISS09,Materiel Management Services,Services de gestion du matériel,862,94,ISS00,503,95,CSA,Canadian Space Agency,Agence spatiale canadienne,273012,,,272012,,,262908,,,,3.2,3.2,3.2,,dp_resources,2024,0
31031,9652,2024,3829,12,ISS0Z,Acquisition Management Services,Services de gestion des acquisitions,862,94,ISS00,503,95,CSA,Canadian Space Agency,Agence spatiale canadienne,1151478,,,1157168,,,1136684,,,,8.5,8.5,8.3,,dp_resources,2024,0
31033,8890,2024,6581,167,BNV05,Centres of Expertise,Centres d'expertise,956,288,BNV00,536,313,SC,Statistics Canada,Statistique Canada,188665900,,,182465042,,,179976808,,,,1427,1390,1394,,dp_resources,2024,0
31035,9498,2024,4296,438,ISS05,Financial Management Services,Services de gestion financière,957,289,ISS00,536,313,SC,Statistics Canada,Statistique Canada,18361264,,,17319501,,,17357094,,,,132,126,126,,dp_resources,2024,0
31036,9567,2024,4298,645,ISS07,Information Technology Services,Services de la technologie de l'information,957,289,ISS00,536,313,SC,Statistics Canada,Statistique Canada,16725090,,,15631615,,,15397479,,,,100,96,95,,dp_resources,2024,0
31037,8886,2024,5879,333,BNV01,Economic and Environmental Statistics,Statistique économique et environnementale,956,288,BNV00,536,313,SC,Statistics Canada,Statistique Canada,184163166,,,175529009,,,175105274,,,,1506,1458,1450,,dp_resources,2024,0
31038,9421,2024,4294,813,ISS03,Legal Services,Services juridiques,957,289,ISS00,536,313,SC,Statistics Canada,Statistique Canada,460729,,,463444,,,463844,,,,0,0,0,,dp_resources,2024,0
31039,8712,2024,4798,1349,BXJ01,Appeal case reviews,Examen d'appels,873,331,BXJ00,991,296,ERC,Royal Canadian Mounted Police External Review Committee,Comité externe d’examen de la Gendarmerie royale du Canada,4614222,,,4616704,,,4616704,,,,24,24,24,,dp_resources,2024,0
31059,8736,2024,6842,276,BEZ01,Copyright Tariff Setting and Issuance of Licences,Établissement de tarifs et délivrance de licences pour l'utilisation des droits d'auteur,1162,17,BEZ00,997,114,CB,Copyright Board,Commission du droit d’auteur,3564988,,,3575590,,,3577077,,,,21,21,21,,dp_resources,2024,0
31060,9344,2024,4579,688,ISS00,Internal Services,Services internes,908,18,ISS00,997,114,CB,Copyright Board,Commission du droit d’auteur,891247,,,893898,,,894269,,,,4,4,4,,dp_resources,2024,0
31061,8458,2024,3340,748,BVB01,International Policy Coordination,Coordination des politiques internationales,1214,105,BVB00,999,126,EA,"Department of Foreign Affairs, Trade and Development","Ministère des Affaires étrangères, du Commerce et du Développement",65159553,,,61942156,,,50844559,,,,242,242,242,,dp_resources,2024,0
31062,8461,2024,4406,947,BVB03,Multilateral Policy,Politiques multilatérales,1214,105,BVB00,999,126,EA,"Department of Foreign Affairs, Trade and Development","Ministère des Affaires étrangères, du Commerce et du Développement",449620609,,,449848419,,,449554515,,,,134,134,133,,dp_resources,2024,0
31063,8464,2024,3342,745,BVB04,International Law,Droit international,1214,105,BVB00,999,126,EA,"Department of Foreign Affairs, Trade and Development","Ministère des Affaires étrangères, du Commerce et du Développement",26280767,,,26456289,,,26493517,,,,80,85,85,,dp_resources,2024,0
31064,8467,2024,3343,311,BVB05,The Office of Protocol,Le Bureau du Protocole,1214,105,BVB00,999,126,EA,"Department of Foreign Affairs, Trade and Development","Ministère des Affaires étrangères, du Commerce et du Développement",40809795,,,41358552,,,41356554,,,,76,77,76,,dp_resources,2024,0
31065,8470,2024,3344,373,BVB06,"Europe, Arctic, Middle East and Maghreb Policy & Diplomacy","Politique et diplomatie en Europe, dans l'Arctique, au Moyen-Orient et au Maghreb",1214,105,BVB00,999,126,EA,"Department of Foreign Affairs, Trade and Development","Ministère des Affaires étrangères, du Commerce et du Développement",80463383,,,74346121,,,74466659,,,,692,674,674,,dp_resources,2024,0
31066,8472,2024,3345,71,BVB07,Americas Policy & Diplomacy,Politique et diplomatie pour les Amériques,1214,105,BVB00,999,126,EA,"Department of Foreign Affairs, Trade and Development","Ministère des Affaires étrangères, du Commerce et du Développement",94870444,,,94779793,,,94877377,,,,494,494,494,,dp_resources,2024,0
31067,8474,2024,3346,88,BVB08,Asia Pacific Policy & Diplomacy,Politique et diplomatie en Asie-Pacifique,1214,105,BVB00,999,126,EA,"Department of Foreign Affairs, Trade and Development","Ministère des Affaires étrangères, du Commerce et du Développement",91657599,,,92632703,,,73233320,,,,454,444,433,,dp_resources,2024,0
31068,8477,2024,3347,1220,BVB09,Sub-Saharan Africa Policy & Diplomacy,Politique et diplomatie en Afrique subsaharienne,1214,105,BVB00,999,126,EA,"Department of Foreign Affairs, Trade and Development","Ministère des Affaires étrangères, du Commerce et du Développement",11542590,,,11644857,,,11668783,,,,99,99,99,,dp_resources,2024,0
31069,8480,2024,3348,468,BVB10,Geographic Coordination and Mission Support,Coordination géographique et appui aux missions,1214,105,BVB00,999,126,EA,"Department of Foreign Affairs, Trade and Development","Ministère des Affaires étrangères, du Commerce et du Développement",5563640,,,5610010,,,5618934,,,,36,36,36,,dp_resources,2024,0
31070,8482,2024,5173,1496,BVB20,International Assistance Policy,Politique d'aide internationale,1214,105,BVB00,999,126,EA,"Department of Foreign Affairs, Trade and Development","Ministère des Affaires étrangères, du Commerce et du Développement",14938741,,,15197024,,,14097910,,,,111,111,107,,dp_resources,2024,0
31071,8485,2024,5061,1313,BVB19,International Security Policy and Diplomacy,Politique de sécurité internationale et diplomatie,1214,105,BVB00,999,126,EA,"Department of Foreign Affairs, Trade and Development","Ministère des Affaires étrangères, du Commerce et du Développement",140028973,,,137574299,,,137300779,,,,278,278,278,,dp_resources,2024,0
31072,8497,2024,3357,1252,BVC01,"Trade Policy, Agreements, Negotiations and Disputes","Politiques et négociations commerciales, accords et différends",752,106,BVC00,999,126,EA,"Department of Foreign Affairs, Trade and Development","Ministère des Affaires étrangères, du Commerce et du Développement",70463375,,,48257410,,,48348754,,,,296,248,248,,dp_resources,2024,0
31073,8499,2024,3358,1250,BVC02,Trade Controls,Réglementation commerciale,752,106,BVC00,999,126,EA,"Department of Foreign Affairs, Trade and Development","Ministère des Affaires étrangères, du Commerce et du Développement",15854881,,,15927414,,,15937559,,,,73,73,73,,dp_resources,2024,0
31074,8501,2024,3359,738,BVC03,International Business Development,Développement du commerce international,752,106,BVC00,999,126,EA,"Department of Foreign Affairs, Trade and Development","Ministère des Affaires étrangères, du Commerce et du Développement",174291478,,,172500143,,,169796510,,,,492,491,483,,dp_resources,2024,0
31075,8503,2024,3360,743,BVC04,International Innovation and Investment,Innovation et investissement international,752,106,BVC00,999,126,EA,"Department of Foreign Affairs, Trade and Development","Ministère des Affaires étrangères, du Commerce et du Développement",33441459,,,33562156,,,33568976,,,,106,106,106,,dp_resources,2024,0
31076,8505,2024,3361,374,BVC05,"Europe, Arctic, Middle East and Maghreb Trade","Commerce en Europe, dans l'Arctique, au Moyen-Orient et au Maghreb",752,106,BVC00,999,126,EA,"Department of Foreign Affairs, Trade and Development","Ministère des Affaires étrangères, du Commerce et du Développement",32720617,,,32999992,,,33055875,,,,296,293,293,,dp_resources,2024,0
31077,8507,2024,3362,72,BVC06,Americas Trade,Commerce dans les Amériques,752,106,BVC00,999,126,EA,"Department of Foreign Affairs, Trade and Development","Ministère des Affaires étrangères, du Commerce et du Développement",43843077,,,43808715,,,43879181,,,,363,363,363,,dp_resources,2024,0
31078,8509,2024,5565,89,BVC07,Asia Pacific Trade,Commerce en Asie-Pacifique,752,106,BVC00,999,126,EA,"Department of Foreign Affairs, Trade and Development","Ministère des Affaires étrangères, du Commerce et du Développement",42186123,,,40794134,,,40874950,,,,454,454,454,,dp_resources,2024,0
31079,8511,2024,3364,1221,BVC08,Sub-Saharan Africa Trade,Commerce en Afrique subsaharienne,752,106,BVC00,999,126,EA,"Department of Foreign Affairs, Trade and Development","Ministère des Affaires étrangères, du Commerce et du Développement",7617066,,,7715775,,,7732894,,,,113,113,113,,dp_resources,2024,0
31080,8513,2024,3365,737,BVD01,International Assistance Operations,Opérations d'aide internationale,753,107,BVD00,999,126,EA,"Department of Foreign Affairs, Trade and Development","Ministère des Affaires étrangères, du Commerce et du Développement",3972831,,,3980845,,,3992194,,,,40,40,40,,dp_resources,2024,0
31081,8514,2024,6292,1491,BVD14,"Office of Human Rights, Freedom and Inclusion (OHRFI) Programming","Programmation du Bureau des droits de la personne, des libertés et de l’inclusion (BDPLI)",753,107,BVD00,999,126,EA,"Department of Foreign Affairs, Trade and Development","Ministère des Affaires étrangères, du Commerce et du Développement",23982470,,,18986318,,,18990593,,,,8,8,8,,dp_resources,2024,0
31082,8516,2024,3366,554,BVD02,Humanitarian Assistance,Aide humanitaire,753,107,BVD00,999,126,EA,"Department of Foreign Affairs, Trade and Development","Ministère des Affaires étrangères, du Commerce et du Développement",586330122,,,586372437,,,586305123,,,,14,14,14,,dp_resources,2024,0
31083,8518,2024,5567,1008,BVD03,Partnerships for Development Innovation,Partenariats pour innovation dans le développement,753,107,BVD00,999,126,EA,"Department of Foreign Affairs, Trade and Development","Ministère des Affaires étrangères, du Commerce et du Développement",435415052,,,431693586,,,356401813,,,,117,115,114,,dp_resources,2024,0
31084,8520,2024,5566,946,BVD04,Multilateral International Assistance,Aide internationale multilatérale,753,107,BVD00,999,126,EA,"Department of Foreign Affairs, Trade and Development","Ministère des Affaires étrangères, du Commerce et du Développement",2601614958,,,2057349725,,,1579677252,,,,139,140,135,,dp_resources,2024,0
31085,8522,2024,4971,1018,BVD05,Peace and Stabilization Operations,Stabilisation et opérations de paix,753,107,BVD00,999,126,EA,"Department of Foreign Affairs, Trade and Development","Ministère des Affaires étrangères, du Commerce et du Développement",195959219,,,158568171,,,143604299,,,,99,99,99,,dp_resources,2024,0
31086,8524,2024,6757,75,BVD06,Anti-Crime and Counter-Terrorism Capacity Building,Programmes visant à renforcer les capacités de lutte contre la criminalité et le terrorisme,753,107,BVD00,999,126,EA,"Department of Foreign Affairs, Trade and Development","Ministère des Affaires étrangères, du Commerce et du Développement",80586042,,,59695127,,,59703806,,,,23,23,23,,dp_resources,2024,0
31087,8526,2024,6761,1280,BVD07,Weapons Threat Reduction,Réduction des menaces d'armes,753,107,BVD00,999,126,EA,"Department of Foreign Affairs, Trade and Development","Ministère des Affaires étrangères, du Commerce et du Développement",76041022,,,76092696,,,76112406,,,,24,24,24,,dp_resources,2024,0
31088,8528,2024,3372,133,BVD08,Canada Fund for Local Initiatives,Fonds canadien d'initiatives locales,753,107,BVD00,999,126,EA,"Department of Foreign Affairs, Trade and Development","Ministère des Affaires étrangères, du Commerce et du Développement",31374991,,,31384842,,,31389120,,,,7,7,7,,dp_resources,2024,0
31089,8530,2024,3373,372,BVD09,"Europe, Arctic, Middle East and Maghreb International Assistance","Aide internationale en Europe, dans l'Arctique, au Moyen-Orient et au Maghreb",753,107,BVD00,999,126,EA,"Department of Foreign Affairs, Trade and Development","Ministère des Affaires étrangères, du Commerce et du Développement",162429669,,,137807567,,,137844027,,,,95,89,89,,dp_resources,2024,0
31090,8532,2024,3374,70,BVD10,Americas International Assistance,Aide internationale dans les Amériques,753,107,BVD00,999,126,EA,"Department of Foreign Affairs, Trade and Development","Ministère des Affaires étrangères, du Commerce et du Développement",307219690,,,307416520,,,307493002,,,,136,136,136,,dp_resources,2024,0
31091,8534,2024,3375,87,BVD11,Asia Pacific International Assistance,Aide internationale en Asie-Pacifique,753,107,BVD00,999,126,EA,"Department of Foreign Affairs, Trade and Development","Ministère des Affaires étrangères, du Commerce et du Développement",321816753,,,325420421,,,325495362,,,,148,148,148,,dp_resources,2024,0
31092,8536,2024,3376,1219,BVD12,Sub-Saharan Africa International Assistance,Aide internationale en Afrique subsaharienne,753,107,BVD00,999,126,EA,"Department of Foreign Affairs, Trade and Development","Ministère des Affaires étrangères, du Commerce et du Développement",773965331,,,774347731,,,774498428,,,,262,262,262,,dp_resources,2024,0
31093,8537,2024,3377,482,BVD13,Grants and Contributions Policy and Operations,Politiques et opérations concernant les subventions et les contributions,753,107,BVD00,999,126,EA,"Department of Foreign Affairs, Trade and Development","Ministère des Affaires étrangères, du Commerce et du Développement",18761665,,,18714946,,,18476600,,,,100,100,100,,dp_resources,2024,0
31094,8539,2024,5568,268,BVE01,Consular Assistance and Services for Canadians Abroad,Aide consulaire et les services aux Canadiens à l’étranger,754,108,BVE00,999,126,EA,"Department of Foreign Affairs, Trade and Development","Ministère des Affaires étrangères, du Commerce et du Développement",61084736,,,61085963,,,63380000,,,,441,436,435,,dp_resources,2024,0
31095,8541,2024,3379,348,BVE02,Emergency Preparedness and Response,Préparation et intervention en cas d'urgence,754,108,BVE00,999,126,EA,"Department of Foreign Affairs, Trade and Development","Ministère des Affaires étrangères, du Commerce et du Développement",12807404,,,12905510,,,10583261,,,,70,69,68,,dp_resources,2024,0
31096,8543,2024,5569,1035,BVF01,Platform Corporate Services,Services ministériels au niveau de la plateforme,755,109,BVF00,999,126,EA,"Department of Foreign Affairs, Trade and Development","Ministère des Affaires étrangères, du Commerce et du Développement",18375566,,,18433542,,,18447727,,,,115,115,115,,dp_resources,2024,0
31097,8545,2024,3381,458,BVF02,Foreign Service Directives,Directives sur le service extérieur,755,109,BVF00,999,126,EA,"Department of Foreign Affairs, Trade and Development","Ministère des Affaires étrangères, du Commerce et du Développement",228000563,,,228284108,,,228328472,,,,51,51,51,,dp_resources,2024,0
31098,8547,2024,5570,179,BVF03,Client Relations and Mission Operations,Relations avec les clients et opérations des missions,755,109,BVF00,999,126,EA,"Department of Foreign Affairs, Trade and Development","Ministère des Affaires étrangères, du Commerce et du Développement",276513550,,,274220049,,,276360030,,,,3850,3850,3850,,dp_resources,2024,0
31099,8549,2024,3383,824,BVF04,Locally Engaged Staff Services,Services aux employés recrutés sur place,755,109,BVF00,999,126,EA,"Department of Foreign Affairs, Trade and Development","Ministère des Affaires étrangères, du Commerce et du Développement",121235170,,,125649934,,,121332948,,,,57,57,57,,dp_resources,2024,0
31100,8551,2024,4975,1110,BVF05,Real Property Planning and Stewardship,Planification et intendance des biens immobiliers,755,109,BVF00,999,126,EA,"Department of Foreign Affairs, Trade and Development","Ministère des Affaires étrangères, du Commerce et du Développement",362457401,,,368143266,,,364095830,,,,82,82,82,,dp_resources,2024,0
31101,8553,2024,5571,1111,BVF06,"Real Property Project Delivery, Professional and Technical Services",Services professionnels et techniques pour l'exécution des projets de biens immobiliers,755,109,BVF00,999,126,EA,"Department of Foreign Affairs, Trade and Development","Ministère des Affaires étrangères, du Commerce et du Développement",174008499,,,136497795,,,78696933,,,,180,180,180,,dp_resources,2024,0
31102,8555,2024,3386,938,BVF07,Mission Readiness and Security,Préparation et sécurité de la mission,755,109,BVF00,999,126,EA,"Department of Foreign Affairs, Trade and Development","Ministère des Affaires étrangères, du Commerce et du Développement",71931239,,,69002417,,,61196598,,,,103,103,103,,dp_resources,2024,0
31103,8557,2024,3387,937,BVF08,Mission Network IM/IT,Gestion de l'information et technologie de l'information du réseau des missions,755,109,BVF00,999,126,EA,"Department of Foreign Affairs, Trade and Development","Ministère des Affaires étrangères, du Commerce et du Développement",81021069,,,81040385,,,81114884,,,,211,217,220,,dp_resources,2024,0
31104,9384,2024,3388,847,ISS01,Management and Oversight Services,Services de gestion et de surveillance,756,110,ISS00,999,126,EA,"Department of Foreign Affairs, Trade and Development","Ministère des Affaires étrangères, du Commerce et du Développement",76353557,,,76106956,,,75795445,,,,425,431,430,,dp_resources,2024,0
31105,9392,2024,3389,213,ISS02,Communications Services,Services de communication,756,110,ISS00,999,126,EA,"Department of Foreign Affairs, Trade and Development","Ministère des Affaires étrangères, du Commerce et du Développement",31826900,,,31386286,,,30746321,,,,231,231,231,,dp_resources,2024,0
31106,9440,2024,3390,792,ISS03,Legal Services,Services juridiques,756,110,ISS00,999,126,EA,"Department of Foreign Affairs, Trade and Development","Ministère des Affaires étrangères, du Commerce et du Développement",12823747,,,12252650,,,12120045,,,,26,26,26,,dp_resources,2024,0
31107,9458,2024,3391,528,ISS04,Human Resources Management Services,Services de gestion des ressources humaines,756,110,ISS00,999,126,EA,"Department of Foreign Affairs, Trade and Development","Ministère des Affaires étrangères, du Commerce et du Développement",78653970,,,78637776,,,73625433,,,,493,491,491,,dp_resources,2024,0
31108,9510,2024,3392,417,ISS05,Financial Management Services,Services de gestion financière,756,110,ISS00,999,126,EA,"Department of Foreign Affairs, Trade and Development","Ministère des Affaires étrangères, du Commerce et du Développement",65638761,,,66923443,,,66420941,,,,448,446,445,,dp_resources,2024,0
31109,9538,2024,3393,589,ISS06,Information Management Services,Services de gestion de l'information,756,110,ISS00,999,126,EA,"Department of Foreign Affairs, Trade and Development","Ministère des Affaires étrangères, du Commerce et du Développement",16050835,,,15504318,,,15258892,,,,73,72,71,,dp_resources,2024,0
31110,9547,2024,3394,624,ISS07,Information Technology Services,Services de la technologie de l'information,756,110,ISS00,999,126,EA,"Department of Foreign Affairs, Trade and Development","Ministère des Affaires étrangères, du Commerce et du Développement",23040023,,,22577278,,,22133562,,,,94,93,92,,dp_resources,2024,0
31111,9599,2024,3395,1087,ISS08,Real Property Management Services,Services de gestion des biens immobiliers,756,110,ISS00,999,126,EA,"Department of Foreign Affairs, Trade and Development","Ministère des Affaires étrangères, du Commerce et du Développement",26877586,,,26539120,,,26820411,,,,90,89,89,,dp_resources,2024,0
31112,9611,2024,3396,896,ISS09,Materiel Management Services,Services de gestion du matériel,756,110,ISS00,999,126,EA,"Department of Foreign Affairs, Trade and Development","Ministère des Affaires étrangères, du Commerce et du Développement",1639164,,,1640879,,,1641931,,,,0,0,0,,dp_resources,2024,0
31113,9636,2024,3397,19,ISS0Z,Acquisition Management Services,Services de gestion des acquisitions,756,110,ISS00,999,126,EA,"Department of Foreign Affairs, Trade and Development","Ministère des Affaires étrangères, du Commerce et du Développement",6930098,,,6939334,,,6533564,,,,96,96,96,,dp_resources,2024,0
31114,8909,2024,4924,1052,BRG01,Promotion Program,Programme de promotion,880,172,BRG00,658,349,IPC_p,Office of the Privacy Commissioner of Canada,Commissariat à la protection de la vie privée du Canada,12115148,,,12125618,,,12136097,,,,77,77,77,,dp_resources,2024,0
31115,8910,2024,4927,253,BRG02,Compliance Program,Programme de conformité,880,172,BRG00,658,349,IPC_p,Office of the Privacy Commissioner of Canada,Commissariat à la protection de la vie privée du Canada,12871157,,,11240643,,,11250115,,,,90,76,76,,dp_resources,2024,0
31116,8644,2024,5935,1517,BGV03,"Assessment Administration, Conduct, and Monitoring","Administration, réalisation et surveillance de l’évaluation",1223,36,BGV00,646,63,CEAA,Impact Assessment Agency of Canada,Agence canadienne d’évaluation d’impact,66652734,,,51488523,,,51496660,,,,399,268,268,,dp_resources,2024,0
31117,8728,2024,5993,1122,BEE01,Registry Services,Service de greffe,850,11,BEE00,784,539,ATSSC,Administrative Tribunals Support Service of Canada,Service canadien d'appui aux tribunaux administratifs,12696402,,,12039827,,,12080672,,,,225,217,217,,dp_resources,2024,0
31118,8729,2024,5994,815,BEE02,Legal Services,Services juridiques,850,11,BEE00,784,539,ATSSC,Administrative Tribunals Support Service of Canada,Service canadien d'appui aux tribunaux administratifs,9506070,,,9014478,,,9045059,,,,65,63,63,,dp_resources,2024,0
31120,8670,2024,5389,1500,BWI18,Research and Innovation,Recherche et innovation,874,321,BWI00,721,139,VAC,Department of Veterans Affairs,Ministère des Anciens Combattants,23458795,,,20466759,,,20375299,,,,5.9,5.6,5,,dp_resources,2024,0
31121,8686,2024,6764,1315,BWI16,Disability Benefits,Prestations d'invalidité,874,321,BWI00,721,139,VAC,Department of Veterans Affairs,Ministère des Anciens Combattants,3043430988,,,2812490436,,,2428588409,,,,1418.3,1515.7,1053.7,,dp_resources,2024,0
31122,9204,2024,6033,488,BWI06,Health Care Benefits,Avantages pour soins de santé,874,321,BWI00,721,139,VAC,Department of Veterans Affairs,Ministère des Anciens Combattants,828605470,,,888847189,,,871624310,,,,431.9,411.7,408.5,,dp_resources,2024,0
31123,9205,2024,6778,1258,BWI07,Transition Services,Services de transition,874,321,BWI00,721,139,VAC,Department of Veterans Affairs,Ministère des Anciens Combattants,178701207,,,183284352,,,179491848,,,,410.1,390.9,387.9,,dp_resources,2024,0
31124,9206,2024,6772,825,BWI08,Long Term Care,Soins de longue durée,874,321,BWI00,721,139,VAC,Department of Veterans Affairs,Ministère des Anciens Combattants,162786037,,,158368119,,,163821667,,,,108.6,103.5,102.7,,dp_resources,2024,0
31125,9207,2024,6107,1273,BWI09,Veterans Independence Program,Programme pour l'autonomie des anciens combattants,874,321,BWI00,721,139,VAC,Department of Veterans Affairs,Ministère des Anciens Combattants,383292039,,,389275209,,,368256324,,,,242.1,230.7,228.9,,dp_resources,2024,0
31126,9208,2024,6762,164,BWI10,Caregiver Recognition Benefit,Allocation de reconnaissance pour aidant,874,321,BWI00,721,139,VAC,Department of Veterans Affairs,Ministère des Anciens Combattants,31443714,,,40502104,,,31238964,,,,18.9,18,17.9,,dp_resources,2024,0
31127,9209,2024,6781,1282,BWI11,War Veterans Allowance,Allocation aux anciens combattants,874,321,BWI00,721,139,VAC,Department of Veterans Affairs,Ministère des Anciens Combattants,3901650,,,3626318,,,4045185,,,,7.8,7.4,7.4,,dp_resources,2024,0
31128,9210,2024,6770,145,BWI12,Income Support,Soutien du revenu,874,321,BWI00,721,139,VAC,Department of Veterans Affairs,Ministère des Anciens Combattants,1378739071,,,1476581814,,,1385028810,,,,73.1,69.7,69.2,,dp_resources,2024,0
31129,9211,2024,6779,1272,BWI13,Veterans Emergency Fund,Fonds d'urgence pour les vétérans,874,321,BWI00,721,139,VAC,Department of Veterans Affairs,Ministère des Anciens Combattants,1225108,,,1227249,,,1199598,,,,1.8,1.7,1.7,,dp_resources,2024,0
31133,8730,2024,5995,870,BEE03,Mandate and Members Services,Services liés aux mandats et aux membres,850,11,BEE00,784,539,ATSSC,Administrative Tribunals Support Service of Canada,Service canadien d'appui aux tribunaux administratifs,35814445,,,33962354,,,34077573,,,,298,287,287,,dp_resources,2024,0
31134,9322,2024,4565,665,ISS00,Internal Services,Services internes,851,12,ISS00,784,539,ATSSC,Administrative Tribunals Support Service of Canada,Service canadien d'appui aux tribunaux administratifs,22641996,,,21471100,,,21543940,,,,159,156,156,,dp_resources,2024,0
31135,9212,2024,5648,138,BWJ01,Canada Remembers Program,Programme Le Canada se souvient,875,322,BWJ00,721,139,VAC,Department of Veterans Affairs,Ministère des Anciens Combattants,44367608,,,35129040,,,32455340,,,,86.6,86.6,86.6,,dp_resources,2024,0
31136,9213,2024,5651,464,BWJ02,Funeral and Burial Program,Programme de funérailles et d'inhumation,875,322,BWJ00,721,139,VAC,Department of Veterans Affairs,Ministère des Anciens Combattants,8064676,,,8155247,,,8117454,,,,2.5,2.5,2.5,,dp_resources,2024,0
31137,9214,2024,6006,1274,BWK01,Veterans Ombudsperson,Ombudsman des vétérans,1139,323,BWK00,721,139,VAC,Department of Veterans Affairs,Ministère des Anciens Combattants,4853337,,,4877565,,,4948923,,,,39,39,39,,dp_resources,2024,0
31138,9364,2024,3858,858,ISS01,Management and Oversight Services,Services de gestion et de surveillance,877,324,ISS00,721,139,VAC,Department of Veterans Affairs,Ministère des Anciens Combattants,19126440,,,19059333,,,18598399,,,,173.8,170.2,168.7,,dp_resources,2024,0
31139,9393,2024,3859,224,ISS02,Communications Services,Services de communication,877,324,ISS00,721,139,VAC,Department of Veterans Affairs,Ministère des Anciens Combattants,10924504,,,10915446,,,10653547,,,,81.5,81,76.5,,dp_resources,2024,0
31140,9430,2024,3860,803,ISS03,Legal Services,Services juridiques,877,324,ISS00,721,139,VAC,Department of Veterans Affairs,Ministère des Anciens Combattants,4934215,,,4969134,,,4818361,,,,4.4,4.4,4.4,,dp_resources,2024,0
31141,9453,2024,3861,539,ISS04,Human Resources Management Services,Services de gestion des ressources humaines,877,324,ISS00,721,139,VAC,Department of Veterans Affairs,Ministère des Anciens Combattants,16160755,,,16510073,,,15012654,,,,158.2,161.4,135.9,,dp_resources,2024,0
31142,9483,2024,3862,428,ISS05,Financial Management Services,Services de gestion financière,877,324,ISS00,721,139,VAC,Department of Veterans Affairs,Ministère des Anciens Combattants,16297973,,,16133728,,,15233883,,,,139,135,124.5,,dp_resources,2024,0
31143,9529,2024,3863,600,ISS06,Information Management Services,Services de gestion de l'information,877,324,ISS00,721,139,VAC,Department of Veterans Affairs,Ministère des Anciens Combattants,2507986,,,2414877,,,2127134,,,,32.6,32.6,25.6,,dp_resources,2024,0
31144,9558,2024,3864,635,ISS07,Information Technology Services,Services de la technologie de l'information,877,324,ISS00,721,139,VAC,Department of Veterans Affairs,Ministère des Anciens Combattants,41084278,,,40202274,,,35383330,,,,235.3,223.2,202.7,,dp_resources,2024,0
31145,9603,2024,3865,1098,ISS08,Real Property Management Services,Services de gestion des biens immobiliers,877,324,ISS00,721,139,VAC,Department of Veterans Affairs,Ministère des Anciens Combattants,7031429,,,6857109,,,5570294,,,,40.5,38.5,33.5,,dp_resources,2024,0
31146,9629,2024,3866,907,ISS09,Materiel Management Services,Services de gestion du matériel,877,324,ISS00,721,139,VAC,Department of Veterans Affairs,Ministère des Anciens Combattants,2037633,,,1980469,,,1537122,,,,12.4,12.4,12.4,,dp_resources,2024,0
31147,9645,2024,3867,30,ISS0Z,Acquisition Management Services,Services de gestion des acquisitions,877,324,ISS00,721,139,VAC,Department of Veterans Affairs,Ministère des Anciens Combattants,1055865,,,1049137,,,975679,,,,7.4,7.4,7.4,,dp_resources,2024,0
31148,9093,2024,3730,756,BUI01,Investigator-Initiated Research,Recherche libre,842,65,BUI00,896,74,CIHR,Canadian Institutes of Health Research,Instituts de recherche en santé du Canada,850032505,,,851914960,,,851771977,,,,72,70,69,,dp_resources,2024,0
31149,9095,2024,2960,1140,BUI03,Research in Priority Areas,Recherche priorisée,842,65,BUI00,896,74,CIHR,Canadian Institutes of Health Research,Instituts de recherche en santé du Canada,396891643,,,328785210,,,320147847,,,,185,164,163,,dp_resources,2024,0
31150,8721,2024,3804,564,BED01,Inclusive Communities,Collectivités inclusives,855,1,BED00,909,12,ACOA,Atlantic Canada Opportunities Agency,Agence de promotion économique du Canada atlantique,29024935,,,27793511,,,23955982,,,,32,31,31,,dp_resources,2024,0
31151,8722,2024,3805,319,BED02,Diversified Communities,Collectivités diversifiées,855,1,BED00,909,12,ACOA,Atlantic Canada Opportunities Agency,Agence de promotion économique du Canada atlantique,114555783,,,81324540,,,68032604,,,,75,75,74,,dp_resources,2024,0
31152,8723,2024,3806,1138,BED03,Research and Development and Commercialization,Recherche-développement et commercialisation,855,1,BED00,909,12,ACOA,Atlantic Canada Opportunities Agency,Agence de promotion économique du Canada atlantique,45238729,,,45203268,,,41738344,,,,57,56,56,,dp_resources,2024,0
31153,8724,2024,3807,651,BED04,Innovation Ecosystem,Écosystème d'innovation,855,1,BED00,909,12,ACOA,Atlantic Canada Opportunities Agency,Agence de promotion économique du Canada atlantique,32824435,,,32648813,,,8438158,,,,14,14,14,,dp_resources,2024,0
31154,8725,2024,3808,120,BED05,Business Growth,Croissance des entreprises,855,1,BED00,909,12,ACOA,Atlantic Canada Opportunities Agency,Agence de promotion économique du Canada atlantique,91892094,,,86979425,,,45670376,,,,92,92,90,,dp_resources,2024,0
31155,8726,2024,3809,1253,BED06,Trade and Investment,Commerce et investissement,855,1,BED00,909,12,ACOA,Atlantic Canada Opportunities Agency,Agence de promotion économique du Canada atlantique,24366422,,,24497938,,,21313491,,,,41,40,40,,dp_resources,2024,0
31156,8727,2024,3810,1039,BED07,Policy Research and Engagement,Recherche stratégique et mobilisation,855,1,BED00,909,12,ACOA,Atlantic Canada Opportunities Agency,Agence de promotion économique du Canada atlantique,19155288,,,14609172,,,12433553,,,,67,67,66,,dp_resources,2024,0
31157,9321,2024,4566,666,ISS00,Internal Services,Services internes,856,2,ISS00,909,12,ACOA,Atlantic Canada Opportunities Agency,Agence de promotion économique du Canada atlantique,28585667,,,28548283,,,28406182,,,,195,193,191,,dp_resources,2024,0
31158,8907,2024,4399,324,BRD01,Federal Prosecutions,Poursuites fédérales,807,247,BRD00,793,248,ODPP,Office of the Director of Public Prosecutions,Bureau du directeur des poursuites pénales,178679052,,,178910322,,,178942962,,,,880,880,880,,dp_resources,2024,0
31159,9327,2024,4555,717,ISS00,Internal Services,Services internes,809,249,ISS00,793,248,ODPP,Office of the Director of Public Prosecutions,Bureau du directeur des poursuites pénales,29773969,,,29986235,,,30056211,,,,259,259,259,,dp_resources,2024,0
31161,9347,2024,4560,727,ISS00,Internal Services,Services internes,831,238,ISS00,998,345,NSICP,Secretariat of the National Security and Intelligence Committee of Parliamentarians,Secrétariat du Comité des parlementaires sur la sécurité nationale et le renseignement,1084795,,,1084795,,,1084795,,,,3,3,3,,dp_resources,2024,0
31162,9245,2024,4161,1003,BWQ01,Oversee and regulate the planning and construction of the Canadian portion of the Alaska Highway Natural Gas Pipeline Project,Surveiller et réglementer la planification et la construction de la partie canadienne du projet de gazoduc de la route de l'Alaska,939,224,BWQ00,949,235,NPA,Northern Pipeline Agency,Administration du pipe-line du Nord,569670,,,1298629,,,1298629,,,,4,4,4,,dp_resources,2024,0
31167,9299,2024,6847,1562,ISS00,Internal Services,Services internes,1180,362,ISS00,947,561,FEDNO,Federal Economic Development Agency for Northern Ontario,Agence fédérale de développement économique pour le Nord de l’Ontario,4512390,,,4581144,,,4591036,,,,41,41,41,,dp_resources,2024,0
31173,9160,2024,6626,495,BVP01,Health Promotion,Promotion de la santé,1210,269,BVP00,512,280,PHAC,Public Health Agency of Canada,Agence de la santé publique du Canada,283544479,,,270803160,,,210409542,,,,238,234,230,,dp_resources,2024,0
31174,9161,2024,6624,172,BVP02,Chronic Disease Prevention,Prévention des maladies chroniques,1210,269,BVP00,512,280,PHAC,Public Health Agency of Canada,Agence de la santé publique du Canada,40413267,,,33133146,,,29305003,,,,60,59,54,,dp_resources,2024,0
31175,9162,2024,6210,375,BVP03,"Evidence for Health Promotion, and Chronic Disease and Injury Prevention",Données probantes liées à la promotion de la santé et à la prévention des maladies chroniques et des blessures,1210,269,BVP00,512,280,PHAC,Public Health Agency of Canada,Agence de la santé publique du Canada,72445218,,,52458440,,,47660462,,,,350,284,272,,dp_resources,2024,0
31177,9164,2024,4876,198,BVQ02,Communicable Disease and Infection Control,Contrôle des maladies transmissibles et des infections,1012,270,BVQ00,512,280,PHAC,Public Health Agency of Canada,Agence de la santé publique du Canada,137936853,,,100572902,,,84615852,,,,610,375,297,,dp_resources,2024,0
31178,9165,2024,4877,562,BVQ03,Vaccination,Vaccination,1012,270,BVQ00,512,280,PHAC,Public Health Agency of Canada,Agence de la santé publique du Canada,707110775,,,667147843,,,491471389,,,,498,227,84,,dp_resources,2024,0
31179,9166,2024,4878,455,BVQ04,Foodborne and Zoonotic Diseases,Maladies zoonotiques et d'origine alimentaire,1012,270,BVQ00,512,280,PHAC,Public Health Agency of Canada,Agence de la santé publique du Canada,22194364,,,20678537,,,18335451,,,,115,109,108,,dp_resources,2024,0
31180,9167,2024,6656,349,BVR01,Emergency Preparedness and Response,Préparation et intervention en cas d'urgence,1013,271,BVR00,512,280,PHAC,Public Health Agency of Canada,Agence de la santé publique du Canada,243779149,,,186622678,,,144997709,,,,474,341,246,,dp_resources,2024,0
31181,9168,2024,6654,107,BVR02,Biosecurity,Biosûreté,1013,271,BVR00,512,280,PHAC,Public Health Agency of Canada,Agence de la santé publique du Canada,19981417,,,20192336,,,8967957,,,,175,174,89,,dp_resources,2024,0
31182,9169,2024,6791,111,BVR03,Border and Travel Health,Santé des voyageurs et santé transfrontalière,1013,271,BVR00,512,280,PHAC,Public Health Agency of Canada,Agence de la santé publique du Canada,20672971,,,16688792,,,8948758,,,,105,79,34,,dp_resources,2024,0
31183,8750,2024,3708,1278,BGD01,Visitors,Visiteurs,838,59,BGD00,993,123,CI,Department of Citizenship and Immigration,Ministère de la Citoyenneté et de l'Immigration,130338071,,,120527605,,,131957046,,,,1121,1100,1157,,dp_resources,2024,0
31184,8751,2024,3709,751,BGD02,International Students,Étudiants étrangers,838,59,BGD00,993,123,CI,Department of Citizenship and Immigration,Ministère de la Citoyenneté et de l'Immigration,84679301,,,86896149,,,72001703,,,,782,777,695,,dp_resources,2024,0
31185,8752,2024,3710,1241,BGD03,Temporary Workers,Travailleurs temporaires,838,59,BGD00,993,123,CI,Department of Citizenship and Immigration,Ministère de la Citoyenneté et de l'Immigration,105297153,,,103138949,,,93233967,,,,950,923,864,,dp_resources,2024,0
31186,9371,2024,3885,864,ISS01,Management and Oversight Services,Services de gestion et de surveillance,885,272,ISS00,512,280,PHAC,Public Health Agency of Canada,Agence de la santé publique du Canada,60899977,,,57089803,,,39089544,,,,475,445,315,,dp_resources,2024,0
31187,9398,2024,3886,230,ISS02,Communications Services,Services de communication,885,272,ISS00,512,280,PHAC,Public Health Agency of Canada,Agence de la santé publique du Canada,12661294,,,11718114,,,11046480,,,,0,0,0,,dp_resources,2024,0
31188,9475,2024,3888,545,ISS04,Human Resources Management Services,Services de gestion des ressources humaines,885,272,ISS00,512,280,PHAC,Public Health Agency of Canada,Agence de la santé publique du Canada,13096663,,,11348342,,,8252242,,,,0,0,0,,dp_resources,2024,0
31189,9503,2024,3889,434,ISS05,Financial Management Services,Services de gestion financière,885,272,ISS00,512,280,PHAC,Public Health Agency of Canada,Agence de la santé publique du Canada,20544051,,,19017663,,,14085423,,,,112,112,79,,dp_resources,2024,0
31190,9512,2024,3890,606,ISS06,Information Management Services,Services de gestion de l'information,885,272,ISS00,512,280,PHAC,Public Health Agency of Canada,Agence de la santé publique du Canada,4940147.88,,,4429829.63,,,3723400.47,,,,0,0,0,,dp_resources,2024,0
31192,9585,2024,3892,1104,ISS08,Real Property Management Services,Services de gestion des biens immobiliers,885,272,ISS00,512,280,PHAC,Public Health Agency of Canada,Agence de la santé publique du Canada,10882765,,,5619104,,,3979858,,,,0,0,0,,dp_resources,2024,0
31193,9605,2024,3893,913,ISS09,Materiel Management Services,Services de gestion du matériel,885,272,ISS00,512,280,PHAC,Public Health Agency of Canada,Agence de la santé publique du Canada,1579932,,,1100767,,,1001680,,,,0,0,0,,dp_resources,2024,0
31194,9640,2024,3894,36,ISS0Z,Acquisition Management Services,Services de gestion des acquisitions,885,272,ISS00,512,280,PHAC,Public Health Agency of Canada,Agence de la santé publique du Canada,5642468,,,5633068,,,5632944,,,,4,4,4,,dp_resources,2024,0
31195,8753,2024,3711,387,BGE01,Federal Economic Immigration,Immigration économique fédérale,839,60,BGE00,993,123,CI,Department of Citizenship and Immigration,Ministère de la Citoyenneté et de l'Immigration,96753103,,,97927795,,,100774983,,,,878,882,874,,dp_resources,2024,0
31196,8754,2024,5909,1059,BGE02,Regional Economic Immigration,Immigration économique régionale,839,60,BGE00,993,123,CI,Department of Citizenship and Immigration,Ministère de la Citoyenneté et de l'Immigration,60156041,,,59701550,,,58820934,,,,652,647,642,,dp_resources,2024,0
31197,8755,2024,3713,382,BGE03,Family Reunification,Regroupement familial,839,60,BGE00,993,123,CI,Department of Citizenship and Immigration,Ministère de la Citoyenneté et de l'Immigration,94472625,,,92844603,,,94846646,,,,1015,998,1002,,dp_resources,2024,0
31198,8756,2024,3714,555,BGE04,Humanitarian/Compassionate and Discretionary Immigration,Immigration pour considérations d'ordre humanitaire et discrétionnaire,839,60,BGE00,993,123,CI,Department of Citizenship and Immigration,Ministère de la Citoyenneté et de l'Immigration,22499229,,,21972216,,,21709398,,,,254,252,249,,dp_resources,2024,0
31199,8757,2024,3715,1119,BGE05,Refugee Resettlement,Réinstallation des réfugiés,839,60,BGE00,993,123,CI,Department of Citizenship and Immigration,Ministère de la Citoyenneté et de l'Immigration,713891057,,,402952944,,,393473290,,,,904,581,596,,dp_resources,2024,0
31200,8758,2024,5188,94,BGE06,Asylum,Asile,839,60,BGE00,993,123,CI,Department of Citizenship and Immigration,Ministère de la Citoyenneté et de l'Immigration,214140412,,,188000007,,,184698217,,,,966,908,894,,dp_resources,2024,0
31201,8759,2024,4388,1184,BGE07,Settlement,Établissement,839,60,BGE00,993,123,CI,Department of Citizenship and Immigration,Ministère de la Citoyenneté et de l'Immigration,2017133697,,,2021828036,,,2041249322,,,,508,504,505,,dp_resources,2024,0
31202,8760,2024,3718,173,BGF01,Citizenship,Citoyenneté,840,61,BGF00,993,123,CI,Department of Citizenship and Immigration,Ministère de la Citoyenneté et de l'Immigration,89165068,,,90823884,,,92011918,,,,1037,1066,1078,,dp_resources,2024,0
31203,8761,2024,3719,1011,BGF02,Passport,Passeports,840,61,BGF00,993,123,CI,Department of Citizenship and Immigration,Ministère de la Citoyenneté et de l'Immigration,41097803,,,18728982,,,6075804,,,,932,770,770,,dp_resources,2024,0
31204,9381,2024,3720,844,ISS01,Management and Oversight Services,Services de gestion et de surveillance,841,62,ISS00,993,123,CI,Department of Citizenship and Immigration,Ministère de la Citoyenneté et de l'Immigration,71528703,,,65338355,,,62702627,,,,619,565,543,,dp_resources,2024,0
31205,9417,2024,3721,210,ISS02,Communications Services,Services de communication,841,62,ISS00,993,123,CI,Department of Citizenship and Immigration,Ministère de la Citoyenneté et de l'Immigration,35667723,,,34689902,,,34350934,,,,232,223,220,,dp_resources,2024,0
31206,9444,2024,3722,789,ISS03,Legal Services,Services juridiques,841,62,ISS00,993,123,CI,Department of Citizenship and Immigration,Ministère de la Citoyenneté et de l'Immigration,41631425,,,40184289,,,39634265,,,,110,107,106,,dp_resources,2024,0
31207,9454,2024,3723,525,ISS04,Human Resources Management Services,Services de gestion des ressources humaines,841,62,ISS00,993,123,CI,Department of Citizenship and Immigration,Ministère de la Citoyenneté et de l'Immigration,67631947,,,64246309,,,63738456,,,,659,618,613,,dp_resources,2024,0
31208,9489,2024,3724,414,ISS05,Financial Management Services,Services de gestion financière,841,62,ISS00,993,123,CI,Department of Citizenship and Immigration,Ministère de la Citoyenneté et de l'Immigration,43996240,,,44518965,,,43659095,,,,327,327,323,,dp_resources,2024,0
31209,9515,2024,3725,586,ISS06,Information Management Services,Services de gestion de l'information,841,62,ISS00,993,123,CI,Department of Citizenship and Immigration,Ministère de la Citoyenneté et de l'Immigration,13261012,,,11628626,,,11342932,,,,96,79,78,,dp_resources,2024,0
31210,9544,2024,3726,621,ISS07,Information Technology Services,Services de la technologie de l'information,841,62,ISS00,993,123,CI,Department of Citizenship and Immigration,Ministère de la Citoyenneté et de l'Immigration,200007564,,,149848713,,,141032003,,,,710,616,562,,dp_resources,2024,0
31211,9581,2024,3727,1084,ISS08,Real Property Management Services,Services de gestion des biens immobiliers,841,62,ISS00,993,123,CI,Department of Citizenship and Immigration,Ministère de la Citoyenneté et de l'Immigration,47406588,,,38156964,,,37639977,,,,122,112,111,,dp_resources,2024,0
31212,9616,2024,3728,893,ISS09,Materiel Management Services,Services de gestion du matériel,841,62,ISS00,993,123,CI,Department of Citizenship and Immigration,Ministère de la Citoyenneté et de l'Immigration,1203904,,,1243148,,,1191807,,,,11,12,12,,dp_resources,2024,0
31213,9656,2024,3729,16,ISS0Z,Acquisition Management Services,Services de gestion des acquisitions,841,62,ISS00,993,123,CI,Department of Citizenship and Immigration,Ministère de la Citoyenneté et de l'Immigration,2489959,,,2365067,,,2217681,,,,24,23,21,,dp_resources,2024,0
31214,9170,2024,6873,955,BVS01,National Security Leadership,Leadership en matière de sécurité nationale,779,278,BVS00,938,135,PSEP,Department of Public Safety and Emergency Preparedness,Ministère de la Sécurité publique et de la Protection civile,23347772,,,20846089,,,20876063,,,,137,123,123,,dp_resources,2024,0
31215,9171,2024,6853,286,BVS02,Critical Infrastructure,Infrastructures essentielles,779,278,BVS00,938,135,PSEP,Department of Public Safety and Emergency Preparedness,Ministère de la Sécurité publique et de la Protection civile,6736869,,,6781511,,,6785362,,,,47,47,47,,dp_resources,2024,0
31216,9172,2024,6872,292,BVS03,Cyber Security,Cybersécurité,779,278,BVS00,938,135,PSEP,Department of Public Safety and Emergency Preparedness,Ministère de la Sécurité publique et de la Protection civile,4369351,,,4436249,,,4442067,,,,29,29,29,,dp_resources,2024,0
31217,9173,2024,6875,284,BVT01,Crime Prevention,Prévention du crime,780,279,BVT00,938,135,PSEP,Department of Public Safety and Emergency Preparedness,Ministère de la Sécurité publique et de la Protection civile,236104641,,,203494911,,,147475369,,,,86,86,64,,dp_resources,2024,0
31219,9174,2024,6877,776,BVT02,Law Enforcement and Policing,Application de la loi et police,780,279,BVT00,938,135,PSEP,Department of Public Safety and Emergency Preparedness,Ministère de la Sécurité publique et de la Protection civile,77421435,,,33687155,,,30976513,,,,130,49,36,,dp_resources,2024,0
31224,9178,2024,6866,281,BVT06,Corrections,Services correctionnels,780,279,BVT00,938,135,PSEP,Department of Public Safety and Emergency Preparedness,Ministère de la Sécurité publique et de la Protection civile,35710656,,,35861627,,,30474836,,,,51,52,49,,dp_resources,2024,0
31225,9176,2024,6874,110,BVT04,Border Policy,Politiques frontalières,780,279,BVT00,938,135,PSEP,Department of Public Safety and Emergency Preparedness,Ministère de la Sécurité publique et de la Protection civile,6509369,,,6548653,,,6556544,,,,27,27,27,,dp_resources,2024,0
31227,9179,2024,6870,350,BVU01,Emergency Prevention/Mitigation,Prévention et atténuation des urgences,1230,280,BVU00,938,135,PSEP,Department of Public Safety and Emergency Preparedness,Ministère de la Sécurité publique et de la Protection civile,33094043,,,30621601,,,23817062,,,,102,104,90,,dp_resources,2024,0
31228,9180,2024,6869,347,BVU02,Emergency Preparedness,Préparation aux urgences,1230,280,BVU00,938,135,PSEP,Department of Public Safety and Emergency Preparedness,Ministère de la Sécurité publique et de la Protection civile,21192978,,,10316427,,,9942676,,,,73,73,70,,dp_resources,2024,0
31229,9181,2024,6871,351,BVU03,Emergency Response/Recovery,Intervention d'urgence et rétablissement,1230,280,BVU00,938,135,PSEP,Department of Public Safety and Emergency Preparedness,Ministère de la Sécurité publique et de la Protection civile,619229953,,,171028839,,,125018782,,,,155,155,153,,dp_resources,2024,0
31230,8572,2024,7069,1595,BWM15,Indigenous Engagement and Capacity Support,Mobilisation et soutien de la capacité des Autochtones,1207,162,BWM00,946,129,INAC,Department of Crown-Indigenous Relations and Northern Affairs,Ministère des Relations Couronne-Autochtones et des Affaires du Nord,291726831,,,144576340,,,131939625,,,,133,133,130,,dp_resources,2024,0
31231,8573,2024,6860,1596,BWM16,Indigenous-led Services,Services dirigés par les Autochtones,1207,162,BWM00,946,129,INAC,Department of Crown-Indigenous Relations and Northern Affairs,Ministère des Relations Couronne-Autochtones et des Affaires du Nord,102124879,,,109290799,,,112368202,,,,2,2,2,,dp_resources,2024,0
31232,8609,2024,7071,1590,BWM14,Residential Schools Legacy,Séquelles des pensionnats,1207,162,BWM00,946,129,INAC,Department of Crown-Indigenous Relations and Northern Affairs,Ministère des Relations Couronne-Autochtones et des Affaires du Nord,34173423,,,6500000,,,6944398,,,,31,13,13,,dp_resources,2024,0
31233,9216,2024,7068,962,BWM02,"Negotiation of Treaties, Self-Government Agreements and Other Constructive Arrangements","Négociation des traités, des ententes sur l’autonomie gouvernementale et d’autres ententes constructives",1207,162,BWM00,946,129,INAC,Department of Crown-Indigenous Relations and Northern Affairs,Ministère des Relations Couronne-Autochtones et des Affaires du Nord,143681245,,,134989057,,,132863534,,,,334,310,310,,dp_resources,2024,0
31235,9218,2024,7065,835,BWM04,Management and Implementation of Agreements and Treaties,Gestion et mise en oeuvre des accords et des traités,1207,162,BWM00,946,129,INAC,Department of Crown-Indigenous Relations and Northern Affairs,Ministère des Relations Couronne-Autochtones et des Affaires du Nord,2009265594,,,1663186448,,,1658430932,,,,160,155,153,,dp_resources,2024,0
31236,9219,2024,7067,269,BWM05,Consultation and Accommodation,Consultation et accommodement,1207,162,BWM00,946,129,INAC,Department of Crown-Indigenous Relations and Northern Affairs,Ministère des Relations Couronne-Autochtones et des Affaires du Nord,8106952,,,7911945,,,7857404,,,,52,52,52,,dp_resources,2024,0
31237,9220,2024,6594,997,BWM09,Other Claims,Autres revendications,1207,162,BWM00,946,129,INAC,Department of Crown-Indigenous Relations and Northern Affairs,Ministère des Relations Couronne-Autochtones et des Affaires du Nord,976439530,,,10221656,,,0,,,,23,23,22,,dp_resources,2024,0
31238,9221,2024,7070,442,BWM10,First Nation Jurisdiction over Land and Fiscal Management,Exercice de la compétence des Premières Nations sur les terres et la gestion financière,1207,162,BWM00,946,129,INAC,Department of Crown-Indigenous Relations and Northern Affairs,Ministère des Relations Couronne-Autochtones et des Affaires du Nord,62670929,,,52614250,,,42730739,,,,54,46,45,,dp_resources,2024,0
31239,9222,2024,6596,1141,BWM13,Indian Residential Schools Settlement Agreement,Convention de règlement relative aux pensionnats indiens,1207,162,BWM00,946,129,INAC,Department of Crown-Indigenous Relations and Northern Affairs,Ministère des Relations Couronne-Autochtones et des Affaires du Nord,7160576,,,1134955,,,1138155,,,,24,22,22,,dp_resources,2024,0
31240,9360,2024,3578,855,ISS01,Management and Oversight Services,Services de gestion et de surveillance,782,281,ISS00,938,135,PSEP,Department of Public Safety and Emergency Preparedness,Ministère de la Sécurité publique et de la Protection civile,26538085,,,25015534,,,22528498,,,,179,171,157,,dp_resources,2024,0
31241,9415,2024,3579,221,ISS02,Communications Services,Services de communication,782,281,ISS00,938,135,PSEP,Department of Public Safety and Emergency Preparedness,Ministère de la Sécurité publique et de la Protection civile,9971539,,,9098655,,,8985320,,,,74,68,67,,dp_resources,2024,0
31242,9432,2024,3580,800,ISS03,Legal Services,Services juridiques,782,281,ISS00,938,135,PSEP,Department of Public Safety and Emergency Preparedness,Ministère de la Sécurité publique et de la Protection civile,4514313,,,4415899,,,3773002,,,,6,6,6,,dp_resources,2024,0
31243,9459,2024,3581,536,ISS04,Human Resources Management Services,Services de gestion des ressources humaines,782,281,ISS00,938,135,PSEP,Department of Public Safety and Emergency Preparedness,Ministère de la Sécurité publique et de la Protection civile,8856695,,,8422570,,,8462485,,,,83,79,79,,dp_resources,2024,0
31244,9494,2024,3582,425,ISS05,Financial Management Services,Services de gestion financière,782,281,ISS00,938,135,PSEP,Department of Public Safety and Emergency Preparedness,Ministère de la Sécurité publique et de la Protection civile,5775232,,,5583600,,,5422160,,,,48,46,45,,dp_resources,2024,0
31246,9555,2024,3584,632,ISS07,Information Technology Services,Services de la technologie de l'information,782,281,ISS00,938,135,PSEP,Department of Public Safety and Emergency Preparedness,Ministère de la Sécurité publique et de la Protection civile,11320719,,,10597190,,,10043097,,,,82,79,78,,dp_resources,2024,0
31247,9575,2024,3585,1095,ISS08,Real Property Management Services,Services de gestion des biens immobiliers,782,281,ISS00,938,135,PSEP,Department of Public Safety and Emergency Preparedness,Ministère de la Sécurité publique et de la Protection civile,6297352,,,6044249,,,5862331,,,,18,18,18,,dp_resources,2024,0
31249,9246,2024,7075,183,BWR04,Climate Change Adaptation and Clean Energy,Adaptation aux changements climatiques et énergie propre,1208,163,BWR00,946,129,INAC,Department of Crown-Indigenous Relations and Northern Affairs,Ministère des Relations Couronne-Autochtones et des Affaires du Nord,67024880,,,52704709,,,46935803,,,,48,38,38,,dp_resources,2024,0
31250,9247,2024,7073,970,BWR05,Northern Strategic and Science Policy,Politique stratégique et scientifique du Nord,1208,163,BWR00,946,129,INAC,Department of Crown-Indigenous Relations and Northern Affairs,Ministère des Relations Couronne-Autochtones et des Affaires du Nord,9052825,,,7986222,,,865360,,,,20,20,20,,dp_resources,2024,0
31251,9248,2024,6606,969,BWR06,Northern Regulatory and Legislative Frameworks,Cadres réglementaires et législatifs du Nord,1208,163,BWR00,946,129,INAC,Department of Crown-Indigenous Relations and Northern Affairs,Ministère des Relations Couronne-Autochtones et des Affaires du Nord,20872440,,,21212357,,,21513060,,,,105,105,105,,dp_resources,2024,0
31252,9249,2024,7076,971,BWR07,Northern and Arctic Environmental Sustainability,Durabilité environnementale dans le Nord et l'Arctique,1208,163,BWR00,946,129,INAC,Department of Crown-Indigenous Relations and Northern Affairs,Ministère des Relations Couronne-Autochtones et des Affaires du Nord,26582631,,,25373236,,,20184789,,,,38,38,34,,dp_resources,2024,0
31253,9250,2024,7077,967,BWR08,Northern Contaminated Sites,Sites contaminés dans le Nord,1208,163,BWR00,946,129,INAC,Department of Crown-Indigenous Relations and Northern Affairs,Ministère des Relations Couronne-Autochtones et des Affaires du Nord,713108197,,,748387404,,,763843220,,,,115,115,115,,dp_resources,2024,0
31254,9251,2024,7074,979,BWR10,Nutrition North,Nutrition Nord,1208,163,BWR00,946,129,INAC,Department of Crown-Indigenous Relations and Northern Affairs,Ministère des Relations Couronne-Autochtones et des Affaires du Nord,132984365,,,139066975,,,145453716,,,,20,20,20,,dp_resources,2024,0
31255,9252,2024,7072,972,BWR11,Northern and Arctic Governance and Partnerships,Gouvernance et partenariats dans le Nord et l'Arctique,1208,163,BWR00,946,129,INAC,Department of Crown-Indigenous Relations and Northern Affairs,Ministère des Relations Couronne-Autochtones et des Affaires du Nord,126519618,,,123538958,,,132735555,,,,60,60,60,,dp_resources,2024,0
31256,9528,2024,3583,597,ISS06,Information Management Services,Services de gestion de l'information,782,281,ISS00,938,135,PSEP,Department of Public Safety and Emergency Preparedness,Ministère de la Sécurité publique et de la Protection civile,3318972,,,3332193,,,3331681,,,,31,31,31,,dp_resources,2024,0
31258,9163,2024,6706,768,BVQ01,Laboratory Science Leadership and Services,Services et leadership en matière de science en laboratoire,1012,270,BVQ00,512,280,PHAC,Public Health Agency of Canada,Agence de la santé publique du Canada,165703942,,,118801569,,,116894337,,,,858,662,648,,dp_resources,2024,0
31259,9648,2024,3587,27,ISS0Z,Acquisition Management Services,Services de gestion des acquisitions,782,281,ISS00,938,135,PSEP,Department of Public Safety and Emergency Preparedness,Ministère de la Sécurité publique et de la Protection civile,1606324,,,1386293,,,1276984,,,,14,12,11,,dp_resources,2024,0
31262,9355,2024,3421,849,ISS01,Management and Oversight Services,Services de gestion et de surveillance,759,164,ISS00,946,129,INAC,Department of Crown-Indigenous Relations and Northern Affairs,Ministère des Relations Couronne-Autochtones et des Affaires du Nord,44571568,,,46044397,,,45742119,,,,262,256,253,,dp_resources,2024,0
31263,9409,2024,6352,215,ISS02,Communications Services,Services des communications,759,164,ISS00,946,129,INAC,Department of Crown-Indigenous Relations and Northern Affairs,Ministère des Relations Couronne-Autochtones et des Affaires du Nord,5592931,,,4998843,,,4672695,,,,7,7,7,,dp_resources,2024,0
31264,9438,2024,3423,794,ISS03,Legal Services,Services juridiques,759,164,ISS00,946,129,INAC,Department of Crown-Indigenous Relations and Northern Affairs,Ministère des Relations Couronne-Autochtones et des Affaires du Nord,48047911,,,47693336,,,47423916,,,,46,44,44,,dp_resources,2024,0
31265,9461,2024,3424,530,ISS04,Human Resources Management Services,Services de gestion des ressources humaines,759,164,ISS00,946,129,INAC,Department of Crown-Indigenous Relations and Northern Affairs,Ministère des Relations Couronne-Autochtones et des Affaires du Nord,12098861,,,11936666,,,11760363,,,,118,115,115,,dp_resources,2024,0
31266,9507,2024,3425,419,ISS05,Financial Management Services,Services de gestion financière,759,164,ISS00,946,129,INAC,Department of Crown-Indigenous Relations and Northern Affairs,Ministère des Relations Couronne-Autochtones et des Affaires du Nord,23743761,,,23217968,,,22960459,,,,66,64,64,,dp_resources,2024,0
31267,9536,2024,3426,591,ISS06,Information Management Services,Services de gestion de l'information,759,164,ISS00,946,129,INAC,Department of Crown-Indigenous Relations and Northern Affairs,Ministère des Relations Couronne-Autochtones et des Affaires du Nord,7455707,,,7278681,,,7254497,,,,4,4,4,,dp_resources,2024,0
31268,9549,2024,3427,626,ISS07,Information Technology Services,Services de la technologie de l'information,759,164,ISS00,946,129,INAC,Department of Crown-Indigenous Relations and Northern Affairs,Ministère des Relations Couronne-Autochtones et des Affaires du Nord,15005911,,,14836421,,,14994891,,,,4,4,4,,dp_resources,2024,0
31269,9590,2024,3428,1089,ISS08,Real Property Management Services,Services de gestion des biens immobiliers,759,164,ISS00,946,129,INAC,Department of Crown-Indigenous Relations and Northern Affairs,Ministère des Relations Couronne-Autochtones et des Affaires du Nord,266504,,,201567,,,197385,,,,0,0,0,,dp_resources,2024,0
31270,9634,2024,3429,898,ISS09,Materiel Management Services,Services de gestion du matériel,759,164,ISS00,946,129,INAC,Department of Crown-Indigenous Relations and Northern Affairs,Ministère des Relations Couronne-Autochtones et des Affaires du Nord,5107007,,,5016677,,,4961536,,,,15,15,14,,dp_resources,2024,0
31271,9663,2024,3430,21,ISS0Z,Acquisition Management Services,Services de gestion des acquisitions,759,164,ISS00,946,129,INAC,Department of Crown-Indigenous Relations and Northern Affairs,Ministère des Relations Couronne-Autochtones et des Affaires du Nord,103883,,,103883,,,103884,,,,0,0,0,,dp_resources,2024,0
31274,9563,2024,3891,641,ISS07,Information Technology Services,Services de la technologie de l'information,885,272,ISS00,512,280,PHAC,Public Health Agency of Canada,Agence de la santé publique du Canada,21763356.13,,,19515195.38,,,16403088.54,,,,0,0,0,,dp_resources,2024,0
31275,9217,2024,6598,1205,BWM03,Specific Claims,Revendications particulières,1207,162,BWM00,946,129,INAC,Department of Crown-Indigenous Relations and Northern Affairs,Ministère des Relations Couronne-Autochtones et des Affaires du Nord,6019761594,,,3198522133,,,1067907094,,,,148,148,148,,dp_resources,2024,0
31276,9177,2024,6876,574,BVT05,Indigenous Policing,Services de police autochtones,780,279,BVT00,938,135,PSEP,Department of Public Safety and Emergency Preparedness,Ministère de la Sécurité publique et de la Protection civile,405482333,,,352444447,,,337004152,,,,92,88,76,,dp_resources,2024,0
31277,9175,2024,6878,1176,BVT03,Serious and Organized Crime,Crimes graves et crime organisé,780,279,BVT00,938,135,PSEP,Department of Public Safety and Emergency Preparedness,Ministère de la Sécurité publique et de la Protection civile,57875197,,,42472271,,,40229204,,,,82,78,73,,dp_resources,2024,0
31278,9341,2024,4577,692,ISS00,Internal Services,Services internes,904,135,ISS00,985,141,FORDQ,Economic Development Agency of Canada for the Regions of Quebec,Agence de développement économique du Canada pour les régions du Québec,22330430,,,22065502,,,20067652,,,,167,165,147,,dp_resources,2024,0
31279,8681,2024,3971,1304,BLL04,Regional Innovation,Innovation régionale,903,134,BLL00,985,141,FORDQ,Economic Development Agency of Canada for the Regions of Quebec,Agence de développement économique du Canada pour les régions du Québec,174368160,,,174849792,,,112120337,,,,150,150,136,,dp_resources,2024,0
31283,8837,2024,3973,1233,BLL03,Targeted or temporary support,Soutien ponctuel ou ciblé,903,134,BLL00,985,141,FORDQ,Economic Development Agency of Canada for the Regions of Quebec,Agence de développement économique du Canada pour les régions du Québec,25727559,,,22249952,,,9312634,,,,7,5,2,,dp_resources,2024,0
31284,8836,2024,4812,248,BLL02,Vitality of communities,Vitalité des collectivités,903,134,BLL00,985,141,FORDQ,Economic Development Agency of Canada for the Regions of Quebec,Agence de développement économique du Canada pour les régions du Québec,93508572,,,90512989,,,71219390,,,,59,59,53,,dp_resources,2024,0
31285,9279,2024,5955,1149,BUE01,Reviews,Examens,1131,237,BUE00,998,345,NSICP,Secretariat of the National Security and Intelligence Committee of Parliamentarians,Secrétariat du Comité des parlementaires sur la sécurité nationale et le renseignement,2635805,,,2635805,,,2635805,,,,7,7,7,,dp_resources,2024,0
31288,9273,2024,6718,1051,BSA01,Promotion Program,Programme de promotion,1160,55,BSA00,1001,71,CHRC,Canadian Human Rights Commission,Commission canadienne des droits de la personne,4928351,,,4697575,,,4696858,,,,30.5,29.6,29.3,,dp_resources,2024,0
31289,9274,2024,6425,1055,BSB01,Protection Program,Programme de protection,1161,56,BSB00,1001,71,CHRC,Canadian Human Rights Commission,Commission canadienne des droits de la personne,13248610,,,12385138,,,12383213,,,,91.4,88.8,87.8,,dp_resources,2024,0
31290,9275,2024,6719,352,BSC01,Audit Program,Programme d'audit,1039,57,BSC00,1001,71,CHRC,Canadian Human Rights Commission,Commission canadienne des droits de la personne,9017399,,,8439621,,,8438310,,,,59.5,57.8,57.2,,dp_resources,2024,0
31291,9684,2024,4591,675,ISS00,Internal Services,Services internes,860,58,ISS00,1001,71,CHRC,Canadian Human Rights Commission,Commission canadienne des droits de la personne,10562770,,,11544548,,,11580121,,,,99,96.7,95.8,,dp_resources,2024,0
31292,8623,2024,6408,1544,BYK01,Innovation,Innovation,1176,359,BYK00,908,560,PCAN,Pacific Economic Development Agency of Canada,Agence de développement économique du Pacifique Canada,24281712,,,22548871,,,22651146,,,,36,36,36,,dp_resources,2024,0
31293,8624,2024,6409,1545,BYK02,Business Growth,Croissance des entreprises,1176,359,BYK00,908,560,PCAN,Pacific Economic Development Agency of Canada,Agence de développement économique du Pacifique Canada,52299752,,,51100116,,,48161479,,,,35,35,28,,dp_resources,2024,0
31294,8625,2024,6410,1546,BYK03,Business Services,Services aux entreprises,1176,359,BYK00,908,560,PCAN,Pacific Economic Development Agency of Canada,Agence de développement économique du Pacifique Canada,21296699,,,18959032,,,18948620,,,,20,20,20,,dp_resources,2024,0
31295,8626,2024,6422,1547,BYK04,Community Initiatives,Initiatives communautaires,1176,359,BYK00,908,560,PCAN,Pacific Economic Development Agency of Canada,Agence de développement économique du Pacifique Canada,13928356,,,14472223,,,11649508,,,,31,31,31,,dp_resources,2024,0
31298,8713,2024,5904,1508,BXS01,Quasi-judicial Review Program,Programme d’examen quasi judiciaire,1130,348,BXS00,699,244,OCSEC,Office of the Intelligence Commissioner,Bureau du commissaire au renseignement,1937145,,,1942312,,,1943381,,,,6.5,6.5,6.5,,dp_resources,2024,0
31299,9328,2024,4575,714,ISS00,Internal Services,Services internes,900,246,ISS00,699,244,OCSEC,Office of the Intelligence Commissioner,Bureau du commissaire au renseignement,638708,,,640059,,,640338,,,,4,4,4,,dp_resources,2024,0
31300,8679,2024,7145,1480,BGM10,Social Innovation and Social Finance Strategy,Stratégie d’innovation sociale et de finance sociale,152,152,BGM00,696,128,HRSD,Department of Employment and Social Development,Ministère de l'Emploi et du Développement social,64538874,,,64641667,,,63067916,,,,27,27,18,,dp_resources,2024,0
31301,8767,2024,7132,1191,BGM02,Social Development Partnerships Program,Programme de partenariats pour le développement social,152,152,BGM00,696,128,HRSD,Department of Employment and Social Development,Ministère de l'Emploi et du Développement social,54775689,,,48251433,,,44601913,,,,152,147,127,,dp_resources,2024,0
31302,8768,2024,6077,966,BGM03,New Horizons for Seniors Program,Programme Nouveaux Horizons pour les aînés,152,152,BGM00,696,128,HRSD,Department of Employment and Social Development,Ministère de l'Emploi et du Développement social,109011582,,,84075091,,,70462428,,,,78,61,61,,dp_resources,2024,0
31303,8769,2024,7128,354,BGM04,Enabling Accessibility Fund,Fonds pour l'accessibilité,152,152,BGM00,696,128,HRSD,Department of Employment and Social Development,Ministère de l'Emploi et du Développement social,27995205,,,28029110,,,23269630,,,,24,24,19,,dp_resources,2024,0
31304,8770,2024,7127,326,BGM05,Early Learning and Child Care,Apprentissage et garde des jeunes enfants,152,152,BGM00,696,128,HRSD,Department of Employment and Social Development,Ministère de l'Emploi et du Développement social,7259747878,,,8539764238,,,8606746517,,,,96,68,69,,dp_resources,2024,0
31305,8771,2024,7125,388,BGM06,Canadian Benefit for Parents of Young Victims of Crime,Allocation canadienne aux parents de jeunes victimes de crimes,152,152,BGM00,696,128,HRSD,Department of Employment and Social Development,Ministère de l'Emploi et du Développement social,11268743,,,2034799,,,2034430,,,,11,11,11,,dp_resources,2024,0
31306,8772,2024,7130,1300,BGM07,Indigenous Early Learning and Child Care Transformation Initiative,Initiative de transformation de l'apprentissage et de la garde des jeunes enfants autochtones,152,152,BGM00,696,128,HRSD,Department of Employment and Social Development,Ministère de l'Emploi et du Développement social,381079219,,,588231387,,,595935526,,,,55,51,45,,dp_resources,2024,0
31307,8773,2024,7148,1302,BGM08,Sustainable Development Goals Funding Program,Programme de financement des Objectifs de développement durable,152,152,BGM00,696,128,HRSD,Department of Employment and Social Development,Ministère de l'Emploi et du Développement social,7525202,,,7553002,,,7557469,,,,18,18,18,,dp_resources,2024,0
31308,8774,2024,7124,1301,BGM09,Accessible Canada,Canada Accessible,152,152,BGM00,696,128,HRSD,Department of Employment and Social Development,Ministère de l'Emploi et du Développement social,14933170,,,14949844,,,14873470,,,,68,67,67,,dp_resources,2024,0
31309,8601,2024,7109,1625,BGM12,Black-led Philanthropic Endowment Fund,Le Fonds de dotation philanthropique dirigé par des Noirs,152,152,BGM00,696,128,HRSD,Department of Employment and Social Development,Ministère de l'Emploi et du Développement social,0,,,0,,,0,,,,0,0,0,,dp_resources,2024,0
31310,8663,2024,7146,1511,BGM11,Strategic Engagement and Research Program,Programme stratégique de mobilisation des partenaires et de recherche,152,152,BGM00,696,128,HRSD,Department of Employment and Social Development,Ministère de l'Emploi et du Développement social,113622,,,114766,,,114974,,,,0,0,0,,dp_resources,2024,0
31311,8775,2024,7151,990,BGN01,Old Age Security,Sécurité de la vieillesse,153,153,BGN00,696,128,HRSD,Department of Employment and Social Development,Ministère de l'Emploi et du Développement social,81584219815,,,86465675591,,,91590537181,,,,3829,2641,1656,,dp_resources,2024,0
31312,8776,2024,7149,131,BGN02,Canada Disability Savings Program,Programme canadien pour l'épargne-invalidité,153,153,BGN00,696,128,HRSD,Department of Employment and Social Development,Ministère de l'Emploi et du Développement social,732212835,,,731972172,,,724664719,,,,22,22,22,,dp_resources,2024,0
31313,8777,2024,7150,137,BGN03,Canada Pension Plan,Régime de pensions du Canada,153,153,BGN00,696,128,HRSD,Department of Employment and Social Development,Ministère de l'Emploi et du Développement social,43027638,,,41894853,,,35207362,,,,3671,3618,3094,,dp_resources,2024,0
31314,8569,2024,6956,1598,BVG21,Responsive Health Care Systems,Systèmes de soins de santé adaptés,1254,147,BVG00,522,127,H,Department of Health,Ministère de la Santé,5029877511,,,5010616513,,,4450321031,,,,101,102,89,,dp_resources,2024,0
31315,8570,2024,7133,1600,BVG22,Healthy People and Communities,Personnes et communautés en santé,1254,147,BVG00,522,127,H,Department of Health,Ministère de la Santé,2330600947,,,3333755142,,,3926372009,,,,422,474,451,,dp_resources,2024,0
31316,8571,2024,7134,1601,BVG23,"Quality Health Science, Data and Evidence","Science, données et preuves de qualité sur la santé",1254,147,BVG00,522,127,H,Department of Health,Ministère de la Santé,194913562,,,184257884,,,167473353,,,,37,37,31,,dp_resources,2024,0
31317,9134,2024,7110,1028,BVH01,Pharmaceutical Drugs,Produits pharmaceutiques,1101,148,BVH00,522,127,H,Department of Health,Ministère de la Santé,97830799,,,99397423,,,98497506,,,,1401,1405,1413,,dp_resources,2024,0
31318,9135,2024,7202,106,BVH02,Biologic and Radiopharmaceutical Drugs,Médicaments biologiques et radiopharmaceutiques,1101,148,BVH00,522,127,H,Department of Health,Ministère de la Santé,52238152,,,51436467,,,50281873,,,,432,429,424,,dp_resources,2024,0
31319,9136,2024,7114,922,BVH03,Medical Devices,Instruments médicaux,1101,148,BVH00,522,127,H,Department of Health,Ministère de la Santé,20409323,,,20731536,,,20760597,,,,271,271,274,,dp_resources,2024,0
31320,9137,2024,7167,957,BVH04,Natural Health Products,Produits de santé naturels,1101,148,BVH00,522,127,H,Department of Health,Ministère de la Santé,19962008,,,19894790,,,19716238,,,,139,136,134,,dp_resources,2024,0
31321,9138,2024,7203,452,BVH05,Food and Nutrition,Alimentation et nutrition,1101,148,BVH00,522,127,H,Department of Health,Ministère de la Santé,70246767,,,69663300,,,67654855,,,,471,468,458,,dp_resources,2024,0
31322,9139,2024,7117,66,BVH06,Air Quality,Qualité de l'air,1101,148,BVH00,522,127,H,Department of Health,Ministère de la Santé,21418167,,,21214262,,,20391416,,,,100,98,94,,dp_resources,2024,0
31323,9140,2024,7118,180,BVH07,Climate Change,Changements climatiques,1101,148,BVH00,522,127,H,Department of Health,Ministère de la Santé,10745249,,,12440556,,,12230449,,,,40,40,39,,dp_resources,2024,0
31324,9141,2024,7119,1284,BVH08,Water Quality,Qualité de l'eau,1101,148,BVH00,522,127,H,Department of Health,Ministère de la Santé,3040850,,,3048901,,,3012809,,,,26,26,26,,dp_resources,2024,0
31325,9142,2024,7120,492,BVH09,Health Impacts of Chemicals,Incidence des produits chimiques sur la santé,1101,148,BVH00,522,127,H,Department of Health,Ministère de la Santé,53022341,,,49912079,,,49406103,,,,475,453,449,,dp_resources,2024,0
31326,9143,2024,7121,272,BVH10,Consumer Product Safety,Sécurité des produits de consommation,1101,148,BVH00,522,127,H,Department of Health,Ministère de la Santé,33426224,,,33560300,,,33124633,,,,253,251,248,,dp_resources,2024,0
31327,9144,2024,7122,1293,BVH11,Workplace Hazardous Products,Matières dangereuses utilisées au travail,1101,148,BVH00,522,127,H,Department of Health,Ministère de la Santé,4615186,,,4549522,,,4573468,,,,34,33,33,,dp_resources,2024,0
31328,9145,2024,7135,1245,BVH12,Tobacco Control,Lutte antitabac,1101,148,BVH00,522,127,H,Department of Health,Ministère de la Santé,34921880,,,35174460,,,34934375,,,,203,203,200,,dp_resources,2024,0
31329,9146,2024,7136,275,BVH13,Controlled Substances,Substances contrôlées,1101,148,BVH00,522,127,H,Department of Health,Ministère de la Santé,173470252,,,153807660,,,131850326,,,,469,458,452,,dp_resources,2024,0
31330,9147,2024,7137,160,BVH14,Cannabis,Cannabis,1101,148,BVH00,522,127,H,Department of Health,Ministère de la Santé,113866046,,,13055149,,,13495165,,,,790,13,13,,dp_resources,2024,0
31331,9148,2024,7138,1063,BVH15,Radiation Protection,Radioprotection,1101,148,BVH00,522,127,H,Department of Health,Ministère de la Santé,22738858,,,22791176,,,22725793,,,,210,209,208,,dp_resources,2024,0
31332,9149,2024,7140,1027,BVH16,Pesticides,Pesticides,1101,148,BVH00,522,127,H,Department of Health,Ministère de la Santé,45717566,,,46547141,,,46655929,,,,439,436,433,,dp_resources,2024,0
31333,9150,2024,7168,1202,BVH17,Health Canada Specialized Services,Services spécialisés de Santé Canada,1101,148,BVH00,522,127,H,Department of Health,Ministère de la Santé,23394087,,,23550154,,,21738670,,,,356,368,380,,dp_resources,2024,0
31334,9385,2024,4044,848,ISS01,Management and Oversight Services,Services de gestion et de surveillance,912,149,ISS00,522,127,H,Department of Health,Ministère de la Santé,90141593,,,93726136,,,99094453,,,,343,339,339,,dp_resources,2024,0
31335,9388,2024,4045,214,ISS02,Communications Services,Services de communication,912,149,ISS00,522,127,H,Department of Health,Ministère de la Santé,33830229,,,33538664,,,33509787,,,,257,252,251,,dp_resources,2024,0
31336,9439,2024,4046,793,ISS03,Legal Services,Services juridiques,912,149,ISS00,522,127,H,Department of Health,Ministère de la Santé,1879928,,,1879928,,,1879928,,,,0,0,0,,dp_resources,2024,0
31337,9460,2024,4047,529,ISS04,Human Resources Management Services,Services de gestion des ressources humaines,912,149,ISS00,522,127,H,Department of Health,Ministère de la Santé,38237018,,,35783736,,,35630259,,,,383,360,359,,dp_resources,2024,0
31338,9508,2024,4048,418,ISS05,Financial Management Services,Services de gestion financière,912,149,ISS00,522,127,H,Department of Health,Ministère de la Santé,31183141,,,30400102,,,30084953,,,,311,300,296,,dp_resources,2024,0
31339,9537,2024,4049,590,ISS06,Information Management Services,Services de gestion de l'information,912,149,ISS00,522,127,H,Department of Health,Ministère de la Santé,13434932,,,12810218,,,12719450,,,,73,69,69,,dp_resources,2024,0
31340,9548,2024,4050,625,ISS07,Information Technology Services,Services de la technologie de l'information,912,149,ISS00,522,127,H,Department of Health,Ministère de la Santé,62577853,,,61918169,,,61122167,,,,524,508,508,,dp_resources,2024,0
31341,9592,2024,4051,1088,ISS08,Real Property Management Services,Services de gestion des biens immobiliers,912,149,ISS00,522,127,H,Department of Health,Ministère de la Santé,44161638,,,40361168,,,30752537,,,,76,69,56,,dp_resources,2024,0
31342,9610,2024,4052,897,ISS09,Materiel Management Services,Services de gestion du matériel,912,149,ISS00,522,127,H,Department of Health,Ministère de la Santé,959467,,,958804,,,959492,,,,9,9,9,,dp_resources,2024,0
31343,9651,2024,4053,20,ISS0Z,Acquisition Management Services,Services de gestion des acquisitions,912,149,ISS00,522,127,H,Department of Health,Ministère de la Santé,5740950,,,5328750,,,5329700,,,,62,58,58,,dp_resources,2024,0
31344,8778,2024,5321,353,BGO01,Employment Insurance,Assurance-emploi,1222,154,BGO00,696,128,HRSD,Department of Employment and Social Development,Ministère de l'Emploi et du Développement social,126137558,,,87842482,,,87575757,,,,11487,7255,7229,,dp_resources,2024,0
31345,8779,2024,7191,1291,BGO02,Workforce Development Agreements,Ententes sur le développement de la main-d'œuvre,1222,154,BGO00,696,128,HRSD,Department of Employment and Social Development,Ministère de l'Emploi et du Développement social,725053346,,,725052802,,,725021536,,,,24,24,23,,dp_resources,2024,0
31346,8780,2024,7182,769,BGO03,Labour Market Development Agreements,Ententes sur le développement du marché du travail,1222,154,BGO00,696,128,HRSD,Department of Employment and Social Development,Ministère de l'Emploi et du Développement social,526095,,,536212,,,538280,,,,35,35,35,,dp_resources,2024,0
31347,8781,2024,7183,996,BGO04,Opportunities Fund for Persons with Disabilities,Fonds d'intégration pour les personnes handicapées,1222,154,BGO00,696,128,HRSD,Department of Employment and Social Development,Ministère de l'Emploi et du Développement social,104245042,,,104217396,,,104212202,,,,94,94,94,,dp_resources,2024,0
31348,8782,2024,7181,762,BGO05,Job Bank,Guichet-Emplois,1222,154,BGO00,696,128,HRSD,Department of Employment and Social Development,Ministère de l'Emploi et du Développement social,7043729,,,6961977,,,6978855,,,,259,259,259,,dp_resources,2024,0
31349,8783,2024,7192,1296,BGO06,Youth Employment and Skills Strategy,Stratégie emploi et compétences jeunesse,1222,154,BGO00,696,128,HRSD,Department of Employment and Social Development,Ministère de l'Emploi et du Développement social,475216747,,,251613879,,,251421646,,,,635,327,324,,dp_resources,2024,0
31350,8784,2024,7172,139,BGO07,Canada Service Corps,Service jeunesse Canada,1222,154,BGO00,696,128,HRSD,Department of Employment and Social Development,Ministère de l'Emploi et du Développement social,83633574,,,95402944,,,95931016,,,,76,53,52,,dp_resources,2024,0
31351,8785,2024,7186,1188,BGO08,Skills and Partnership Fund,Fonds pour les compétences et les partenariats,1222,154,BGO00,696,128,HRSD,Department of Employment and Social Development,Ministère de l'Emploi et du Développement social,67683660,,,57664106,,,57592503,,,,74,74,73,,dp_resources,2024,0
31352,8786,2024,7187,820,BGO09,Skills for Success,Compétences pour réussir,1222,154,BGO00,696,128,HRSD,Department of Employment and Social Development,Ministère de l'Emploi et du Développement social,26547114,,,26615355,,,24587751,,,,52,51,51,,dp_resources,2024,0
31353,8787,2024,7180,2,BGO10,Indigenous Skills and Employment Training Program,Programme de formation pour les compétences et l’emploi destiné aux Autochtones,1222,154,BGO00,696,128,HRSD,Department of Employment and Social Development,Ministère de l'Emploi et du Développement social,257761907,,,257833110,,,257678776,,,,222,220,219,,dp_resources,2024,0
31354,8788,2024,7188,1218,BGO11,Student Work Placement Program,Programme de stages pratiques pour étudiants,1222,154,BGO00,696,128,HRSD,Department of Employment and Social Development,Ministère de l'Emploi et du Développement social,196647378,,,348116,,,352307,,,,22,0,0,,dp_resources,2024,0
31355,8789,2024,7184,1164,BGO13,Sectoral Workforce Solutions Program,Programme de solutions pour la main-d’œuvre sectorielle,1222,154,BGO00,696,128,HRSD,Department of Employment and Social Development,Ministère de l'Emploi et du Développement social,32354359,,,31252597,,,31215180,,,,58,58,57,,dp_resources,2024,0
31356,8790,2024,7190,1240,BGO14,Temporary Foreign Worker Program,Programme des travailleurs étrangers temporaires,1222,154,BGO00,696,128,HRSD,Department of Employment and Social Development,Ministère de l'Emploi et du Développement social,111137505,,,70038218,,,67387730,,,,1139,692,668,,dp_resources,2024,0
31357,8791,2024,7178,457,BGO15,Foreign Credential Recognition Program,Programme de reconnaissance des titres de compétences étrangers,1222,154,BGO00,696,128,HRSD,Department of Employment and Social Development,Ministère de l'Emploi et du Développement social,55709938,,,55477777,,,55803344,,,,68,76,71,,dp_resources,2024,0
31358,8792,2024,7177,355,BGO16,Enabling Fund for Official Language Minority Communities,Fonds d'habilitation pour les communautés de langue officielle en situation minoritaire,1222,154,BGO00,696,128,HRSD,Department of Employment and Social Development,Ministère de l'Emploi et du Développement social,52948016,,,72006070,,,71980915,,,,41,40,40,,dp_resources,2024,0
31359,8793,2024,7173,140,BGO17,Canada Student Financial Assistance Program and Canada Apprentice Loan,Programme canadien d'aide financière aux étudiants et Prêt canadien aux apprentis,1222,154,BGO00,696,128,HRSD,Department of Employment and Social Development,Ministère de l'Emploi et du Développement social,3094952310,,,2928446507,,,2928023000,,,,232,230,229,,dp_resources,2024,0
31360,8794,2024,7169,132,BGO18,Canada Education Savings Program,Programme canadien pour l'épargne-études,1222,154,BGO00,696,128,HRSD,Department of Employment and Social Development,Ministère de l'Emploi et du Développement social,1269123028,,,1321673271,,,1367987948,,,,103,103,102,,dp_resources,2024,0
31361,8795,2024,7185,1187,BGO19,Skilled Trades and Apprenticeship (Red Seal Program),Métiers spécialisés et apprentissage (programme du Sceau rouge),1222,154,BGO00,696,128,HRSD,Department of Employment and Social Development,Ministère de l'Emploi et du Développement social,1157546,,,1169517,,,1171763,,,,88,88,88,,dp_resources,2024,0
31362,8796,2024,7179,465,BGO21,Future Skills,Compétences futures,1222,154,BGO00,696,128,HRSD,Department of Employment and Social Development,Ministère de l'Emploi et du Développement social,74806532,,,74839345,,,2100074,,,,14,14,14,,dp_resources,2024,0
31363,8602,2024,7175,1626,BGO29,Canadian Apprenticeship Strategy,Stratégie canadienne de formation en apprentissage,1222,154,BGO00,696,128,HRSD,Department of Employment and Social Development,Ministère de l'Emploi et du Développement social,209103055,,,209678709,,,152456128,,,,136,137,117,,dp_resources,2024,0
31364,8642,2024,7176,1533,BGO27,Community Workforce Development Program,Programme de développement de la main-d'œuvre des communautés Stratégie emploi et compétences jeunesse,1222,154,BGO00,696,128,HRSD,Department of Employment and Social Development,Ministère de l'Emploi et du Développement social,19672457,,,9702490,,,172747,,,,11,11,0,,dp_resources,2024,0
31365,8643,2024,7174,1558,BGO28,Canada Worker Lockdown Benefit,Prestation canadienne pour les travailleurs en cas de confinement,1222,154,BGO00,696,128,HRSD,Department of Employment and Social Development,Ministère de l'Emploi et du Développement social,8782824,,,1944510,,,0,,,,0,0,0,,dp_resources,2024,0
31366,8664,2024,7170,1513,BGO24,Canada Emergency Response Benefit,Prestation canadienne d’urgence,1222,154,BGO00,696,128,HRSD,Department of Employment and Social Development,Ministère de l'Emploi et du Développement social,89238849,,,62424172,,,2131202,,,,180,0,0,,dp_resources,2024,0
31367,8665,2024,7171,1531,BGO25,Canada Recovery Benefits,Prestations canadiennes de relance économique,1222,154,BGO00,696,128,HRSD,Department of Employment and Social Development,Ministère de l'Emploi et du Développement social,92566467,,,54024089,,,0,,,,0,0,0,,dp_resources,2024,0
31368,8680,2024,7196,1482,BGO23,Supports for Student Learning Program,Programme de soutien à l’apprentissage des étudiants,1222,154,BGO00,696,128,HRSD,Department of Employment and Social Development,Ministère de l'Emploi et du Développement social,48529544,,,4296851,,,4309525,,,,4,0,0,,dp_resources,2024,0
31369,8797,2024,5913,770,BGP01,Labour Relations,Relations de travail,155,155,BGP00,696,128,HRSD,Department of Employment and Social Development,Ministère de l'Emploi et du Développement social,16347916,,,16401892,,,16331200,,,,128,127,126,,dp_resources,2024,0
31370,8798,2024,7152,393,BGP02,Federal Workers' Compensation,Service fédéral d'indemnisation des accidentés du travail,155,155,BGP00,696,128,HRSD,Department of Employment and Social Development,Ministère de l'Emploi et du Développement social,37072751,,,37090052,,,37064015,,,,62,62,61,,dp_resources,2024,0
31371,8799,2024,7155,981,BGP03,Occupational Health and Safety Program,Programme santé et sécurité au travail,155,155,BGP00,696,128,HRSD,Department of Employment and Social Development,Ministère de l'Emploi et du Développement social,32644019,,,32658521,,,32505190,,,,234,232,231,,dp_resources,2024,0
31372,8800,2024,7157,1292,BGP04,Workplace Equity Program,Programme d’équité en milieu de travail,155,155,BGP00,696,128,HRSD,Department of Employment and Social Development,Ministère de l'Emploi et du Développement social,5383411,,,5424162,,,5420530,,,,20,20,20,,dp_resources,2024,0
31373,8801,2024,7154,771,BGP05,Labour Standards,Normes du travail,155,155,BGP00,696,128,HRSD,Department of Employment and Social Development,Ministère de l'Emploi et du Développement social,35704057,,,34379059,,,34219181,,,,337,320,318,,dp_resources,2024,0
31374,8802,2024,7156,1281,BGP06,Wage Earner Protection Program,Programme de protection des salariés,155,155,BGP00,696,128,HRSD,Department of Employment and Social Development,Ministère de l'Emploi et du Développement social,51983877,,,51970112,,,51933212,,,,29,29,29,,dp_resources,2024,0
31375,8803,2024,7153,744,BGP07,International Labour Affairs,Affaires internationales du travail,155,155,BGP00,696,128,HRSD,Department of Employment and Social Development,Ministère de l'Emploi et du Développement social,18447956,,,11953427,,,11350571,,,,46,40,40,,dp_resources,2024,0
31376,8450,2024,7253,1642,BGQ06,Canadian Digital Service,Service numérique canadien,156,156,BGQ00,696,128,HRSD,Department of Employment and Social Development,Ministère de l'Emploi et du Développement social,23570329,,,23782242,,,23794932,,,,119,119,119,,dp_resources,2024,0
31377,8804,2024,7160,475,BGQ01,Government of Canada Telephone General Enquiries Services,Services téléphoniques de renseignements généraux du gouvernement du Canada,156,156,BGQ00,696,128,HRSD,Department of Employment and Social Development,Ministère de l'Emploi et du Développement social,16295162,,,16219419,,,16071162,,,,52,50,51,,dp_resources,2024,0
31378,8805,2024,7159,474,BGQ02,Government of Canada Internet Presence,Présence du gouvernement du Canada sur Internet,156,156,BGQ00,696,128,HRSD,Department of Employment and Social Development,Ministère de l'Emploi et du Développement social,22214594,,,21001496,,,20199841,,,,99,98,94,,dp_resources,2024,0
31379,8806,2024,7158,563,BGQ03,Citizen Service Network,Réseau de service aux citoyens,156,156,BGQ00,696,128,HRSD,Department of Employment and Social Development,Ministère de l'Emploi et du Développement social,28997364,,,28867860,,,28603750,,,,254,251,250,,dp_resources,2024,0
31380,8807,2024,7161,1010,BGQ04,Passport,Passeport,156,156,BGQ00,696,128,HRSD,Department of Employment and Social Development,Ministère de l'Emploi et du Développement social,331301044,,,260363312,,,261182704,,,,2871,2112,2122,,dp_resources,2024,0
31381,8808,2024,7162,999,BGQ05,Service Delivery Partnerships,Partenariats de prestation de services,156,156,BGQ00,696,128,HRSD,Department of Employment and Social Development,Ministère de l'Emploi et du Développement social,176826388,,,19568723,,,19570303,,,,1537,97,97,,dp_resources,2024,0
31382,9382,2024,1455,845,ISS01,Management and Oversight Services,Services de gestion et de surveillance,157,157,ISS00,696,128,HRSD,Department of Employment and Social Development,Ministère de l'Emploi et du Développement social,71545001,,,71766198,,,80874109,,,,1473,1457,1437,,dp_resources,2024,0
31383,9412,2024,1456,211,ISS02,Communications Services,Services de communication,157,157,ISS00,696,128,HRSD,Department of Employment and Social Development,Ministère de l'Emploi et du Développement social,21185952,,,16476348,,,16743876,,,,259,252,249,,dp_resources,2024,0
31384,9443,2024,1457,790,ISS03,Legal Services,Services juridiques,157,157,ISS00,696,128,HRSD,Department of Employment and Social Development,Ministère de l'Emploi et du Développement social,11195440,,,10648485,,,10293498,,,,69,69,68,,dp_resources,2024,0
31385,9455,2024,1458,526,ISS04,Human Resources Management Services,Services de gestion des ressources humaines,157,157,ISS00,696,128,HRSD,Department of Employment and Social Development,Ministère de l'Emploi et du Développement social,67348930,,,50546117,,,45929294,,,,1120,878,808,,dp_resources,2024,0
31386,9509,2024,1459,415,ISS05,Financial Management Services,Services de gestion financière,157,157,ISS00,696,128,HRSD,Department of Employment and Social Development,Ministère de l'Emploi et du Développement social,44541218,,,38021921,,,36331335,,,,947,812,778,,dp_resources,2024,0
31387,9513,2024,1460,587,ISS06,Information Management Services,Services de gestion de l'information,157,157,ISS00,696,128,HRSD,Department of Employment and Social Development,Ministère de l'Emploi et du Développement social,2424122,,,2379294,,,2328239,,,,54,53,53,,dp_resources,2024,0
31388,9545,2024,1893,622,ISS07,Information Technology Services,Services de la technologie de l'information,157,157,ISS00,696,128,HRSD,Department of Employment and Social Development,Ministère de l'Emploi et du Développement social,87749140,,,73340077,,,65250382,,,,1149,1016,980,,dp_resources,2024,0
31389,9596,2024,1462,1085,ISS08,Real Property Management Services,Services de gestion des biens immobiliers,157,157,ISS00,696,128,HRSD,Department of Employment and Social Development,Ministère de l'Emploi et du Développement social,104057426,,,67427587,,,62216696,,,,352,283,262,,dp_resources,2024,0
31390,9614,2024,1463,894,ISS09,Materiel Management Services,Services de gestion du matériel,157,157,ISS00,696,128,HRSD,Department of Employment and Social Development,Ministère de l'Emploi et du Développement social,1321974,,,1306424,,,1287939,,,,21,21,21,,dp_resources,2024,0
31391,9635,2024,1464,17,ISS0Z,Acquisition Management Services,Services de gestion des acquisitions,157,157,ISS00,696,128,HRSD,Department of Employment and Social Development,Ministère de l'Emploi et du Développement social,3033970,,,2321596,,,2161224,,,,73,61,58,,dp_resources,2024,0
31392,8667,2024,5208,1502,BTF13,Fish and Seafood Sector,Secteur du poisson et des fruits de mer,744,129,BTF00,460,125,FO,Department of Fisheries and Oceans,Ministère des Pêches et des Océans,85468826,,,74795583,,,536149,,,,22,22,5,,dp_resources,2024,0
31393,8958,2024,5284,446,BTF01,Fisheries Management,Gestion des pêches,744,129,BTF00,460,125,FO,Department of Fisheries and Oceans,Ministère des Pêches et des Océans,107504282,,,104858918,,,58971835,,,,564,557,439,,dp_resources,2024,0
31394,8959,2024,6332,1,BTF02,Aboriginal Programs and Treaties,Programmes Autochtones et traités,744,129,BTF00,460,125,FO,Department of Fisheries and Oceans,Ministère des Pêches et des Océans,226827026,,,197371848,,,155186056,,,,283,258,244,,dp_resources,2024,0
31395,8960,2024,6004,79,BTF03,Aquaculture Management,Gestion de l'aquaculture,744,129,BTF00,460,125,FO,Department of Fisheries and Oceans,Ministère des Pêches et des Océans,10117843,,,10186811,,,10190353,,,,76,76,76,,dp_resources,2024,0
31396,8961,2024,6333,1154,BTF04,Salmonid Enhancement,Mise en valeur des salmonidés,744,129,BTF00,460,125,FO,Department of Fisheries and Oceans,Ministère des Pêches et des Océans,71302961,,,72023449,,,34106484,,,,410,422,211,,dp_resources,2024,0
31397,8962,2024,6512,742,BTF05,International Engagement,Engagement à l'échelle internationale,744,129,BTF00,460,125,FO,Department of Fisheries and Oceans,Ministère des Pêches et des Océans,23402019,,,23284438,,,23222694,,,,59,57,57,,dp_resources,2024,0
31398,8963,2024,5296,1189,BTF06,Small Craft Harbours,Ports pour petits bateaux,744,129,BTF00,460,125,FO,Department of Fisheries and Oceans,Ministère des Pêches et des Océans,118098156,,,96919062,,,89436947,,,,193,187,194,,dp_resources,2024,0
31399,8964,2024,5286,265,BTF07,Conservation and Protection,Conservation et protection,744,129,BTF00,460,125,FO,Department of Fisheries and Oceans,Ministère des Pêches et des Océans,203958023,,,195424690,,,158269365,,,,964,876,797,,dp_resources,2024,0
31400,8965,2024,5203,81,BTF08,Aquatic Animal Health,Santé des animaux aquatiques,744,129,BTF00,460,125,FO,Department of Fisheries and Oceans,Ministère des Pêches et des Océans,6128502,,,6181980,,,6199983,,,,44,44,44,,dp_resources,2024,0
31401,8966,2024,6005,108,BTF09,Biotechnology and Genomics,Biotechnologie et génomique,744,129,BTF00,460,125,FO,Department of Fisheries and Oceans,Ministère des Pêches et des Océans,3211653,,,2844928,,,2759179,,,,15,15,15,,dp_resources,2024,0
31402,8967,2024,5205,80,BTF10,Aquaculture Science,Sciences de l'aquaculture,744,129,BTF00,460,125,FO,Department of Fisheries and Oceans,Ministère des Pêches et des Océans,15167251,,,14032046,,,13596820,,,,88,88,85,,dp_resources,2024,0
31403,8968,2024,5206,448,BTF11,Fisheries Science,Sciences halieutiques,744,129,BTF00,460,125,FO,Department of Fisheries and Oceans,Ministère des Pêches et des Océans,155935309,,,161015780,,,147149595,,,,853,853,801,,dp_resources,2024,0
31404,8969,2024,5691,445,BTF12,Economics and Statistics,Économie et statistiques,744,129,BTF00,460,125,FO,Department of Fisheries and Oceans,Ministère des Pêches et des Océans,11618725,,,10652227,,,6780636,,,,87,80,58,,dp_resources,2024,0
31405,9078,2024,6640,1183,BUH01,Setting Rules for Plant Health,Établissement des règles pour la protection des végétaux,945,45,BUH00,533,65,CFIA,Canadian Food Inspection Agency,Agence canadienne d’inspection des aliments,21595000,,,21646000,,,21356000,,,,167,167,164,,dp_resources,2024,0
31406,9079,2024,6668,1034,BUH02,Plant Health Compliance Promotion,Promotion de la conformité en matière de protection des végétaux,945,45,BUH00,533,65,CFIA,Canadian Food Inspection Agency,Agence canadienne d’inspection des aliments,1817000,,,1844000,,,1848000,,,,16,16,16,,dp_resources,2024,0
31407,9080,2024,6608,942,BUH03,Monitoring and Enforcement for Plant Health,Surveillance et application de la loi en matière de protection des végétaux,945,45,BUH00,533,65,CFIA,Canadian Food Inspection Agency,Agence canadienne d’inspection des aliments,66018000,,,53024000,,,53124000,,,,414,400,400,,dp_resources,2024,0
31408,9081,2024,6636,1024,BUH04,Permissions for Plant Products,Autorisations pour les produits d'origine végétale,945,45,BUH00,533,65,CFIA,Canadian Food Inspection Agency,Agence canadienne d’inspection des aliments,41126000,,,31900000,,,31309000,,,,268,258,252,,dp_resources,2024,0
31409,9082,2024,6638,1181,BUH05,Setting Rules for Animal Health,Établissement des règles pour la santé animale,945,45,BUH00,533,65,CFIA,Canadian Food Inspection Agency,Agence canadienne d’inspection des aliments,45790000,,,45909000,,,44335000,,,,261,260,249,,dp_resources,2024,0
31410,9083,2024,6564,74,BUH06,Animal Health Compliance Promotion,Promotion de la conformité en matière de santé animale,945,45,BUH00,533,65,CFIA,Canadian Food Inspection Agency,Agence canadienne d’inspection des aliments,8660000,,,7699000,,,6564000,,,,68,65,60,,dp_resources,2024,0
31412,9085,2024,6635,1022,BUH08,Permissions for Animal Products,Autorisations pour les produits d'origine animale,945,45,BUH00,533,65,CFIA,Canadian Food Inspection Agency,Agence canadienne d’inspection des aliments,28231000,,,26952000,,,24289000,,,,223,210,188,,dp_resources,2024,0
31413,9086,2024,6639,1182,BUH09,Setting Rules for Food Safety and Consumer Protection,Établissement de règles pour la salubrité des aliments et la protection des consommateurs,945,45,BUH00,533,65,CFIA,Canadian Food Inspection Agency,Agence canadienne d’inspection des aliments,58693000,,,53077000,,,52846000,,,,442,397,394,,dp_resources,2024,0
31414,9087,2024,4202,453,BUH10,Food Safety and Consumer Protection Compliance Promotion,Promotion de la conformité en matière de salubrité des aliments et de protection des consommateurs,945,45,BUH00,533,65,CFIA,Canadian Food Inspection Agency,Agence canadienne d’inspection des aliments,15159000,,,12141000,,,11932000,,,,130,108,106,,dp_resources,2024,0
31416,9089,2024,6634,1023,BUH12,Permissions for Food Products,Autorisations pour les produits alimentaires,945,45,BUH00,533,65,CFIA,Canadian Food Inspection Agency,Agence canadienne d’inspection des aliments,36307000,,,34642000,,,34613000,,,,333,316,315,,dp_resources,2024,0
31417,9090,2024,4205,750,BUH13,International Standards Setting,Définition de normes internationales,945,45,BUH00,533,65,CFIA,Canadian Food Inspection Agency,Agence canadienne d’inspection des aliments,3986000,,,2871000,,,2567000,,,,28,22,20,,dp_resources,2024,0
31418,9091,2024,4206,749,BUH14,International Regulatory Cooperation and Science Collaboration,Coopération internationale en matière de réglementation et collaboration scientifique,945,45,BUH00,533,65,CFIA,Canadian Food Inspection Agency,Agence canadienne d’inspection des aliments,4399000,,,2429000,,,2340000,,,,31,21,20,,dp_resources,2024,0
31419,9092,2024,4207,881,BUH15,Market Access Support,Soutien à l'accès aux marchés,945,45,BUH00,533,65,CFIA,Canadian Food Inspection Agency,Agence canadienne d’inspection des aliments,14578000,,,10517000,,,9936000,,,,54,28,24,,dp_resources,2024,0
31420,8970,2024,6331,447,BTG01,Fish and Fish Habitat Protection,Programme de protection du poisson et de son habitat,745,130,BTG00,460,125,FO,Department of Fisheries and Oceans,Ministère des Pêches et des Océans,132256447,,,71453704,,,59789207,,,,650,380,361,,dp_resources,2024,0
31421,8971,2024,6497,84,BTG02,Aquatic Invasive Species,Espèces aquatiques envahissantes,745,130,BTG00,460,125,FO,Department of Fisheries and Oceans,Ministère des Pêches et des Océans,21057683,,,21458888,,,22059820,,,,109,109,104,,dp_resources,2024,0
31422,8972,2024,6509,1204,BTG03,Species at Risk,Espèces en péril,745,130,BTG00,460,125,FO,Department of Fisheries and Oceans,Ministère des Pêches et des Océans,52289337,,,52660908,,,16735196,,,,205,205,76,,dp_resources,2024,0
31423,8973,2024,6501,984,BTG04,Marine Planning and Conservation,Planification et conservation marines,745,130,BTG00,460,125,FO,Department of Fisheries and Oceans,Ministère des Pêches et des Océans,93161433,,,89567111,,,23429277,,,,257,256,148,,dp_resources,2024,0
31424,8974,2024,3292,82,BTG05,Aquatic Ecosystem Science,Science liée aux écosystèmes aquatiques,745,130,BTG00,460,125,FO,Department of Fisheries and Oceans,Ministère des Pêches et des Océans,141447227,,,132020885,,,82930417,,,,563,513,385,,dp_resources,2024,0
31425,8975,2024,3293,985,BTG06,Oceans and Climate Change Science,Science liée aux océans et au changement climatique,745,130,BTG00,460,125,FO,Department of Fisheries and Oceans,Ministère des Pêches et des Océans,17841904,,,17572359,,,17373953,,,,108,108,107,,dp_resources,2024,0
31426,8976,2024,6334,558,BTH01,Icebreaking Services,Services de déglaçage,746,131,BTH00,460,125,FO,Department of Fisheries and Oceans,Ministère des Pêches et des Océans,13540970,,,13544949,,,13544949,,,,6,6,6,,dp_resources,2024,0
31427,8977,2024,6030,64,BTH02,Aids to Navigation,Aides à la navigation,746,131,BTH00,460,125,FO,Department of Fisheries and Oceans,Ministère des Pêches et des Océans,10706950,,,5950917,,,5940294,,,,239,238,236,,dp_resources,2024,0
31428,8978,2024,6336,1287,BTH03,Waterways Management,Gestion des voies navigables,746,131,BTH00,460,125,FO,Department of Fisheries and Oceans,Ministère des Pêches et des Océans,7778875,,,7815013,,,7816092,,,,44,44,44,,dp_resources,2024,0
31429,8979,2024,6335,871,BTH04,Marine Communications and Traffic Services,Services de communications et de trafic maritimes,746,131,BTH00,460,125,FO,Department of Fisheries and Oceans,Ministère des Pêches et des Océans,46117228,,,46638165,,,43819671,,,,359,360,338,,dp_resources,2024,0
31430,8980,2024,7126,1186,BTH05,Shore-based Asset Readiness,État de préparation des actifs terrestres,746,131,BTH00,460,125,FO,Department of Fisheries and Oceans,Ministère des Pêches et des Océans,254978346,,,209614696,,,192792256,,,,866,861,857,,dp_resources,2024,0
31431,8981,2024,6690,556,BTH06,"Hydrographic Services, Data and Science","Services hydrographiques, données et sciences",746,131,BTH00,460,125,FO,Department of Fisheries and Oceans,Ministère des Pêches et des Océans,43673109,,,42725683,,,41702619,,,,264,259,253,,dp_resources,2024,0
31433,8878,2024,3628,1136,BNR02,Research Training and Talent Development,Formation en recherche et perfectionnement des compétences,799,235,BNR00,722,230,NSERC,Natural Sciences and Engineering Research Council,Conseil de recherches en sciences naturelles et en génie,171530649,,,171485732,,,171391192,,,,57,57,57,,dp_resources,2024,0
31434,8879,2024,3629,1133,BNR03,Research Partnerships,Partenariats de recherche,799,235,BNR00,722,230,NSERC,Natural Sciences and Engineering Research Council,Conseil de recherches en sciences naturelles et en génie,438414748,,,451713927,,,422549982,,,,162,162,155,,dp_resources,2024,0
31435,8877,2024,3627,316,BNR01,Discovery Research,Recherche axée sur la découverte,799,235,BNR00,722,230,NSERC,Natural Sciences and Engineering Research Council,Conseil de recherches en sciences naturelles et en génie,749099507,,,746230367,,,742930325,,,,122,122,122,,dp_resources,2024,0
31436,8982,2024,5277,1161,BTI01,Search and Rescue,Recherche et sauvetage,747,132,BTI00,460,125,FO,Department of Fisheries and Oceans,Ministère des Pêches et des Océans,61398558,,,61159128,,,61630254,,,,194,192,191,,dp_resources,2024,0
31437,8983,2024,7139,368,BTI02,Marine Environmental and Hazards Response,Intervention environnementale et dangers maritimes,747,132,BTI00,460,125,FO,Department of Fisheries and Oceans,Ministère des Pêches et des Océans,122327326,,,95480507,,,83959425,,,,439,424,416,,dp_resources,2024,0
31438,8984,2024,6338,880,BTI03,Maritime Security,Sécurité maritime,747,132,BTI00,460,125,FO,Department of Fisheries and Oceans,Ministère des Pêches et des Océans,9874412,,,8227024,,,8226440,,,,39,27,27,,dp_resources,2024,0
31439,8985,2024,6759,450,BTI04,Fleet Operational Capability,Capacité opérationnelle de la flotte,747,132,BTI00,460,125,FO,Department of Fisheries and Oceans,Ministère des Pêches et des Océans,377774542,,,376726146,,,376311503,,,,3045,3021,2977,,dp_resources,2024,0
31440,8986,2024,6758,449,BTI05,Fleet Maintenance,Entretien de la flotte,747,132,BTI00,460,125,FO,Department of Fisheries and Oceans,Ministère des Pêches et des Océans,577630713,,,345064251,,,327155678,,,,356,305,289,,dp_resources,2024,0
31441,8987,2024,6337,451,BTI06,Fleet Procurement,Acquisitions de la flotte,747,132,BTI00,460,125,FO,Department of Fisheries and Oceans,Ministère des Pêches et des Océans,1013568572,,,1594260834,,,1116608545,,,,182,159,120,,dp_resources,2024,0
31442,8988,2024,7131,144,BTI07,Canadian Coast Guard College,Collège de la Garde côtière canadienne,747,132,BTI00,460,125,FO,Department of Fisheries and Oceans,Ministère des Pêches et des Océans,19793695,,,19737015,,,19738295,,,,356,353,352,,dp_resources,2024,0
31443,9368,2024,3630,861,ISS01,Management and Oversight Services,Services de gestion et de surveillance,800,236,ISS00,722,230,NSERC,Natural Sciences and Engineering Research Council,Conseil de recherches en sciences naturelles et en génie,4993827,,,4961727,,,4828652,,,,36,36,34,,dp_resources,2024,0
31444,9395,2024,3631,227,ISS02,Communications Services,Services de communication,800,236,ISS00,722,230,NSERC,Natural Sciences and Engineering Research Council,Conseil de recherches en sciences naturelles et en génie,1804031,,,1792435,,,1744361,,,,19,19,19,,dp_resources,2024,0
31445,9428,2024,3632,806,ISS03,Legal Services,Services juridiques,800,236,ISS00,722,230,NSERC,Natural Sciences and Engineering Research Council,Conseil de recherches en sciences naturelles et en génie,662919,,,658657,,,640992,,,,6,6,6,,dp_resources,2024,0
31447,9506,2024,3634,431,ISS05,Financial Management Services,Services de gestion financière,800,236,ISS00,722,230,NSERC,Natural Sciences and Engineering Research Council,Conseil de recherches en sciences naturelles et en génie,2788652,,,2770726,,,2696415,,,,20,20,20,,dp_resources,2024,0
31448,9526,2024,3635,603,ISS06,Information Management Services,Services de gestion de l'information,800,236,ISS00,722,230,NSERC,Natural Sciences and Engineering Research Council,Conseil de recherches en sciences naturelles et en génie,2092802,,,2079349,,,2023581,,,,18,18,18,,dp_resources,2024,0
31449,9560,2024,3636,638,ISS07,Information Technology Services,Services de la technologie de l'information,800,236,ISS00,722,230,NSERC,Natural Sciences and Engineering Research Council,Conseil de recherches en sciences naturelles et en génie,6489717,,,6448001,,,6275064,,,,30,30,30,,dp_resources,2024,0
31450,9578,2024,3637,1101,ISS08,Real Property Management Services,Services de gestion des biens immobiliers,800,236,ISS00,722,230,NSERC,Natural Sciences and Engineering Research Council,Conseil de recherches en sciences naturelles et en génie,2420759,,,2405198,,,2340690,,,,6,6,6,,dp_resources,2024,0
31451,9618,2024,3638,910,ISS09,Materiel Management Services,Services de gestion du matériel,800,236,ISS00,722,230,NSERC,Natural Sciences and Engineering Research Council,Conseil de recherches en sciences naturelles et en génie,22171,,,22028,,,21437,,,,0,0,0,,dp_resources,2024,0
31452,9643,2024,3639,33,ISS0Z,Acquisition Management Services,Services de gestion des acquisitions,800,236,ISS00,722,230,NSERC,Natural Sciences and Engineering Research Council,Conseil de recherches en sciences naturelles et en génie,358103,,,355801,,,346259,,,,4,4,4,,dp_resources,2024,0
31453,9383,2024,3309,846,ISS01,Management and Oversight Services,Services de gestion et de surveillance,748,133,ISS00,460,125,FO,Department of Fisheries and Oceans,Ministère des Pêches et des Océans,101202950,,,97480549,,,85876965,,,,491,468,427,,dp_resources,2024,0
31454,9406,2024,3310,212,ISS02,Communications Services,Services de communication,748,133,ISS00,460,125,FO,Department of Fisheries and Oceans,Ministère des Pêches et des Océans,20227918,,,19613477,,,18871515,,,,146,140,133,,dp_resources,2024,0
31455,9442,2024,3311,791,ISS03,Legal Services,Services juridiques,748,133,ISS00,460,125,FO,Department of Fisheries and Oceans,Ministère des Pêches et des Océans,19489326,,,18396165,,,14272926,,,,24,22,19,,dp_resources,2024,0
31456,9457,2024,3312,527,ISS04,Human Resources Management Services,Services de gestion des ressources humaines,748,133,ISS00,460,125,FO,Department of Fisheries and Oceans,Ministère des Pêches et des Océans,45454435,,,43887314,,,40965341,,,,408,389,360,,dp_resources,2024,0
31457,9481,2024,3313,416,ISS05,Financial Management Services,Services de gestion financière,748,133,ISS00,460,125,FO,Department of Fisheries and Oceans,Ministère des Pêches et des Océans,41109783,,,40413038,,,37087756,,,,295,287,263,,dp_resources,2024,0
31458,9531,2024,3314,588,ISS06,Information Management Services,Services de gestion de l'information,748,133,ISS00,460,125,FO,Department of Fisheries and Oceans,Ministère des Pêches et des Océans,13987838,,,13907678,,,13836427,,,,45,42,40,,dp_resources,2024,0
31459,9546,2024,3315,623,ISS07,Information Technology Services,Services de la technologie de l'information,748,133,ISS00,460,125,FO,Department of Fisheries and Oceans,Ministère des Pêches et des Océans,79840611,,,76435725,,,66629413,,,,412,405,376,,dp_resources,2024,0
31460,9600,2024,3316,1086,ISS08,Real Property Management Services,Services de gestion des biens immobiliers,748,133,ISS00,460,125,FO,Department of Fisheries and Oceans,Ministère des Pêches et des Océans,298205906,,,256383775,,,214289106,,,,358,347,338,,dp_resources,2024,0
31461,9612,2024,3317,895,ISS09,Materiel Management Services,Services de gestion du matériel,748,133,ISS00,460,125,FO,Department of Fisheries and Oceans,Ministère des Pêches et des Océans,5632293,,,5590671,,,5357063,,,,35,35,32,,dp_resources,2024,0
31462,9664,2024,3318,18,ISS0Z,Acquisition Management Services,Services de gestion des acquisitions,748,133,ISS00,460,125,FO,Department of Fisheries and Oceans,Ministère des Pêches et des Océans,4071441,,,3579820,,,2911670,,,,45,41,34,,dp_resources,2024,0
31463,9451,2024,3633,542,ISS04,Human Resources Management Services,Services de gestion des ressources humaines,800,236,ISS00,722,230,NSERC,Natural Sciences and Engineering Research Council,Conseil de recherches en sciences naturelles et en génie,3156121,,,3135833,,,3051729,,,,26,26,26,,dp_resources,2024,0
31464,9365,2024,4208,838,ISS01,Management and Oversight Services,Services de gestion et de surveillance,946,46,ISS00,533,65,CFIA,Canadian Food Inspection Agency,Agence canadienne d’inspection des aliments,17347000,,,17147000,,,17105000,,,,126,125,125,,dp_resources,2024,0
31465,9407,2024,4209,204,ISS02,Communications Services,Services de communication,946,46,ISS00,533,65,CFIA,Canadian Food Inspection Agency,Agence canadienne d’inspection des aliments,16769000,,,16319000,,,16281000,,,,119,117,117,,dp_resources,2024,0
31466,9419,2024,4210,783,ISS03,Legal Services,Services juridiques,946,46,ISS00,533,65,CFIA,Canadian Food Inspection Agency,Agence canadienne d’inspection des aliments,9561000,,,9344000,,,9315000,,,,9,8,8,,dp_resources,2024,0
31467,9479,2024,4211,519,ISS04,Human Resources Management Services,Services de gestion des ressources humaines,946,46,ISS00,533,65,CFIA,Canadian Food Inspection Agency,Agence canadienne d’inspection des aliments,39006000,,,38186000,,,37576000,,,,278,276,269,,dp_resources,2024,0
31469,9519,2024,4213,580,ISS06,Information Management Services,Services de gestion de l'information,946,46,ISS00,533,65,CFIA,Canadian Food Inspection Agency,Agence canadienne d’inspection des aliments,10442000,,,10181000,,,10155000,,,,58,57,57,,dp_resources,2024,0
31470,9569,2024,4214,615,ISS07,Information Technology Services,Services de la technologie de l'information,946,46,ISS00,533,65,CFIA,Canadian Food Inspection Agency,Agence canadienne d’inspection des aliments,43438000,,,42291000,,,41955000,,,,233,228,225,,dp_resources,2024,0
31471,9597,2024,4215,1078,ISS08,Real Property Management Services,Services de gestion des biens immobiliers,946,46,ISS00,533,65,CFIA,Canadian Food Inspection Agency,Agence canadienne d’inspection des aliments,13159000,,,12864000,,,12753000,,,,52,51,50,,dp_resources,2024,0
31472,9626,2024,4216,887,ISS09,Materiel Management Services,Services de gestion du matériel,946,46,ISS00,533,65,CFIA,Canadian Food Inspection Agency,Agence canadienne d’inspection des aliments,837000,,,825000,,,750000,,,,9,9,8,,dp_resources,2024,0
31473,9654,2024,4217,10,ISS0Z,Acquisition Management Services,Services de gestion des acquisitions,946,46,ISS00,533,65,CFIA,Canadian Food Inspection Agency,Agence canadienne d’inspection des aliments,2514000,,,2376000,,,2370000,,,,24,23,23,,dp_resources,2024,0
31474,8577,2024,7227,1607,BYP01,Public Health Promotion and Disease Prevention,Promotion de la santé publique et prévention des maladies,1232,369,BYP00,954,348,INDSC,Department of Indigenous Services,Ministère des Services aux Autochtones,1217308132,,,1153045320,,,1161100240,,,,853,851,849,,dp_resources,2024,0
31475,8578,2024,7228,1608,BYP02,Home and Long-term Care,Soins à domicile et de longue durée,1232,369,BYP00,954,348,INDSC,Department of Indigenous Services,Ministère des Services aux Autochtones,362415047,,,296573235,,,298531757,,,,87,86,85,,dp_resources,2024,0
31476,8579,2024,7233,1609,BYP03,Primary Health Care,Soins de santé primaires,1232,369,BYP00,954,348,INDSC,Department of Indigenous Services,Ministère des Services aux Autochtones,414924052,,,397195094,,,345074636,,,,929,934,732,,dp_resources,2024,0
31477,8580,2024,7086,1610,BYP04,Health Systems Support,Soutien des systèmes de santé,1232,369,BYP00,954,348,INDSC,Department of Indigenous Services,Ministère des Services aux Autochtones,887432229,,,736815175,,,776315764,,,,90,90,86,,dp_resources,2024,0
31478,8581,2024,7043,1628,BYP05,Supplementary Health Benefits,Prestations supplémentaires en santé,1232,369,BYP00,954,348,INDSC,Department of Indigenous Services,Ministère des Services aux Autochtones,1773125307,,,1982810769,,,2010963819,,,,550,550,547,,dp_resources,2024,0
31479,8582,2024,7088,1629,BYP06,Jordan's Principle and the Inuit Child First Initiative,Principe de Jordan et l’Initiative : les enfants Inuits d’abord,1232,369,BYP00,954,348,INDSC,Department of Indigenous Services,Ministère des Services aux Autochtones,1607837724,,,783406706,,,783835911,,,,443,238,238,,dp_resources,2024,0
31480,8583,2024,7090,1630,BYP07,Safety and Prevention Services,Services de sécurité et de prévention,1232,369,BYP00,954,348,INDSC,Department of Indigenous Services,Ministère des Services aux Autochtones,180667599,,,194227339,,,157017557,,,,31,31,19,,dp_resources,2024,0
31481,8584,2024,7222,1631,BYP08,Child and Family Services,Programme des services à l’enfance et à la famille,1232,369,BYP00,954,348,INDSC,Department of Indigenous Services,Ministère des Services aux Autochtones,3702615065,,,2311154143,,,2359059556,,,,324,168,119,,dp_resources,2024,0
31482,8585,2024,7047,1632,BYP09,Income Assistance,Le programme d’aide au revenu,1232,369,BYP00,954,348,INDSC,Department of Indigenous Services,Ministère des Services aux Autochtones,1280885034,,,1301474514,,,1347644131,,,,64,64,63,,dp_resources,2024,0
31483,8586,2024,7232,1633,BYP10,Urban Programming for Indigenous Peoples,Programmes urbains pour les peuples autochtones,1232,369,BYP00,954,348,INDSC,Department of Indigenous Services,Ministère des Services aux Autochtones,271326839,,,29598605,,,29543056,,,,28,18,17,,dp_resources,2024,0
31484,8587,2024,7223,1611,BYP11,Elementary and Secondary Education,Éducation primaire et secondaire,1232,369,BYP00,954,348,INDSC,Department of Indigenous Services,Ministère des Services aux Autochtones,2941079695,,,2975026782,,,3012752246,,,,320,321,317,,dp_resources,2024,0
31485,8588,2024,7224,1612,BYP12,Post-Secondary Education,Éducation postsecondaire,1232,369,BYP00,954,348,INDSC,Department of Indigenous Services,Ministère des Services aux Autochtones,515841188,,,482249957,,,494113737,,,,23,14,13,,dp_resources,2024,0
31486,8589,2024,7229,1613,BYP13,Community Infrastructure,Infrastructure communautaire,1232,369,BYP00,954,348,INDSC,Department of Indigenous Services,Ministère des Services aux Autochtones,4301518332,,,2660226415,,,2789250033,,,,287,274,250,,dp_resources,2024,0
31487,8590,2024,7226,1614,BYP14,Communities and the Environment,Communautés et l’environnement,1232,369,BYP00,954,348,INDSC,Department of Indigenous Services,Ministère des Services aux Autochtones,320078150,,,300052742,,,330975622,,,,353,313,307,,dp_resources,2024,0
31488,8591,2024,7230,1634,BYP15,Emergency Management Assistance,Aide à la gestion des urgences,1232,369,BYP00,954,348,INDSC,Department of Indigenous Services,Ministère des Services aux Autochtones,197421515,,,99221789,,,99187303,,,,59,59,59,,dp_resources,2024,0
31489,8592,2024,7231,1615,BYP16,Community Economic Development,Développement économique communautaire,1232,369,BYP00,954,348,INDSC,Department of Indigenous Services,Ministère des Services aux Autochtones,171263838,,,171265197,,,169866246,,,,191,191,187,,dp_resources,2024,0
31490,8593,2024,7101,1635,BYP17,Indigenous Entrepreneurship and Business Development,Entreprenariat et développement des entreprises autochtones,1232,369,BYP00,954,348,INDSC,Department of Indigenous Services,Ministère des Services aux Autochtones,52799377,,,50494465,,,43206414,,,,40,38,26,,dp_resources,2024,0
31491,8594,2024,7102,1616,BYP18,Indigenous Governance and Capacity Supports,Soutien à la gouvernance et aux capacités autochtones,1232,369,BYP00,954,348,INDSC,Department of Indigenous Services,Ministère des Services aux Autochtones,558709365,,,464499963,,,463670741,,,,926,905,893,,dp_resources,2024,0
31492,8994,2024,3431,148,BTL01,Canadian Geodetic Survey: Spatially Enabling Canada,Levés géodésiques du Canada : Le Canada à référence spatiale,760,229,BTL00,781,134,NR,Department of Natural Resources,Ministère des Ressources naturelles,6193661.88,,,5965807.73,,,5580297.21,,,,40.86,39.26,38.69,,dp_resources,2024,0
31493,8995,2024,4426,469,BTL02,Geological Knowledge for Canada's Onshore and Offshore Land,Connaissances géologiques des terres côtières et extracôtières du Canada,760,229,BTL00,781,134,NR,Department of Natural Resources,Ministère des Ressources naturelles,36782735,,,34260601.56,,,33125810.35,,,,110.97,104.83,104.4,,dp_resources,2024,0
31494,8996,2024,5741,277,BTL03,Core Geospatial Data,Données géospatiales essentielles,760,229,BTL00,781,134,NR,Department of Natural Resources,Ministère des Ressources naturelles,54753923.31,,,50416437.45,,,50193427.91,,,,191.99,169.9,155.76,,dp_resources,2024,0
31495,8997,2024,3434,142,BTL04,Canada-US International Boundary Treaty,Traité de la frontière internationale entre le Canada et les États-Unis,760,229,BTL00,781,134,NR,Department of Natural Resources,Ministère des Ressources naturelles,1973779.06,,,1973779.06,,,1973779.06,,,,10.68,10.07,10.07,,dp_resources,2024,0
31496,8998,2024,3435,136,BTL05,Canada Lands Survey System,Système d'arpentage des terres du Canada,760,229,BTL00,781,134,NR,Department of Natural Resources,Ministère des Ressources naturelles,15819280.51,,,15226298.93,,,13747247.42,,,,93.1,92.72,90.45,,dp_resources,2024,0
31497,8999,2024,4428,470,BTL06,Geoscience for Sustainable Development of Natural Resources,Géoscience pour la valorisation durable des ressources naturelles,760,229,BTL00,781,134,NR,Department of Natural Resources,Ministère des Ressources naturelles,42496787.15,,,42220414.91,,,41142141.43,,,,262.52,256.78,241.85,,dp_resources,2024,0
31498,9000,2024,3437,1026,BTL07,Pest Risk Management,Gestion des risques liés aux ravageurs,760,229,BTL00,781,134,NR,Department of Natural Resources,Ministère des Ressources naturelles,33917009.05,,,34847400.72,,,23105730.36,,,,185.94,180.09,178.08,,dp_resources,2024,0
31499,9001,2024,6629,460,BTL08,Forest Climate Change,Changements climatiques liés aux forêts,760,229,BTL00,781,134,NR,Department of Natural Resources,Ministère des Ressources naturelles,367339016.2,,,383820314.8,,,376148356.2,,,,151.89,150.36,143,,dp_resources,2024,0
31500,9002,2024,4429,182,BTL09,Climate Change Adaptation,Adaptation aux changements climatiques,760,229,BTL00,781,134,NR,Department of Natural Resources,Ministère des Ressources naturelles,19578477.92,,,22190029.41,,,23305830.05,,,,46.33,44.84,44.84,,dp_resources,2024,0
31501,9003,2024,3440,380,BTL10,Explosives Safety and Security,Sécurité et sûreté des explosifs,760,229,BTL00,781,134,NR,Department of Natural Resources,Ministère des Ressources naturelles,12067675.79,,,13187253.76,,,7386475.5,,,,77.35,77.44,77.44,,dp_resources,2024,0
31502,9004,2024,3441,471,BTL11,Geoscience to Keep Canada Safe,Géoscience pour assurer la sécurité des Canadiens,760,229,BTL00,781,134,NR,Department of Natural Resources,Ministère des Ressources naturelles,18973802.9,,,19183010.82,,,18898426.44,,,,119.87,111.26,110.88,,dp_resources,2024,0
31503,9005,2024,5754,1290,BTL12,Wildfire Risk Management,Gestion du risque de feux de végétation,760,229,BTL00,781,134,NR,Department of Natural Resources,Ministère des Ressources naturelles,130418522.2,,,161438860,,,173680289.5,,,,115.28,112.92,111.47,,dp_resources,2024,0
31504,9006,2024,6630,1036,BTL13,Polar Continental Shelf Program,Programme du plateau continental polaire,760,229,BTL00,781,134,NR,Department of Natural Resources,Ministère des Ressources naturelles,7886763.2,,,7973477.14,,,7928573.77,,,,58.05,60.03,59.78,,dp_resources,2024,0
31505,8649,2024,6610,1519,BTM13,Energy Innovation and Clean Technology (EICT),Innovation énergétique et technologies propres (IETP),761,230,BTM00,781,134,NR,Department of Natural Resources,Ministère des Ressources naturelles,322381229.4,,,319518806.4,,,246270490.1,,,,872.18,771.62,732.27,,dp_resources,2024,0
31506,9007,2024,6622,484,BTM04,Green Mining Innovation,Innovation Mines vertes,761,230,BTM00,781,134,NR,Department of Natural Resources,Ministère des Ressources naturelles,28893171.68,,,30447995.06,,,26783040.6,,,,146.1,139.2,137.01,,dp_resources,2024,0
31507,9008,2024,3448,401,BTM05,Fibre Solutions,Solutions axées sur les fibres,761,230,BTM00,781,134,NR,Department of Natural Resources,Ministère des Ressources naturelles,14123461.65,,,14344263.69,,,8204055.51,,,,86.72,85.47,61.46,,dp_resources,2024,0
31508,9009,2024,5643,1230,BTM06,Sustainable Forest Management,Aménagement forestier durable,761,230,BTM00,781,134,NR,Department of Natural Resources,Ministère des Ressources naturelles,27104692.72,,,26205835.75,,,13503381.35,,,,120.15,119.34,104.17,,dp_resources,2024,0
31509,9010,2024,5405,289,BTM07,Cumulative Effects,Effets cumulatifs,761,230,BTM00,781,134,NR,Department of Natural Resources,Ministère des Ressources naturelles,7865699.05,,,7841094.8,,,7204041.92,,,,50.27,49.52,49.86,,dp_resources,2024,0
31510,9011,2024,5752,827,BTM08,Lower Carbon Transportation,Transport faible en carbone,761,230,BTM00,781,134,NR,Department of Natural Resources,Ministère des Ressources naturelles,521970552.2,,,431808389.8,,,102162042.5,,,,109.4,107.75,72.73,,dp_resources,2024,0
31511,9012,2024,6712,342,BTM09,Electricity Resources,Ressources en électricité,761,230,BTM00,781,134,NR,Department of Natural Resources,Ministère des Ressources naturelles,551956740.7,,,225209973.8,,,162208018.8,,,,173.63,161.01,140.32,,dp_resources,2024,0
31512,9013,2024,6724,356,BTM10,Energy Efficiency,Efficacité énergétique,761,230,BTM00,781,134,NR,Department of Natural Resources,Ministère des Ressources naturelles,958062512.9,,,947768673.2,,,467684855.7,,,,390.88,349.27,314.31,,dp_resources,2024,0
31513,9014,2024,6621,360,BTM11,Energy and Climate Change Policy,Politique en matière d'énergie et de changements climatiques,761,230,BTM00,781,134,NR,Department of Natural Resources,Ministère des Ressources naturelles,21294648.72,,,16971380.8,,,14072488.78,,,,122.28,96.29,86.32,,dp_resources,2024,0
31514,9015,2024,5663,654,BTM12,Innovative Geospatial Solutions,Solutions géospatiales novatrices,761,230,BTM00,781,134,NR,Department of Natural Resources,Ministère des Ressources naturelles,16663852.31,,,16696957.24,,,16244637.35,,,,109.69,102.9,100.15,,dp_resources,2024,0
31515,8449,2024,7199,1641,BTO09,Indigenous Reconciliation and Regulatory Coordination,Réconciliation avec les peuples autochtones et coordination réglementaire,762,231,BTO00,781,134,NR,Department of Natural Resources,Ministère des Ressources naturelles,31470062.62,,,28451610.93,,,27368041.38,,,,95.49,74.34,74.34,,dp_resources,2024,0
31516,9017,2024,5775,461,BTO01,Forest Sector Competitiveness,Compétitivité du secteur forestier,762,231,BTO00,781,134,NR,Department of Natural Resources,Ministère des Ressources naturelles,136188204.3,,,154747352.7,,,24702860.31,,,,169.39,163.45,122.88,,dp_resources,2024,0
31517,9018,2024,4440,1060,BTO02,Provision of Federal Leadership in the Minerals and Metals Sector,Prestation d'un leadership fédéral dans le secteur des minéraux et des métaux,762,231,BTO00,781,134,NR,Department of Natural Resources,Ministère des Ressources naturelles,154294121.8,,,193671827.2,,,228527193,,,,230.17,225.71,225,,dp_resources,2024,0
31518,9019,2024,6572,358,BTO03,"Energy Safety and Security, and Petroleum Resources","Sûreté et sécurité énergétique, et ressources pétrolières",762,231,BTO00,781,134,NR,Department of Natural Resources,Ministère des Ressources naturelles,15347928.45,,,14976824.66,,,13493582.12,,,,119.09,118.33,110.16,,dp_resources,2024,0
31519,9020,2024,6577,1210,BTO05,Statutory Offshore Payments,Paiements législatifs pour les hydrocarbures extracôtiers,762,231,BTO00,781,134,NR,Department of Natural Resources,Ministère des Ressources naturelles,1757609770,,,1602838315,,,1500506967,,,,0,0,0,,dp_resources,2024,0
31520,9021,2024,6199,1158,BTO08,Youth Employment and Skills Strategy - Science and Technology Internship Program (Green Jobs),La Stratégie emploi et compétences jeunesse - Programme de stages en sciences et technologie (Emplois verts),762,231,BTO00,781,134,NR,Department of Natural Resources,Ministère des Ressources naturelles,15277207.87,,,655448.42,,,654273.02,,,,4.19,0.25,0.25,,dp_resources,2024,0
31521,9359,2024,3464,854,ISS01,Management and Oversight Services,Services de gestion et de surveillance,763,232,ISS00,781,134,NR,Department of Natural Resources,Ministère des Ressources naturelles,52296079.72,,,54752193.65,,,53287206.28,,,,415.69,397.14,394.87,,dp_resources,2024,0
31522,9414,2024,3465,220,ISS02,Communications Services,Services de communication,763,232,ISS00,781,134,NR,Department of Natural Resources,Ministère des Ressources naturelles,20562579.14,,,19495828.36,,,16826252.48,,,,145.26,146,146.07,,dp_resources,2024,0
31523,9433,2024,3466,799,ISS03,Legal Services,Services juridiques,763,232,ISS00,781,134,NR,Department of Natural Resources,Ministère des Ressources naturelles,12392863.77,,,11793272.06,,,10690138.49,,,,8.83,8.67,8.24,,dp_resources,2024,0
31524,9467,2024,3467,535,ISS04,Human Resources Management Services,Services de gestion des ressources humaines,763,232,ISS00,781,134,NR,Department of Natural Resources,Ministère des Ressources naturelles,22717006.86,,,22518238.45,,,21410982.65,,,,275.64,266.24,264.68,,dp_resources,2024,0
31525,9484,2024,3468,424,ISS05,Financial Management Services,Services de gestion financière,763,232,ISS00,781,134,NR,Department of Natural Resources,Ministère des Ressources naturelles,20562329,,,20012603,,,18715336.62,,,,145.36,142.9,143.27,,dp_resources,2024,0
31526,9525,2024,3469,596,ISS06,Information Management Services,Services de gestion de l'information,763,232,ISS00,781,134,NR,Department of Natural Resources,Ministère des Ressources naturelles,7198047.54,,,6849869.31,,,6549581.61,,,,41.42,46.75,46.75,,dp_resources,2024,0
31527,9554,2024,3470,631,ISS07,Information Technology Services,Services de la technologie de l'information,763,232,ISS00,781,134,NR,Department of Natural Resources,Ministère des Ressources naturelles,39695071.91,,,34614662.59,,,30385194.27,,,,203.06,216.89,214.5,,dp_resources,2024,0
31528,9576,2024,3471,1094,ISS08,Real Property Management Services,Services de gestion des biens immobiliers,763,232,ISS00,781,134,NR,Department of Natural Resources,Ministère des Ressources naturelles,40564820.82,,,35927350.15,,,33356385.98,,,,180.6,168.96,168.94,,dp_resources,2024,0
31529,9604,2024,3472,903,ISS09,Materiel Management Services,Services de gestion du matériel,763,232,ISS00,781,134,NR,Department of Natural Resources,Ministère des Ressources naturelles,748909.18,,,787540.79,,,777326.47,,,,9,8.54,8,,dp_resources,2024,0
31530,9662,2024,3473,26,ISS0Z,Acquisition Management Services,Services de gestion des acquisitions,763,232,ISS00,781,134,NR,Department of Natural Resources,Ministère des Ressources naturelles,5696954.86,,,5536122.06,,,5138533.25,,,,61.72,62.83,62.83,,dp_resources,2024,0
31531,8841,2024,4282,238,BNL01,Community Development,Développement communautaire,954,85,BNL00,911,86,CNEDA,Canadian Northern Economic Development Agency,Agence canadienne de développement économique du Nord,16780796,,,15589764,,,14406267,,,,25,25,24,,dp_resources,2024,0
31533,8843,2024,4284,1040,BNL03,Policy and Advocacy,Politiques et défense des intérêts,954,85,BNL00,911,86,CNEDA,Canadian Northern Economic Development Agency,Agence canadienne de développement économique du Nord,1942064,,,1804224,,,1667257,,,,3,3,3,,dp_resources,2024,0
31534,8844,2024,4285,968,BNL04,Northern Projects Management,Gestion des projets nordiques,954,85,BNL00,911,86,CNEDA,Canadian Northern Economic Development Agency,Agence canadienne de développement économique du Nord,1789872,,,1662834,,,1536600,,,,3,3,3,,dp_resources,2024,0
31535,9315,2024,4544,681,ISS00,Internal Services,Services internes,955,86,ISS00,911,86,CNEDA,Canadian Northern Economic Development Agency,Agence canadienne de développement économique du Nord,8566557,,,7958538,,,7827014,,,,31,31,31,,dp_resources,2024,0
31536,9356,2024,4500,850,ISS01,Management and Oversight Services,Services de gestion et de surveillance,974,168,ISS00,954,348,INDSC,Department of Indigenous Services,Ministère des Services aux Autochtones,121105224,,,114204682,,,110590246,,,,280,219,217,,dp_resources,2024,0
31537,9404,2024,4501,216,ISS02,Communications Services,Services de communication,974,168,ISS00,954,348,INDSC,Department of Indigenous Services,Ministère des Services aux Autochtones,18491001,,,16722530,,,16095615,,,,237,221,217,,dp_resources,2024,0
31538,9437,2024,4502,795,ISS03,Legal Services,Services juridiques,974,168,ISS00,954,348,INDSC,Department of Indigenous Services,Ministère des Services aux Autochtones,23060091,,,21334828,,,20811906,,,,0,0,0,,dp_resources,2024,0
31539,9462,2024,4503,531,ISS04,Human Resources Management Services,Services de gestion des ressources humaines,974,168,ISS00,954,348,INDSC,Department of Indigenous Services,Ministère des Services aux Autochtones,26556063,,,23966357,,,23063222,,,,290,290,290,,dp_resources,2024,0
31540,9501,2024,4504,420,ISS05,Financial Management Services,Services de gestion financière,974,168,ISS00,954,348,INDSC,Department of Indigenous Services,Ministère des Services aux Autochtones,56336428,,,52809274,,,52554458,,,,327,303,283,,dp_resources,2024,0
31541,9535,2024,4505,592,ISS06,Information Management Services,Services de gestion de l'information,974,168,ISS00,954,348,INDSC,Department of Indigenous Services,Ministère des Services aux Autochtones,21433487,,,21183362,,,20772732,,,,164,163,163,,dp_resources,2024,0
31542,9550,2024,4506,627,ISS07,Information Technology Services,Services de la technologie de l'information,974,168,ISS00,954,348,INDSC,Department of Indigenous Services,Ministère des Services aux Autochtones,4109423,,,4070018,,,4858878,,,,400,400,400,,dp_resources,2024,0
31544,9606,2024,4508,899,ISS09,Materiel Management Services,Services de gestion du matériel,974,168,ISS00,954,348,INDSC,Department of Indigenous Services,Ministère des Services aux Autochtones,8860026,,,8714216,,,8439809,,,,58,57,57,,dp_resources,2024,0
31545,9665,2024,4509,22,ISS0Z,Acquisition Management Services,Services de gestion des acquisitions,974,168,ISS00,954,348,INDSC,Department of Indigenous Services,Ministère des Services aux Autochtones,421141,,,416784,,,410938,,,,54,54,54,,dp_resources,2024,0
31546,9584,2024,4507,1090,ISS08,Real Property Management Services,Services de gestion des biens immobiliers,974,168,ISS00,954,348,INDSC,Department of Indigenous Services,Ministère des Services aux Autochtones,1269681,,,1258959,,,1240978,,,,51,51,51,,dp_resources,2024,0
31547,8942,2024,4121,95,BSM01,Audiovisual programming and production,Programmation et production audiovisuelles,928,213,BSM00,636,223,NFB,National Film Board,Office national du film,37079225,,,35478420,,,35606751,,,,158,158,158,,dp_resources,2024,0
31548,8944,2024,4122,318,BSP01,Distribution of works and audience engagement,Distribution des œuvres et interaction avec les auditoires,929,214,BSP00,636,223,NFB,National Film Board,Office national du film,8326593,,,6501386,,,6501386,,,,71,71,71,,dp_resources,2024,0
31549,8945,2024,4123,1053,BSP02,Promotion of works and National Film Board outreach,Promotion des œuvres et rayonnement de l'Office national du film,929,214,BSP00,636,223,NFB,National Film Board,Office national du film,10652340,,,9535701,,,9535701,,,,67,67,67,,dp_resources,2024,0
31550,8946,2024,4124,1044,BSP03,"Preservation, conservation and digitization of works","Préservation, conservation et numérisation des œuvres",929,214,BSP00,636,223,NFB,National Film Board,Office national du film,4114451,,,3672848,,,3937517,,,,21,21,21,,dp_resources,2024,0
31551,9334,2024,4543,706,ISS00,Internal Services,Services internes,930,215,ISS00,636,223,NFB,National Film Board,Office national du film,11388473,,,11173755,,,11173755,,,,73,73,73,,dp_resources,2024,0
31552,9029,2024,3922,100,BTW01,Aviation Safety Regulatory Framework,Cadre réglementaire de la sécurité aérienne,895,315,BTW00,516,138,TC,Department of Transport,Ministère des Transports,38054939,,,36559909,,,26558503,,,,269,264,204,,dp_resources,2024,0
31553,9030,2024,5613,99,BTW02,Aviation Safety Oversight,Surveillance de la sécurité aérienne,895,315,BTW00,516,138,TC,Department of Transport,Ministère des Transports,128205499,,,125950401,,,119471351,,,,1027,1021,1008,,dp_resources,2024,0
31554,9031,2024,6684,102,BTW04,Aviation Security Regulatory Framework,Cadre réglementaire de la sûreté aérienne,895,315,BTW00,516,138,TC,Department of Transport,Ministère des Transports,7995400,,,8067554,,,7979303,,,,61,62,62,,dp_resources,2024,0
31555,9032,2024,6683,101,BTW05,Aviation Security Oversight,Surveillance de la sûreté aérienne,895,315,BTW00,516,138,TC,Department of Transport,Ministère des Transports,64536918,,,64828834,,,47162316,,,,241,235,214,,dp_resources,2024,0
31556,9033,2024,6555,69,BTW06,Aircraft Services,Services aériens,895,315,BTW00,516,138,TC,Department of Transport,Ministère des Transports,24304981,,,23566070,,,22840878,,,,352,359,351,,dp_resources,2024,0
31557,9034,2024,6689,876,BTW07,Marine Safety Regulatory Framework,Cadre réglementaire de la sécurité maritime,895,315,BTW00,516,138,TC,Department of Transport,Ministère des Transports,11124866,,,11322588,,,11649516,,,,103,107,108,,dp_resources,2024,0
31558,9035,2024,6280,875,BTW08,Marine Safety Oversight,Surveillance de la sécurité maritime,895,315,BTW00,516,138,TC,Department of Transport,Ministère des Transports,49561475,,,46827695,,,46726707,,,,443,430,426,,dp_resources,2024,0
31559,9036,2024,6282,878,BTW10,Marine Security Regulatory Framework,Cadre réglementaire de la sûreté maritime,895,315,BTW00,516,138,TC,Department of Transport,Ministère des Transports,1335925,,,1364717,,,1403849,,,,12,12,12,,dp_resources,2024,0
31560,9037,2024,4450,877,BTW11,Marine Security Oversight,Surveillance de la sûreté maritime,895,315,BTW00,516,138,TC,Department of Transport,Ministère des Transports,10657598,,,10073615,,,10347768,,,,91,86,87,,dp_resources,2024,0
31561,9038,2024,6284,1067,BTW13,Rail Safety Regulatory Framework,Cadre réglementaire de la sécurité ferroviaire,895,315,BTW00,516,138,TC,Department of Transport,Ministère des Transports,3146981,,,3149351,,,1930932,,,,27,27,17,,dp_resources,2024,0
31562,9039,2024,6285,1066,BTW14,Rail Safety Oversight,Surveillance de la sécurité ferroviaire,895,315,BTW00,516,138,TC,Department of Transport,Ministère des Transports,30666852,,,28198647,,,18805146,,,,230,215,151,,dp_resources,2024,0
31563,9040,2024,6694,1065,BTW15,Rail Safety Improvement Program,Programme d'amélioration de la sécurité ferroviaire,895,315,BTW00,516,138,TC,Department of Transport,Ministère des Transports,47867147,,,26105152,,,14351805,,,,4,4,2,,dp_resources,2024,0
31564,9041,2024,6693,944,BTW16,Multi-Modal and Road Safety Regulatory Framework,Cadre réglementaire du transport multimodal et de la sécurité de l'automobile,895,315,BTW00,516,138,TC,Department of Transport,Ministère des Transports,14925146,,,11662855,,,8051145,,,,96,81,62,,dp_resources,2024,0
31565,9042,2024,6852,943,BTW17,Multi-Modal and Road Safety Oversight,Surveillance du transport multimodal et de la sécurité de l'automobile,895,315,BTW00,516,138,TC,Department of Transport,Ministère des Transports,34406014,,,34702847,,,24073305,,,,183,187,164,,dp_resources,2024,0
31566,9043,2024,6560,664,BTW18,Intermodal Surface Security Regulatory Framework,Cadre réglementaire de la sûreté intermodale du transport terrestre,895,315,BTW00,516,138,TC,Department of Transport,Ministère des Transports,4359849,,,4245418,,,2969497,,,,31,30,21,,dp_resources,2024,0
31567,9044,2024,6295,663,BTW19,Intermodal Surface Security Oversight,Surveillance de la sûreté intermodale du transport terrestre,895,315,BTW00,516,138,TC,Department of Transport,Ministère des Transports,5138125,,,4549191,,,2679949,,,,37,33,20,,dp_resources,2024,0
31568,9045,2024,6685,1264,BTW20,Transportation of Dangerous Goods Regulatory Framework,Cadre réglementaire pour le transport des marchandises dangereuses,895,315,BTW00,516,138,TC,Department of Transport,Ministère des Transports,7810150,,,7773667,,,3356477,,,,55,55,32,,dp_resources,2024,0
31569,9046,2024,6682,1263,BTW21,Transportation of Dangerous Goods Oversight,Surveillance du transport des marchandises dangereuses,895,315,BTW00,516,138,TC,Department of Transport,Ministère des Transports,29846024,,,30286327,,,14530382,,,,207,211,123,,dp_resources,2024,0
31570,9047,2024,5623,1265,BTW22,Transportation of Dangerous Goods Technical Support,Soutien technique du transport des marchandises dangereuses,895,315,BTW00,516,138,TC,Department of Transport,Ministère des Transports,7802602,,,7741876,,,4084088,,,,67,67,35,,dp_resources,2024,0
31571,9048,2024,6298,1169,BTW24,Security Screening Certification,Programmes de filtrage de sûreté,895,315,BTW00,516,138,TC,Department of Transport,Ministère des Transports,3675334,,,148830,,,148830,,,,53,35,35,,dp_resources,2024,0
31572,9049,2024,4451,345,BTW25,Emergency Management,Gestion des urgences,895,315,BTW00,516,138,TC,Department of Transport,Ministère des Transports,4525678,,,4580519,,,4139065,,,,37,38,38,,dp_resources,2024,0
31573,8650,2024,6677,1514,BTX06,Navigation Protection Program,Programme de protection de la navigation,896,316,BTX00,516,138,TC,Department of Transport,Ministère des Transports,13983859,,,13837452,,,5733213,,,,97,96,46,,dp_resources,2024,0
31574,9050,2024,4452,184,BTX01,Climate Change and Clean Air,Changement climatique et qualité de l'air,896,316,BTX00,516,138,TC,Department of Transport,Ministère des Transports,672517418,,,359350083,,,74924673,,,,145,129,103,,dp_resources,2024,0
31575,9051,2024,6679,1054,BTX02,Protecting Oceans and Waterways,Protéger les océans et les voies navigables,896,316,BTX00,516,138,TC,Department of Transport,Ministère des Transports,248735586,,,203270965,,,170889831,,,,594,568,507,,dp_resources,2024,0
31576,9052,2024,6303,369,BTX03,Environmental Stewardship of Transportation,Gérance environnementale des transports,896,316,BTX00,516,138,TC,Department of Transport,Ministère des Transports,32470712,,,8870635,,,8861914,,,,93,82,80,,dp_resources,2024,0
31577,9053,2024,6304,1261,BTX04,Transportation Innovation,Innovation dans le secteur des transports,896,316,BTX00,516,138,TC,Department of Transport,Ministère des Transports,24126516,,,21281855,,,13011423,,,,51,42,30,,dp_resources,2024,0
31578,9054,2024,6305,573,BTX05,Indigenous Partnerships and Engagement,Partenariats avec les Autochtones et mobilisation,896,316,BTX00,516,138,TC,Department of Transport,Ministère des Transports,12401683,,,11471399,,,7894942,,,,72,64,49,,dp_resources,2024,0
31579,9055,2024,5630,1262,BTY01,Transportation Marketplace Frameworks,Cadres qui appuient le marché des transports,1042,317,BTY00,516,138,TC,Department of Transport,Ministère des Transports,135506546,,,23711271,,,23990481,,,,280,172,170,,dp_resources,2024,0
31580,9056,2024,5631,1259,BTY02,Transportation Analysis,Analyse du secteur des transports,1042,317,BTY00,516,138,TC,Department of Transport,Ministère des Transports,21560555,,,16696825,,,16731734,,,,66,54,53,,dp_resources,2024,0
31581,9057,2024,7107,1260,BTY03,Transportation Infrastructure,Infrastructure de transport,1042,317,BTY00,516,138,TC,Department of Transport,Ministère des Transports,809577481,,,681925682,,,714444536,,,,292,299,310,,dp_resources,2024,0
31582,9058,2024,6308,956,BTY04,National Trade Corridors,Corridors commerciaux nationaux,1042,317,BTY00,516,138,TC,Department of Transport,Ministère des Transports,889666868,,,902510429,,,573090318,,,,108,42,36,,dp_resources,2024,0
31583,9362,2024,3955,857,ISS01,Management and Oversight Services,Services de gestion et de surveillance,898,318,ISS00,516,138,TC,Department of Transport,Ministère des Transports,44388021,,,43598702,,,39210038,,,,333,335,301,,dp_resources,2024,0
31584,9387,2024,3956,223,ISS02,Communications Services,Services de communication,898,318,ISS00,516,138,TC,Department of Transport,Ministère des Transports,17414795,,,15381756,,,14633229,,,,139,124,116,,dp_resources,2024,0
31585,9431,2024,3957,802,ISS03,Legal Services,Services juridiques,898,318,ISS00,516,138,TC,Department of Transport,Ministère des Transports,28014490,,,26012864,,,23808716,,,,19,17,15,,dp_resources,2024,0
31586,9449,2024,3958,538,ISS04,Human Resources Management Services,Services de gestion des ressources humaines,898,318,ISS00,516,138,TC,Department of Transport,Ministère des Transports,36029703,,,33595735,,,32319104,,,,319,309,295,,dp_resources,2024,0
31587,9500,2024,3959,427,ISS05,Financial Management Services,Services de gestion financière,898,318,ISS00,516,138,TC,Department of Transport,Ministère des Transports,32551760,,,28824559,,,26961602,,,,284,261,242,,dp_resources,2024,0
31588,9530,2024,3960,599,ISS06,Information Management Services,Services de gestion de l'information,898,318,ISS00,516,138,TC,Department of Transport,Ministère des Transports,21246586,,,21084950,,,16830425,,,,178,180,159,,dp_resources,2024,0
31589,9557,2024,3961,634,ISS07,Information Technology Services,Services de la technologie de l'information,898,318,ISS00,516,138,TC,Department of Transport,Ministère des Transports,63581206,,,68836774,,,48419226,,,,410,412,335,,dp_resources,2024,0
31590,9573,2024,3962,1097,ISS08,Real Property Management Services,Services de gestion des biens immobiliers,898,318,ISS00,516,138,TC,Department of Transport,Ministère des Transports,12250957,,,11901933,,,9804502,,,,75,74,70,,dp_resources,2024,0
31591,9622,2024,3963,906,ISS09,Materiel Management Services,Services de gestion du matériel,898,318,ISS00,516,138,TC,Department of Transport,Ministère des Transports,1479121,,,1468587,,,1409010,,,,14,14,13,,dp_resources,2024,0
31592,9646,2024,3964,29,ISS0Z,Acquisition Management Services,Services de gestion des acquisitions,898,318,ISS00,516,138,TC,Department of Transport,Ministère des Transports,4377807,,,3926838,,,3673318,,,,42,39,37,,dp_resources,2024,0
31593,8693,2024,6244,1331,BXG01,Federal Policing Investigations,Enquêtes de la Police fédérale,1104,333,BXG00,651,295,RCMP,Royal Canadian Mounted Police,Gendarmerie royale du Canada,753182812,,,765705340,,,778606089,,,,3263,3239,3241,,dp_resources,2024,0
31594,8694,2024,6530,1330,BXG02,Federal Policing Intelligence,Renseignement des Services de police fédérale,1104,333,BXG00,651,295,RCMP,Royal Canadian Mounted Police,Gendarmerie royale du Canada,97348294,,,96651004,,,97631328,,,,548,525,525,,dp_resources,2024,0
31595,8695,2024,6532,1329,BXG03,Protective Operations,Opérations de protection,1104,333,BXG00,651,295,RCMP,Royal Canadian Mounted Police,Gendarmerie royale du Canada,176016448,,,179365182,,,182695976,,,,698,698,698,,dp_resources,2024,0
31596,8696,2024,6531,1334,BXG05,International Operations,Opérations internationales,1104,333,BXG00,651,295,RCMP,Royal Canadian Mounted Police,Gendarmerie royale du Canada,49220206,,,47998289,,,24771462,,,,177,174,174,,dp_resources,2024,0
31597,8697,2024,6245,1332,BXG07,Federal Policing National Governance,Gouvernance nationale des Services de police fédérale,1104,333,BXG00,651,295,RCMP,Royal Canadian Mounted Police,Gendarmerie royale du Canada,66892970,,,63664455,,,64294665,,,,367,318,319,,dp_resources,2024,0
31598,8612,2024,6450,1542,BXH10,National Cybercrime Coordination Unit,Groupe national de coordination contre la cybercriminalité,1201,334,BXH00,651,295,RCMP,Royal Canadian Mounted Police,Gendarmerie royale du Canada,16593005,,,16774015,,,16860270,,,,100,100,100,,dp_resources,2024,0
31599,8698,2024,6534,1343,BXH01,Canadian Firearms Investigative and Enforcement Services,Services canadiens d'enquête et d'application de la loi en matière d'armes à feu,1201,334,BXH00,651,295,RCMP,Royal Canadian Mounted Police,Gendarmerie royale du Canada,20643678,,,20314209,,,20276063,,,,121,113,113,,dp_resources,2024,0
31600,8699,2024,6265,1342,BXH02,Criminal Intelligence Service Canada,Service canadien de renseignements criminels,1201,334,BXH00,651,295,RCMP,Royal Canadian Mounted Police,Gendarmerie royale du Canada,9443915,,,8877465,,,8882467,,,,57,46,46,,dp_resources,2024,0
31601,8700,2024,6540,1341,BXH03,Forensic Science and Identification Services,Services des sciences judiciaires et de l'identité,1201,334,BXH00,651,295,RCMP,Royal Canadian Mounted Police,Gendarmerie royale du Canada,86887938,,,87758479,,,88258140,,,,726,725,725,,dp_resources,2024,0
31602,8701,2024,6538,1340,BXH04,Canadian Police College,Collège canadien de police,1201,334,BXH00,651,295,RCMP,Royal Canadian Mounted Police,Gendarmerie royale du Canada,7710274,,,7867868,,,7988459,,,,77,77,77,,dp_resources,2024,0
31603,8702,2024,6542,1339,BXH05,Sensitive and Specialized Investigative Services,Services d'enquêtes spécialisées et de nature délicate,1201,334,BXH00,651,295,RCMP,Royal Canadian Mounted Police,Gendarmerie royale du Canada,19639465,,,19953406,,,20214478,,,,114,114,114,,dp_resources,2024,0
31604,8703,2024,6270,1337,BXH06,Specialized Technical Investigative Services,Services spécialisés d'enquêtes techniques,1201,334,BXH00,651,295,RCMP,Royal Canadian Mounted Police,Gendarmerie royale du Canada,274714708,,,281781789,,,263912279,,,,1306,1303,1282,,dp_resources,2024,0
31605,8704,2024,6539,1336,BXH07,Departmental Security,Sécurité ministérielle,1201,334,BXH00,651,295,RCMP,Royal Canadian Mounted Police,Gendarmerie royale du Canada,49775116,,,44890363,,,44353462,,,,437,404,404,,dp_resources,2024,0
31606,8705,2024,6541,1335,BXH08,Operational IM/IT Services,Services opérationnels de la GI-TI,1201,334,BXH00,651,295,RCMP,Royal Canadian Mounted Police,Gendarmerie royale du Canada,149355491,,,129647730,,,126253543,,,,902,852,852,,dp_resources,2024,0
31607,8706,2024,6535,1338,BXH09,Canadian Firearms Licensing and Registration,Délivrance de permis et enregistrement des armes à feu au Canada,1201,334,BXH00,651,295,RCMP,Royal Canadian Mounted Police,Gendarmerie royale du Canada,63235387,,,61962699,,,60300059,,,,353,337,337,,dp_resources,2024,0
31608,8707,2024,6241,1348,BXI01,Provincial/Territorial Policing,Services de police provinciaux et territoriaux,1106,335,BXI00,651,295,RCMP,Royal Canadian Mounted Police,Gendarmerie royale du Canada,1336468787,,,1379663246,,,1417995635,,,,10402,10402,10402,,dp_resources,2024,0
31609,8708,2024,6240,1347,BXI02,Municipal Policing,Services de police municipaux,1106,335,BXI00,651,295,RCMP,Royal Canadian Mounted Police,Gendarmerie royale du Canada,649442980,,,679452224,,,709429274,,,,5952,5952,5952,,dp_resources,2024,0
31610,8709,2024,6239,1346,BXI03,Indigenous Policing,Services de police autochtones,1106,335,BXI00,651,295,RCMP,Royal Canadian Mounted Police,Gendarmerie royale du Canada,32082969,,,34449986,,,36809343,,,,676,676,676,,dp_resources,2024,0
31611,8710,2024,6237,1345,BXI04,Contract and Indigenous Policing Operations Support,Soutien aux opérations des Services de police contractuels et autochtones,1106,335,BXI00,651,295,RCMP,Royal Canadian Mounted Police,Gendarmerie royale du Canada,85451160,,,83764168,,,82700528,,,,320,311,311,,dp_resources,2024,0
31612,8711,2024,6238,1344,BXI05,Force Generation,Mise sur pied de la force,1106,335,BXI00,651,295,RCMP,Royal Canadian Mounted Police,Gendarmerie royale du Canada,184882233,,,187165531,,,187792240,,,,1466,1466,1466,,dp_resources,2024,0
31613,9372,2024,4147,865,ISS01,Management and Oversight Services,Services de gestion et de surveillance,934,287,ISS00,651,295,RCMP,Royal Canadian Mounted Police,Gendarmerie royale du Canada,106643834,,,106839568,,,101373088,,,,594,558,556,,dp_resources,2024,0
31614,9399,2024,4148,231,ISS02,Communications Services,Services de communication,934,287,ISS00,651,295,RCMP,Royal Canadian Mounted Police,Gendarmerie royale du Canada,35811468,,,36089334,,,36470830,,,,240,240,240,,dp_resources,2024,0
31615,9424,2024,4149,810,ISS03,Legal Services,Services juridiques,934,287,ISS00,651,295,RCMP,Royal Canadian Mounted Police,Gendarmerie royale du Canada,10778452,,,10794767,,,10696134,,,,14,14,14,,dp_resources,2024,0
31616,9473,2024,4150,546,ISS04,Human Resources Management Services,Services de gestion des ressources humaines,934,287,ISS00,651,295,RCMP,Royal Canadian Mounted Police,Gendarmerie royale du Canada,281003864,,,287847639,,,275889115,,,,1856,1856,1856,,dp_resources,2024,0
31617,9502,2024,4151,435,ISS05,Financial Management Services,Services de gestion financière,934,287,ISS00,651,295,RCMP,Royal Canadian Mounted Police,Gendarmerie royale du Canada,61972954,,,90511788,,,62178533,,,,485,485,485,,dp_resources,2024,0
31618,9541,2024,4152,607,ISS06,Information Management Services,Services de gestion de l'information,934,287,ISS00,651,295,RCMP,Royal Canadian Mounted Police,Gendarmerie royale du Canada,15864424,,,14437364,,,13908911,,,,194,194,194,,dp_resources,2024,0
31619,9564,2024,4153,642,ISS07,Information Technology Services,Services de la technologie de l'information,934,287,ISS00,651,295,RCMP,Royal Canadian Mounted Police,Gendarmerie royale du Canada,86130445,,,91100085,,,90986142,,,,350,350,350,,dp_resources,2024,0
31620,9586,2024,4154,1105,ISS08,Real Property Management Services,Services de gestion des biens immobiliers,934,287,ISS00,651,295,RCMP,Royal Canadian Mounted Police,Gendarmerie royale du Canada,83866825,,,81089145,,,79520270,,,,240,240,240,,dp_resources,2024,0
31621,9627,2024,4155,914,ISS09,Materiel Management Services,Services de gestion du matériel,934,287,ISS00,651,295,RCMP,Royal Canadian Mounted Police,Gendarmerie royale du Canada,21308003,,,21496384,,,21556045,,,,245,245,245,,dp_resources,2024,0
31622,9658,2024,4156,37,ISS0Z,Acquisition Management Services,Services de gestion des acquisitions,934,287,ISS00,651,295,RCMP,Royal Canadian Mounted Police,Gendarmerie royale du Canada,15387994,,,15399470,,,11093449,,,,105,105,105,,dp_resources,2024,0
31625,9084,2024,6565,940,BUH07,Monitoring and Enforcement for Animal Health,Surveillance et application de la loi en matière de santé animale,945,45,BUH00,533,65,CFIA,Canadian Food Inspection Agency,Agence canadienne d’inspection des aliments,66980474,,,61509845,,,61623000,,,,365,331,331,,dp_resources,2024,0
31626,9088,2024,6567,941,BUH11,Monitoring and Enforcement for Food Safety and Consumer Protection,Surveillance et application de la loi en matière de salubrité des aliments et de protection des consommateurs,945,45,BUH00,533,65,CFIA,Canadian Food Inspection Agency,Agence canadienne d’inspection des aliments,270986000,,,263646000,,,259382928,,,,2312,2231,2187,,dp_resources,2024,0
31629,9485,2024,4212,408,ISS05,Financial Management Services,Services de gestion financière,946,46,ISS00,533,65,CFIA,Canadian Food Inspection Agency,Agence canadienne d’inspection des aliments,18880324,,,18206333,,,17869644,,,,146,142,138,,dp_resources,2024,0
31631,9342,2024,4545,691,ISS00,Internal Services,Services internes,962,330,ISS00,1002,140,WDO,Department of Western Economic Diversification,Ministère de la Diversification de l'économie de l'Ouest canadien,13465186,,,13163520,,,12644899,,,,99,99,99,,dp_resources,2024,0
31632,8630,2024,6418,1557,BYM01,Innovation,Innovation,1182,361,BYM00,1002,140,WDO,Department of Western Economic Diversification,Ministère de la Diversification de l'économie de l'Ouest canadien,117559977,,,101295325,,,57028944,,,,93,93,93,,dp_resources,2024,0
31633,8631,2024,6419,1554,BYM02,Business Growth,Croissance des entreprises,1182,361,BYM00,1002,140,WDO,Department of Western Economic Diversification,Ministère de la Diversification de l'économie de l'Ouest canadien,61096219,,,54424203,,,45840237,,,,46,46,46,,dp_resources,2024,0
31634,8632,2024,6420,1555,BYM03,Business Services,Services aux entreprises,1182,361,BYM00,1002,140,WDO,Department of Western Economic Diversification,Ministère de la Diversification de l'économie de l'Ouest canadien,31645333,,,31645333,,,31645333,,,,42,42,42,,dp_resources,2024,0
31635,8633,2024,6421,1556,BYM04,Community Initiatives,Initiatives communautaires,1182,361,BYM00,1002,140,WDO,Department of Western Economic Diversification,Ministère de la Diversification de l'économie de l'Ouest canadien,97569297,,,13403924,,,9324574,,,,40,40,40,,dp_resources,2024,0
31637,9281,2024,6220,872,BWA02,Marine Occurrence Investigations,Enquêtes d'événements maritimes,918,103,BWA00,968,98,CTAIB,Canadian Transportation Accident Investigation and Safety Board,Bureau canadien d'enquête sur les accidents de transport et de la sécurité des transports,7803960,,,7729923,,,7733762,,,,48,47,47,,dp_resources,2024,0
31638,9282,2024,6221,1064,BWA03,Rail Occurrence Investigations,Enquêtes d'événements ferroviaires,918,103,BWA00,968,98,CTAIB,Canadian Transportation Accident Investigation and Safety Board,Bureau canadien d'enquête sur les accidents de transport et de la sécurité des transports,7630652,,,7558259,,,7562013,,,,46,45,45,,dp_resources,2024,0
31639,9283,2024,6222,1032,BWA04,Pipeline Occurrence Investigations,Enquêtes d'événements de pipeline,918,103,BWA00,968,98,CTAIB,Canadian Transportation Accident Investigation and Safety Board,Bureau canadien d'enquête sur les accidents de transport et de la sécurité des transports,861737,,,853561,,,853986,,,,5,5,5,,dp_resources,2024,0
31640,9280,2024,6219,97,BWA01,Aviation Occurrence Investigations,Enquêtes d'événements aéronautiques,918,103,BWA00,968,98,CTAIB,Canadian Transportation Accident Investigation and Safety Board,Bureau canadien d'enquête sur les accidents de transport et de la sécurité des transports,16199129,,,16045445,,,16053414,,,,98,96,96,,dp_resources,2024,0
31641,8845,2024,6841,362,BNN02,Support for Underrepresented Entrepreneurs,Soutien aux entrepreneurs sous-représentés,764,177,BNN00,753,130,ISC,Department of Industry,Ministère de l'Industrie,181492279,,,23708000,,,943695,,,,51,41,41,,dp_resources,2024,0
31642,8846,2024,6846,113,BNN03,Bridging Digital Divides,Combler le fossé numérique,764,177,BNN00,753,130,ISC,Department of Industry,Ministère de l'Industrie,522348683,,,921906238,,,943326251,,,,127,127,106,,dp_resources,2024,0
31643,8847,2024,6831,506,BNO01,Science and Research,Sciences et recherche,765,178,BNO00,753,130,ISC,Department of Industry,Ministère de l'Industrie,969539190,,,761316770,,,728095257,,,,114,113,111,,dp_resources,2024,0
31647,8850,2024,5677,332,BNP04,Economic Outcomes from Procurement,Retombées économiques de l'approvisionnement,766,179,BNP00,753,130,ISC,Department of Industry,Ministère de l'Industrie,11095660,,,11184123,,,10035226,,,,53,53,53,,dp_resources,2024,0
31648,8851,2024,6833,308,BNP05,Digital Service,Services numériques,766,179,BNP00,753,130,ISC,Department of Industry,Ministère de l'Industrie,11557259,,,11595554,,,11607099,,,,60,60,60,,dp_resources,2024,0
31650,8853,2024,6830,178,BNP07,Clean Technology and Clean Growth,Technologies et croissance propres,766,179,BNP00,753,130,ISC,Department of Industry,Ministère de l'Industrie,194933204,,,165683458,,,103085612,,,,19,19,19,,dp_resources,2024,0
31651,8854,2024,6834,658,BNP11,Intellectual Property,Propriété intellectuelle,766,179,BNP00,753,130,ISC,Department of Industry,Ministère de l'Industrie,19397096,,,-4406549,,,-22285780,,,,1198,1210,1221,,dp_resources,2024,0
31652,8855,2024,6832,250,BNP12,Competition Law Enforcement and Promotion,Promotion et application du droit de la concurrence,766,179,BNP00,753,130,ISC,Department of Industry,Ministère de l'Industrie,66572577,,,66418689,,,65620929,,,,409,407,406,,dp_resources,2024,0
31653,8856,2024,6839,1249,BNP16,Tourism,Tourisme,766,179,BNP00,753,130,ISC,Department of Industry,Ministère de l'Industrie,15491662,,,3046010,,,3016654,,,,31,31,31,,dp_resources,2024,0
31654,8857,2024,6837,1232,BNP17,Talent Development,Développement des talents,766,179,BNP00,753,130,ISC,Department of Industry,Ministère de l'Industrie,287703256,,,273614069,,,16278596,,,,26,26,26,,dp_resources,2024,0
31655,8842,2024,4283,119,BNL02,Business Development,Expansion des entreprises,954,85,BNL00,911,86,CNEDA,Canadian Northern Economic Development Agency,Agence canadienne de développement économique du Nord,42308688,,,39305792,,,36321893,,,,62,62,62,,dp_resources,2024,0
31656,9380,2024,3499,851,ISS01,Management and Oversight Services,Services de gestion et de surveillance,767,180,ISS00,753,130,ISC,Department of Industry,Ministère de l'Industrie,54434286,,,55051061,,,54695700,,,,427,424,422,,dp_resources,2024,0
31657,9410,2024,3500,217,ISS02,Communications Services,Services de communication,767,180,ISS00,753,130,ISC,Department of Industry,Ministère de l'Industrie,26571035,,,25715899,,,24579492,,,,204,202,199,,dp_resources,2024,0
31658,9436,2024,3501,796,ISS03,Legal Services,Services juridiques,767,180,ISS00,753,130,ISC,Department of Industry,Ministère de l'Industrie,6604029,,,6467224,,,6309422,,,,12,12,12,,dp_resources,2024,0
31659,9463,2024,3502,532,ISS04,Human Resources Management Services,Services de gestion des ressources humaines,767,180,ISS00,753,130,ISC,Department of Industry,Ministère de l'Industrie,25836785,,,25880407,,,25592448,,,,311,311,311,,dp_resources,2024,0
31660,9496,2024,3503,421,ISS05,Financial Management Services,Services de gestion financière,767,180,ISS00,753,130,ISC,Department of Industry,Ministère de l'Industrie,21781031,,,20771981,,,19534618,,,,172,168,163,,dp_resources,2024,0
31661,9534,2024,3504,593,ISS06,Information Management Services,Services de gestion de l'information,767,180,ISS00,753,130,ISC,Department of Industry,Ministère de l'Industrie,2742158,,,2767988,,,2768923,,,,37,37,37,,dp_resources,2024,0
31662,9551,2024,3505,628,ISS07,Information Technology Services,Services de la technologie de l'information,767,180,ISS00,753,130,ISC,Department of Industry,Ministère de l'Industrie,35210530,,,29246531,,,28091642,,,,394,390,384,,dp_resources,2024,0
31663,9583,2024,3506,1091,ISS08,Real Property Management Services,Services de gestion des biens immobiliers,767,180,ISS00,753,130,ISC,Department of Industry,Ministère de l'Industrie,5952245,,,5901559,,,5902316,,,,55,55,55,,dp_resources,2024,0
31664,9613,2024,3507,900,ISS09,Materiel Management Services,Services de gestion du matériel,767,180,ISS00,753,130,ISC,Department of Industry,Ministère de l'Industrie,607432,,,608597,,,608597,,,,8,8,8,,dp_resources,2024,0
31665,9661,2024,3508,23,ISS0Z,Acquisition Management Services,Services de gestion des acquisitions,767,180,ISS00,753,130,ISC,Department of Industry,Ministère de l'Industrie,2729720,,,2730244,,,2730244,,,,31,31,31,,dp_resources,2024,0
31666,9683,2024,4586,685,ISS00,Internal Services,Services internes,919,104,ISS00,968,98,CTAIB,Canadian Transportation Accident Investigation and Safety Board,Bureau canadien d'enquête sur les accidents de transport et de la sécurité des transports,8123869,,,8046797,,,8050794,,,,52,52,52,,dp_resources,2024,0
31667,8809,2024,6018,176,BGR01,Clean Growth and Climate Change Mitigation,Croissance propre et atténuation des changements climatiques,1199,111,BGR00,960,137,EC,Department of the Environment,Ministère de l'Environnement,393997740,,,372112888,,,375425129,,,,794,726,515,,dp_resources,2024,0
31668,8810,2024,6516,740,BGR02,International Environment and Climate Action,Action internationale sur l’environnement et le climat,1199,111,BGR00,960,137,EC,Department of the Environment,Ministère de l'Environnement,73691062,,,65401004,,,23723272,,,,117,116,94,,dp_resources,2024,0
31669,8811,2024,6515,181,BGR03,Climate Change Adaptation,Adaptation aux changements climatiques,1199,111,BGR00,960,137,EC,Department of the Environment,Ministère de l'Environnement,569188778,,,41582865,,,37107962,,,,209,208,199,,dp_resources,2024,0
31670,8812,2024,6771,65,BGS01,Air Quality,Qualité de l'air,1198,112,BGS00,960,137,EC,Department of the Environment,Ministère de l'Environnement,70951476,,,69449876,,,69468974,,,,416,405,398,,dp_resources,2024,0
31674,8816,2024,5772,254,BGS05,Compliance Promotion and Enforcement - Pollution,Promotion de la conformité et Application de la loi - Pollution,1198,112,BGS00,960,137,EC,Department of the Environment,Ministère de l'Environnement,53191797,,,53623135,,,52204851,,,,326,325,325,,dp_resources,2024,0
31675,8817,2024,6537,1203,BGT01,Species at Risk,Espèces en péril,1195,113,BGT00,960,137,EC,Department of the Environment,Ministère de l'Environnement,181791369,,,186070492,,,45934512,,,,414,414,250,,dp_resources,2024,0
31676,8818,2024,6043,929,BGT02,Migratory Birds and Other Wildlife,Oiseaux migrateurs et autres espèces sauvages,1195,113,BGT00,960,137,EC,Department of the Environment,Ministère de l'Environnement,61223888,,,58268379,,,57603619,,,,315,307,304,,dp_resources,2024,0
31677,8819,2024,7105,486,BGT03,Habitat Conservation and Protection,Conservation et protection des habitats,1195,113,BGT00,960,137,EC,Department of the Environment,Ministère de l'Environnement,433681173,,,410119527,,,199524215,,,,343,339,221,,dp_resources,2024,0
31678,8820,2024,6009,105,BGT04,Biodiversity Policy and Partnerships,Politiques et partenariats sur la biodiversité,1195,113,BGT00,960,137,EC,Department of the Environment,Ministère de l'Environnement,10114954,,,10311142,,,9856508,,,,77,78,74,,dp_resources,2024,0
31679,8821,2024,6042,364,BGT05,Environmental Assessment,Évaluation environnementale,1195,113,BGT00,960,137,EC,Department of the Environment,Ministère de l'Environnement,26082163,,,23482794,,,24498470,,,,142,127,136,,dp_resources,2024,0
31680,8822,2024,5720,255,BGT06,Compliance Promotion and Enforcement - Wildlife,Promotion de la conformité et application de la loi - Faune,1195,113,BGT00,960,137,EC,Department of the Environment,Ministère de l'Environnement,23826998,,,23438753,,,23356899,,,,158,158,158,,dp_resources,2024,0
31681,8823,2024,6616,1288,BGU01,"Weather and Environmental Observations, Forecasts and Warnings","Observations, prévisions et avertissements météorologiques et environnementaux",1251,114,BGU00,960,137,EC,Department of the Environment,Ministère de l'Environnement,221262847,,,217800866,,,212496914,,,,1274,1268,1273,,dp_resources,2024,0
31684,9668,2024,3526,225,ISS12,Communications Services,Services de communication,772,115,ISS10,960,137,EC,Department of the Environment,Ministère de l'Environnement,20552098,,,20525228,,,17951661,,,,166,163,149,,dp_resources,2024,0
31685,9669,2024,3527,804,ISS13,Legal Services,Services juridiques,772,115,ISS10,960,137,EC,Department of the Environment,Ministère de l'Environnement,10271027,,,10201475,,,9609018,,,,12,11,11,,dp_resources,2024,0
31686,9670,2024,3528,540,ISS14,Human Resources Management Services,Services de gestion des ressources humaines,772,115,ISS10,960,137,EC,Department of the Environment,Ministère de l'Environnement,34277196,,,34020127,,,32284214,,,,309,304,293,,dp_resources,2024,0
31687,9671,2024,3529,429,ISS15,Financial Management Services,Services de gestion financière,772,115,ISS10,960,137,EC,Department of the Environment,Ministère de l'Environnement,32858835,,,32215293,,,30386096,,,,246,244,236,,dp_resources,2024,0
31688,9672,2024,3530,601,ISS16,Information Management Services,Services de gestion de l'information,772,115,ISS10,960,137,EC,Department of the Environment,Ministère de l'Environnement,13744281,,,14441064,,,13426489,,,,66,63,61,,dp_resources,2024,0
31689,9673,2024,3531,636,ISS17,Information Technology Services,Services de la technologie de l'information,772,115,ISS10,960,137,EC,Department of the Environment,Ministère de l'Environnement,37655341,,,36648566,,,33726485,,,,328,324,310,,dp_resources,2024,0
31690,9674,2024,3532,1099,ISS18,Real Property Management Services,Services de gestion des biens immobiliers,772,115,ISS10,960,137,EC,Department of the Environment,Ministère de l'Environnement,51809017,,,47023549,,,41905412,,,,133,130,121,,dp_resources,2024,0
31691,9675,2024,3533,908,ISS19,Materiel Management Services,Services de gestion du matériel,772,115,ISS10,960,137,EC,Department of the Environment,Ministère de l'Environnement,3819705,,,3829942,,,3830873,,,,41,40,40,,dp_resources,2024,0
31692,9676,2024,3534,31,ISS1Z,Acquisition Management Services,Services de gestion des acquisitions,772,115,ISS10,960,137,EC,Department of the Environment,Ministère de l'Environnement,5318955,,,5124254,,,4768915,,,,50,48,44,,dp_resources,2024,0
31696,9025,2024,3608,317,BTT02,Dispute Resolution,Règlement des différends,790,101,BTT00,686,99,CTA,Canadian Transportation Agency,Office des transports du Canada,25176025,,,24978551,,,14994280,,,,221,207,165,,dp_resources,2024,0
31698,9346,2024,4550,686,ISS00,Internal Services,Services internes,791,102,ISS00,686,99,CTA,Canadian Transportation Agency,Office des transports du Canada,16155598,,,16028878,,,9621915,,,,105,92,92,,dp_resources,2024,0
31699,9026,2024,3609,306,BTT03,Determinations and Compliance,Déterminations et conformité,790,101,BTT00,686,99,CTA,Canadian Transportation Agency,Office des transports du Canada,14927764,,,14810676,,,8890645,,,,117,114,111,,dp_resources,2024,0
31700,8825,2024,6456,501,BGW01,Heritage Places Establishment,Création de lieux patrimoniaux,994,263,BGW00,880,263,PCA,Parks Canada Agency,Agence Parcs Canada,90798044,,,60765842,,,22887777,,,,199,172,114,,dp_resources,2024,0
31701,8826,2024,4058,500,BGW02,Heritage Places Conservation,Conservation des lieux patrimoniaux,994,263,BGW00,880,263,PCA,Parks Canada Agency,Agence Parcs Canada,400043239,,,309180385,,,190091283,,,,1366,1290,1055,,dp_resources,2024,0
31702,8827,2024,4059,502,BGW03,Heritage Places Promotion and Public Support,Promotion des lieux patrimoniaux et soutien du public,994,263,BGW00,880,263,PCA,Parks Canada Agency,Agence Parcs Canada,73739785,,,68408749,,,66042313,,,,449,433,429,,dp_resources,2024,0
31703,8828,2024,4060,1276,BGW04,Visitor Experience,Expérience du visiteur,994,263,BGW00,880,263,PCA,Parks Canada Agency,Agence Parcs Canada,354923683,,,328322300,,,327321365,,,,2570,2394,2394,,dp_resources,2024,0
31704,8829,2024,4896,499,BGW05,"Heritage Canals, Highways and Townsites Management","Gestion des canaux patrimoniaux, des routes et des lotissements urbains",994,263,BGW00,880,263,PCA,Parks Canada Agency,Agence Parcs Canada,174534681,,,53252570,,,48605970,,,,301,247,247,,dp_resources,2024,0
31705,9370,2024,4062,863,ISS01,Management and Oversight Services,Services de gestion et de surveillance,917,264,ISS00,880,263,PCA,Parks Canada Agency,Agence Parcs Canada,34521482,,,29399880,,,23101521,,,,269,217,189,,dp_resources,2024,0
31706,9397,2024,4063,229,ISS02,Communications Services,Services de communication,917,264,ISS00,880,263,PCA,Parks Canada Agency,Agence Parcs Canada,5956204,,,5290707,,,4697096,,,,48,42,39,,dp_resources,2024,0
31707,9426,2024,4064,808,ISS03,Legal Services,Services juridiques,917,264,ISS00,880,263,PCA,Parks Canada Agency,Agence Parcs Canada,3728554,,,3728528,,,3702627,,,,0,0,0,,dp_resources,2024,0
31708,9476,2024,4065,544,ISS04,Human Resources Management Services,Services de gestion des ressources humaines,917,264,ISS00,880,263,PCA,Parks Canada Agency,Agence Parcs Canada,33293400,,,31994327,,,29248657,,,,352,341,322,,dp_resources,2024,0
31709,9504,2024,4066,433,ISS05,Financial Management Services,Services de gestion financière,917,264,ISS00,880,263,PCA,Parks Canada Agency,Agence Parcs Canada,22756958,,,20288679,,,19180540,,,,188,161,151,,dp_resources,2024,0
31710,9523,2024,4067,605,ISS06,Information Management Services,Services de gestion de l'information,917,264,ISS00,880,263,PCA,Parks Canada Agency,Agence Parcs Canada,6863472,,,6613026,,,5914638,,,,50,49,44,,dp_resources,2024,0
31711,9562,2024,4068,640,ISS07,Information Technology Services,Services de la technologie de l'information,917,264,ISS00,880,263,PCA,Parks Canada Agency,Agence Parcs Canada,11596831,,,10258748,,,9382792,,,,74,73,68,,dp_resources,2024,0
31712,9582,2024,4069,1103,ISS08,Real Property Management Services,Services de gestion des biens immobiliers,917,264,ISS00,880,263,PCA,Parks Canada Agency,Agence Parcs Canada,10272238,,,9126809,,,8175349,,,,91,85,85,,dp_resources,2024,0
31713,9617,2024,4070,912,ISS09,Materiel Management Services,Services de gestion du matériel,917,264,ISS00,880,263,PCA,Parks Canada Agency,Agence Parcs Canada,274738,,,232788,,,62738,,,,1,0,0,,dp_resources,2024,0
31714,9641,2024,4071,35,ISS0Z,Acquisition Management Services,Services de gestion des acquisitions,917,264,ISS00,880,263,PCA,Parks Canada Agency,Agence Parcs Canada,5903659,,,4772701,,,3874561,,,,56,46,43,,dp_resources,2024,0
31715,9339,2024,4546,695,ISS00,Internal Services,Services internes,969,138,ISS00,882,152,FTRAC,Financial Transactions and Reports Analysis Centre of Canada,Centre d’analyse des opérations et déclarations financières du Canada,14880237,,,11378279,,,11196779,,,,70,62,61,,dp_resources,2024,0
31716,9128,2024,5154,252,BUW01,Compliance Program,Programme de conformité,1033,136,BUW00,882,152,FTRAC,Financial Transactions and Reports Analysis Centre of Canada,Centre d’analyse des opérations et déclarations financières du Canada,48376893,,,49135545,,,48672529,,,,267,265,265,,dp_resources,2024,0
31717,9129,2024,5151,1217,BUW02,Strategic Policy and Reviews,Politique stratégique et examens,1033,136,BUW00,882,152,FTRAC,Financial Transactions and Reports Analysis Centre of Canada,Centre d’analyse des opérations et déclarations financières du Canada,984953,,,1000400,,,990973,,,,6,6,6,,dp_resources,2024,0
31719,9131,2024,5536,1216,BUX02,"Strategic Intelligence, Research and Analytics","Renseignements stratégiques, recherche et analyse",968,137,BUX00,882,152,FTRAC,Financial Transactions and Reports Analysis Centre of Canada,Centre d’analyse des opérations et déclarations financières du Canada,5188187,,,3648131,,,3607518,,,,24,22,22,,dp_resources,2024,0
31720,9130,2024,5155,404,BUX01,Financial Intelligence Program,Programme du renseignement financier,968,137,BUX00,882,152,FTRAC,Financial Transactions and Reports Analysis Centre of Canada,Centre d’analyse des opérations et déclarations financières du Canada,39935682,,,28081218,,,27768597,,,,213,193,191,,dp_resources,2024,0
31721,8646,2024,6835,1516,BNP18,Marketplace Protection and Promotion,Protection et promotion du marché,766,179,BNP00,753,130,ISC,Department of Industry,Ministère de l'Industrie,90652927,,,83389758,,,57629629,,,,855,858,758,,dp_resources,2024,0
31722,8849,2024,6840,1226,BNP02,Support  for Small Business,Aide pour les petites entreprises,766,179,BNP00,753,130,ISC,Department of Industry,Ministère de l'Industrie,107673706,,,104872477,,,104925391,,,,67,67,67,,dp_resources,2024,0
31723,8852,2024,5678,1206,BNP06,Spectrum and Telecommunications,Spectre et télécommunications,766,179,BNP00,753,130,ISC,Department of Industry,Ministère de l'Industrie,179717208,,,138041255,,,124545370,,,,800,792,781,,dp_resources,2024,0
31724,8848,2024,6828,653,BNP01,Business Innovation,L’innovation en entreprises,766,179,BNP00,753,130,ISC,Department of Industry,Ministère de l'Industrie,3294361497,,,4702118368,,,5189483729,,,,834,756,749,,dp_resources,2024,0
31725,8603,2024,6395,1543,BUF13,Trade Facilitation and Compliance,Facilitation et conformité des échanges commerciaux,958,22,BUF00,717,26,CBSA,Canada Border Services Agency,Agence des services frontaliers du Canada,64027394,,,64015007,,,62605307,,,,592,600,599,,dp_resources,2024,0
31726,9061,2024,6798,1234,BUF01,Targeting,Ciblage,958,22,BUF00,717,26,CBSA,Canada Border Services Agency,Agence des services frontaliers du Canada,82277320,,,76972146,,,75697730,,,,427,406,407,,dp_resources,2024,0
31727,9062,2024,6326,659,BUF02,Intelligence Collection and Analysis,Collecte et analyse du renseignement,958,22,BUF00,717,26,CBSA,Canada Border Services Agency,Agence des services frontaliers du Canada,111983907,,,111773237,,,109082379,,,,862,869,870,,dp_resources,2024,0
31728,9063,2024,6797,1168,BUF03,Security Screening,Filtrage de sécurité,958,22,BUF00,717,26,CBSA,Canada Border Services Agency,Agence des services frontaliers du Canada,25387166,,,34279391,,,28720948,,,,197,200,201,,dp_resources,2024,0
31729,9064,2024,6804,1266,BUF04,Traveller Facilitation and Compliance,Facilitation de la circulation et conformité des voyageurs,958,22,BUF00,717,26,CBSA,Canada Border Services Agency,Agence des services frontaliers du Canada,682700938,,,634570359,,,627328693,,,,6078,5920,5952,,dp_resources,2024,0
31730,9065,2024,6790,194,BUF05,Commercial Facilitation and Compliance,Facilitation et conformité des opérations commerciales,958,22,BUF00,717,26,CBSA,Canada Border Services Agency,Agence des services frontaliers du Canada,306303748,,,307520963,,,292388690,,,,2634,2607,2590,,dp_resources,2024,0
31731,9066,2024,4307,76,BUF06,Anti-Dumping and Countervailing,Antidumping et compensation,958,22,BUF00,717,26,CBSA,Canada Border Services Agency,Agence des services frontaliers du Canada,10971640,,,11001723,,,10935249,,,,90,91,91,,dp_resources,2024,0
31732,9067,2024,6803,1268,BUF07,Trusted Traveller,Voyageurs fiables,958,22,BUF00,717,26,CBSA,Canada Border Services Agency,Agence des services frontaliers du Canada,9129372,,,9157861,,,8884693,,,,206,209,210,,dp_resources,2024,0
31733,9068,2024,6802,1267,BUF08,Trusted Trader,Négociants fiables,958,22,BUF00,717,26,CBSA,Canada Border Services Agency,Agence des services frontaliers du Canada,22483611,,,26667332,,,17503762,,,,115,116,116,,dp_resources,2024,0
31734,9069,2024,6796,1114,BUF09,Recourse,Recours,958,22,BUF00,717,26,CBSA,Canada Border Services Agency,Agence des services frontaliers du Canada,21473443,,,20893711,,,20731738,,,,134,131,131,,dp_resources,2024,0
31735,9070,2024,4311,456,BUF10,Force Generation,Constitution des forces,958,22,BUF00,717,26,CBSA,Canada Border Services Agency,Agence des services frontaliers du Canada,61925465,,,57168698,,,51727794,,,,357,351,347,,dp_resources,2024,0
31736,9071,2024,4312,115,BUF11,Buildings and Equipment,Immeubles et d'équipements,958,22,BUF00,717,26,CBSA,Canada Border Services Agency,Agence des services frontaliers du Canada,272190005,,,209734886,,,181411697,,,,342,229,184,,dp_resources,2024,0
31737,9072,2024,4400,402,BUF12,Field Technology Support,Support technologique,958,22,BUF00,717,26,CBSA,Canada Border Services Agency,Agence des services frontaliers du Canada,105649383,,,52500121,,,46664682,,,,209,115,116,,dp_resources,2024,0
31738,9073,2024,6787,561,BUG01,Immigration Investigations,Enquêtes en matière d'immigration,959,23,BUG00,717,26,CBSA,Canada Border Services Agency,Agence des services frontaliers du Canada,62632421,,,61658882,,,59416010,,,,557,562,565,,dp_resources,2024,0
31739,9074,2024,6784,305,BUG02,Detentions,Détentions,959,23,BUG00,717,26,CBSA,Canada Border Services Agency,Agence des services frontaliers du Canada,132598669,,,123775802,,,121079839,,,,200,197,198,,dp_resources,2024,0
31740,9075,2024,6785,498,BUG03,Hearings,Audiences,959,23,BUG00,717,26,CBSA,Canada Border Services Agency,Agence des services frontaliers du Canada,49552130,,,46975469,,,45966745,,,,436,421,425,,dp_resources,2024,0
31741,9076,2024,6323,1131,BUG04,Removals,Renvois,959,23,BUG00,717,26,CBSA,Canada Border Services Agency,Agence des services frontaliers du Canada,71785465,,,69247833,,,69312001,,,,389,377,379,,dp_resources,2024,0
31742,9077,2024,6319,285,BUG05,Criminal Investigations,Enquêtes criminelles,959,23,BUG00,717,26,CBSA,Canada Border Services Agency,Agence des services frontaliers du Canada,48793222,,,48327610,,,46483192,,,,429,435,435,,dp_resources,2024,0
31743,9363,2024,4319,836,ISS01,Management and Oversight Services,Services de gestion et de surveillance,960,24,ISS00,717,26,CBSA,Canada Border Services Agency,Agence des services frontaliers du Canada,128401525,,,121166667,,,128298154,,,,788,782,784,,dp_resources,2024,0
31744,9408,2024,4320,202,ISS02,Communications Services,Services de communication,960,24,ISS00,717,26,CBSA,Canada Border Services Agency,Agence des services frontaliers du Canada,14920001,,,14963050,,,14780442,,,,120,121,121,,dp_resources,2024,0
31745,9418,2024,4321,781,ISS03,Legal Services,Services juridiques,960,24,ISS00,717,26,CBSA,Canada Border Services Agency,Agence des services frontaliers du Canada,25061681,,,25437311,,,25473702,,,,13,13,13,,dp_resources,2024,0
31746,9450,2024,4322,517,ISS04,Human Resources Management Services,Services de gestion des ressources humaines,960,24,ISS00,717,26,CBSA,Canada Border Services Agency,Agence des services frontaliers du Canada,74401897,,,72833146,,,71482587,,,,569,566,567,,dp_resources,2024,0
31747,9486,2024,4323,406,ISS05,Financial Management Services,Services de gestion financière,960,24,ISS00,717,26,CBSA,Canada Border Services Agency,Agence des services frontaliers du Canada,61113977,,,60428996,,,61069292,,,,278,265,265,,dp_resources,2024,0
31748,9518,2024,4324,578,ISS06,Information Management Services,Services de gestion de l'information,960,24,ISS00,717,26,CBSA,Canada Border Services Agency,Agence des services frontaliers du Canada,8621785,,,8736481,,,8637524,,,,49,49,49,,dp_resources,2024,0
31749,9570,2024,4325,613,ISS07,Information Technology Services,Services de la technologie de l'information,960,24,ISS00,717,26,CBSA,Canada Border Services Agency,Agence des services frontaliers du Canada,147679609,,,149737572,,,104969650,,,,108,40,16,,dp_resources,2024,0
31750,9587,2024,4326,1076,ISS08,Real Property Management Services,Services de gestion des biens immobiliers,960,24,ISS00,717,26,CBSA,Canada Border Services Agency,Agence des services frontaliers du Canada,21799544,,,19975001,,,19715875,,,,115,117,117,,dp_resources,2024,0
31751,9632,2024,4327,885,ISS09,Materiel Management Services,Services de gestion du matériel,960,24,ISS00,717,26,CBSA,Canada Border Services Agency,Agence des services frontaliers du Canada,13423044,,,13359404,,,13345321,,,,34,35,35,,dp_resources,2024,0
31752,9655,2024,4328,8,ISS0Z,Acquisition Management Services,Services de gestion des acquisitions,960,24,ISS00,717,26,CBSA,Canada Border Services Agency,Agence des services frontaliers du Canada,12318000,,,12388754,,,7771734,,,,44,44,44,,dp_resources,2024,0
31754,8628,2024,6414,1550,BYL02,Regional Innovation Ecosystem,Écosystème régional de l’innovation,1179,360,BYL00,947,561,FEDNO,Federal Economic Development Agency for Northern Ontario,Agence fédérale de développement économique pour le Nord de l’Ontario,4913979,,,7695956,,,7676410,,,,8,8,8,,dp_resources,2024,0
31755,8629,2024,6415,1549,BYL03,Community Economic Development and Diversification,Développement et diversification économiques des collectivités,1179,360,BYL00,947,561,FEDNO,Federal Economic Development Agency for Northern Ontario,Agence fédérale de développement économique pour le Nord de l’Ontario,21729754,,,21716635,,,20261111,,,,32,32,32,,dp_resources,2024,0
31756,8627,2024,6413,1548,BYL01,Business Development,Développement des affaires,1179,360,BYL00,947,561,FEDNO,Federal Economic Development Agency for Northern Ontario,Agence fédérale de développement économique pour le Nord de l’Ontario,23985451,,,26006699,,,25305781,,,,38,38,38,,dp_resources,2024,0
31757,9254,2024,5521,1175,BWW01,Senior Personnel and Public Service Renewal,Personnel supérieur et renouvellement de la fonction publique,783,267,BWW00,714,278,PCO,Privy Council Office,Bureau du Conseil privé,14102442,,,13047861,,,12944771,,,,96,89,88,,dp_resources,2024,0
31758,9255,2024,3589,735,BWW02,International Affairs and National Security,Affaires internationales et sécurité nationale,783,267,BWW00,714,278,PCO,Privy Council Office,Bureau du Conseil privé,21555969,,,20955689,,,20223035,,,,131,128,123,,dp_resources,2024,0
31760,9257,2024,5523,196,BWW04,Commissions of Inquiry,Commissions d'enquête,783,267,BWW00,714,278,PCO,Privy Council Office,Bureau du Conseil privé,22986106,,,1960351,,,0,,,,13,0,0,,dp_resources,2024,0
31761,9258,2024,3593,818,BWW06,Legislative and Parliamentary Governance,Gouvernance législative et parlementaire,783,267,BWW00,714,278,PCO,Privy Council Office,Bureau du Conseil privé,10695007,,,10701874,,,10617803,,,,67,66,65,,dp_resources,2024,0
31763,9260,2024,3595,662,BWW08,Intergovernmental Affairs,Affaires intergouvernementales,783,267,BWW00,714,278,PCO,Privy Council Office,Bureau du Conseil privé,11360513,,,11245234,,,11143507,,,,60,59,58,,dp_resources,2024,0
31764,9261,2024,3596,1193,BWW09,Social and Economic Policy,Politique économique et sociale,783,267,BWW00,714,278,PCO,Privy Council Office,Bureau du Conseil privé,11326450,,,10857511,,,10700617,,,,82,82,81,,dp_resources,2024,0
31765,9323,2024,4552,723,ISS00,Internal Services,Services internes,784,268,ISS00,714,278,PCO,Privy Council Office,Bureau du Conseil privé,99961878,,,96833281,,,96356377,,,,582,571,567,,dp_resources,2024,0
31781,8815,2024,6528,1223,BGS04,Substances and Waste Management,Gestion des substances et des déchets,1198,112,BGS00,960,137,EC,Department of the Environment,Ministère de l'Environnement,230060209,,,197661456,,,193961064,,,,1148,1097,1098,,dp_resources,2024,0
31783,8824,2024,7106,557,BGU02,Hydrological Services,Services hydrologiques,1251,114,BGU00,960,137,EC,Department of the Environment,Ministère de l'Environnement,50396022,,,44658026,,,43621001,,,,365,365,365,,dp_resources,2024,0
31784,9667,2024,3525,859,ISS11,Management and Oversight Services,Services de gestion et de surveillance,772,115,ISS10,960,137,EC,Department of the Environment,Ministère de l'Environnement,53464711,,,52454299,,,51765283,,,,485,471,465,,dp_resources,2024,0
31787,8814,2024,7108,239,BGS03,Community Eco-Action,ÉcoAction communautaire,1198,112,BGS00,960,137,EC,Department of the Environment,Ministère de l'Environnement,27729603,,,12343715,,,12238651,,,,45,42,43,,dp_resources,2024,0
31788,9256,2024,3590,1033,BWW03,Planning and Operation of Cabinet,Planification et Opérations du Cabinet,783,267,BWW00,714,278,PCO,Privy Council Office,Bureau du Conseil privé,46067627,,,46244353,,,46050826,,,,292,290,288,,dp_resources,2024,0
31789,9259,2024,3594,1143,BWW07,"Results, Delivery, Impact and Innovation","Résultats, livraison, impact et innovation",783,267,BWW00,714,278,PCO,Privy Council Office,Bureau du Conseil privé,5294594,,,5062315,,,4679498,,,,31,30,29,,dp_resources,2024,0
31790,9155,2024,3838,1150,BVN01,Risk Assessment and Intervention - Federally Regulated Financial Institutions,Évaluation des risques et prise de mesures – Institutions financières fédérales,870,259,BVN00,1003,253,OSFI,Office of the Superintendent of Financial Institutions,Bureau du surintendant des institutions financières,133930652,,,147706291,,,148816732,,,,596,597,599,,dp_resources,2024,0
31791,9156,2024,3839,1125,BVN02,Regulation and Guidance of Federally Regulated Financial Institutions,Réglementation et établissement de consigne à l'intention des Institutions financières fédérales,870,259,BVN00,1003,253,OSFI,Office of the Superintendent of Financial Institutions,Bureau du surintendant des institutions financières,36385632,,,37781603,,,38274858,,,,166,164,163,,dp_resources,2024,0
31792,9157,2024,3840,1126,BVN03,Regulatory Approvals and Legislative Precedents,Approbations réglementaires et précédents législatifs,870,259,BVN00,1003,253,OSFI,Office of the Superintendent of Financial Institutions,Bureau du surintendant des institutions financières,5321656,,,5459389,,,5515814,,,,25,25,25,,dp_resources,2024,0
31793,9158,2024,3841,399,BVN04,Federally Regulated Private Pension Plans,Régimes de retraite privés fédéraux,870,259,BVN00,1003,253,OSFI,Office of the Superintendent of Financial Institutions,Bureau du surintendant des institutions financières,9671991,,,6396388,,,6540009,,,,24,23,22,,dp_resources,2024,0
31794,9159,2024,3842,45,BVO01,Actuarial Valuation and Advice,Évaluation actuarielle et conseils,871,260,BVO00,1003,253,OSFI,Office of the Superintendent of Financial Institutions,Bureau du surintendant des institutions financières,12530230,,,13535414,,,13690292,,,,57,58,58,,dp_resources,2024,0
31795,9345,2024,4571,720,ISS00,Internal Services,Services internes,872,261,ISS00,1003,253,OSFI,Office of the Superintendent of Financial Institutions,Bureau du surintendant des institutions financières,124097700,,,123151724,,,124584147,,,,430,436,431,,dp_resources,2024,0
31796,8607,2024,6642,1589,BUT02,"Research, Policy and Education","Recherche, politique et éducation",1192,120,BUT00,704,151,FCAC,Financial Consumer Agency of Canada,Agence de la consommation en matière financière du Canada,9645519.7,,,10422700.07,,,10612987.67,,,,48,48,48,,dp_resources,2024,0
31797,9116,2024,6643,1224,BUT01,Supervision and Enforcement,Surveillance et mise en application,1192,120,BUT00,704,151,FCAC,Financial Consumer Agency of Canada,Agence de la consommation en matière financière du Canada,15704157.97,,,16366219.83,,,16904293.23,,,,86,86,86,,dp_resources,2024,0
31798,9353,2024,4608,1407,ISS00,Internal Services,Services internes,122,122,ISS00,704,151,FCAC,Financial Consumer Agency of Canada,Agence de la consommation en matière financière du Canada,38473537.16,,,41869620.92,,,43004958.22,,,,125,125,125,,dp_resources,2024,0
33089,9715,2024,7301,1649,ISS50,Internal Services,Services internes,1268,378,ISS50,991,296,ERC,Royal Canadian Mounted Police External Review Committee,Comité externe d’examen de la Gendarmerie royale du Canada,1908094,,,1908836,,,1908836,,,,9,9,9,,dp_resources,2024,0
31786,9710,2024,7273,1647,BGS06,Canada Water Agency,Agence canadienne de l’eau,1198,112,BGS00,960,137,EC,Department of the Environment,Ministère de l'Environnement,70007981,,,83849562,,,78805484,,,,226,222,220,,dp_resources,2024,1
