,service_id,org_id,fiscal_yr,service_name_en,program_id,program_name_en,department_en,planned_spending_2024-25,planned_spending_2025-26,planned_spending_2026-27
0,3596,539,2023-2024,ATSSC General Inquiries,ISSA2,'Communications Services',Administrative Tribunals Support Service of Canada,0.0,0.0,0.0
1,3597,539,2023-2024,ATSSC Registry Services,BEE01,'Registry Services',Administrative Tribunals Support Service of Canada,12696402.0,12039827.0,12080672.0
2,3598,539,2023-2024,Access to Information and Privacy,ISS02,'Communications Services',Administrative Tribunals Support Service of Canada,0.0,0.0,0.0
3,2224,1,2023-2024,AAFC Contact Centre,BWN02,'Sector Engagement and Development',Agriculture and Agri-Food Canada,51621242.0,39616694.0,39425257.0
4,SRV03054,1,2023-2024,African Swine Fever Industry Preparedness Program: Prevention and Preparedness Stream,BWP13,'African Swine Fever Response',Agriculture and Agri-Food Canada,3500000.0,0.0,0.0
5,SRV03055,1,2023-2024,African Swine Fever Industry Preparedness Program: Welfare Slaughter and Disposal Stream,BWP13,'African Swine Fever Response',Agriculture and Agri-Food Canada,3500000.0,0.0,0.0
6,136,1,2023-2024,AgriAssurance: National Industry Association Component,BWP09,'Assurance Program',Agriculture and Agri-Food Canada,14861088.0,14861088.0,14861088.0
7,158,1,2023-2024,AgriAssurance: Small and Medium-sized Enterprise,BWP09,'Assurance Program',Agriculture and Agri-Food Canada,14861088.0,14861088.0,14861088.0
8,SRV03056,1,2023-2024,AgriCommunication,BWN09,'Food Policy Initiatives',Agriculture and Agri-Food Canada,0.0,0.0,0.0
9,144,1,2023-2024,AgriCompetitiveness,BWN02,'Sector Engagement and Development',Agriculture and Agri-Food Canada,51621242.0,39616694.0,39425257.0
10,1984,1,2023-2024,Agricultural Clean Technology Program: Adoption Stream,BWO01,'Foundational Science and Research',Agriculture and Agri-Food Canada,373074790.0,370656473.0,368136849.0
11,SRV03057,1,2023-2024,Agricultural Clean Technology:Research and Innovation Stream,BWO01,'Foundational Science and Research',Agriculture and Agri-Food Canada,373074790.0,370656473.0,368136849.0
12,SRV02745,1,2023-2024,Agriculture Climate Solutions,BWO04,'Environment and Climate Change Programs',Agriculture and Agri-Food Canada,244852628.0,241631991.0,154216523.0
13,161,1,2023-2024,AgriDiversity,BWN02,'Sector Engagement and Development',Agriculture and Agri-Food Canada,51621242.0,39616694.0,39425257.0
14,139,1,2023-2024,AgriInnovate Program,BWO03,'AgriInnovate',Agriculture and Agri-Food Canada,20456733.0,20456733.0,13617732.0
15,133,1,2023-2024,AgriInvest,BWP02,'AgriInvest',Agriculture and Agri-Food Canada,191132128.0,191132128.0,191132128.0
16,137,1,2023-2024,AgriMarketing Program: National Industry Association,BWN01,'Trade and Market Expansion',Agriculture and Agri-Food Canada,55423192.0,55731994.0,55537114.0
17,138,1,2023-2024,AgriScience Program: Projects,BWO02,'AgriScience',Agriculture and Agri-Food Canada,89462791.0,89140326.0,88523941.0
18,134,1,2023-2024,AgriStability,BWP01,'AgriStability',Agriculture and Agri-Food Canada,411758778.0,411758778.0,411758778.0
19,152,1,2023-2024,Canada Brand,BWN01,'Trade and Market Expansion',Agriculture and Agri-Food Canada,55423192.0,55731994.0,55537114.0
20,148,1,2023-2024,Canada Pavilion Program,BWN01,'Trade and Market Expansion',Agriculture and Agri-Food Canada,55423192.0,55731994.0,55537114.0
21,146,1,2023-2024,Canadian Agricultural Strategic Priorities Program,BWO05,'Canadian Agricultural Strategic Priorities Program',Agriculture and Agri-Food Canada,8389798.0,8374445.0,8375004.0
22,127,1,2023-2024,Canadian Soil Information Services (CanSIS),BWO01,'Foundational Science and Research',Agriculture and Agri-Food Canada,373074790.0,370656473.0,368136849.0
23,125,1,2023-2024,Domestic Statistics and Market Information Web,BWN02,'Sector Engagement and Development',Agriculture and Agri-Food Canada,51621242.0,39616694.0,39425257.0
24,130,1,2023-2024,Drought Watch,BWO01,'Foundational Science and Research',Agriculture and Agri-Food Canada,373074790.0,370656473.0,368136849.0
25,135,1,2023-2024,Farm Debt Mediation Service,BWP07,'Farm Debt Mediation Service',Agriculture and Agri-Food Canada,2468333.0,2472374.0,2472325.0
26,2223,1,2023-2024,Food Waste Reduction Challenge,BWN09,'Food Policy Initiatives',Agriculture and Agri-Food Canada,0.0,0.0,0.0
27,129,1,2023-2024,Geospatial,BWO01,'Foundational Science and Research',Agriculture and Agri-Food Canada,373074790.0,370656473.0,368136849.0
28,1985,1,2023-2024,Local Food Infrastructure Fund,BWN02,'Sector Engagement and Development',Agriculture and Agri-Food Canada,51621242.0,39616694.0,39425257.0
29,150,1,2023-2024,Market Access Single Window,BWN01,'Trade and Market Expansion',Agriculture and Agri-Food Canada,55423192.0,55731994.0,55537114.0
30,SRV02746,1,2023-2024,Market Development Program for Turkey and Chicken,BWN04,'Supply Management Initiatives',Agriculture and Agri-Food Canada,501120588.0,511936310.0,406760850.0
31,149,1,2023-2024,Market Intelligence and Information Service,BWN01,'Trade and Market Expansion',Agriculture and Agri-Food Canada,55423192.0,55731994.0,55537114.0
32,131,1,2023-2024,Office of Intellectual Property and Commercialization,BWO01,'Foundational Science and Research',Agriculture and Agri-Food Canada,373074790.0,370656473.0,368136849.0
33,132,1,2023-2024,Saint-Hyacinthe Research and Development Centre's Industrial Program,BWO01,'Foundational Science and Research',Agriculture and Agri-Food Canada,373074790.0,370656473.0,368136849.0
34,SRV02748,1,2023-2024,Supply Management Processing Investment Fund,BWN04,'Supply Management Initiatives',Agriculture and Agri-Food Canada,501120588.0,511936310.0,406760850.0
35,SRV02747,1,2023-2024,The Poultry and Egg-On Farm Investment Program,BWN04,'Supply Management Initiatives',Agriculture and Agri-Food Canada,501120588.0,511936310.0,406760850.0
36,SRV03058,1,2023-2024,Wine Sector Support Program,BWN02,'Sector Engagement and Development',Agriculture and Agri-Food Canada,51621242.0,39616694.0,39425257.0
37,145,1,2023-2024,Youth Employment and Skills Program,BWN02,'Sector Engagement and Development',Agriculture and Agri-Food Canada,51621242.0,39616694.0,39425257.0
38,716,12,2023-2024,Business Information Services,"BED01,BED02,BED03,BED04,BED05,BED06,BED07","'Inclusive Communities', 'Diversified Communities', 'Research and Development and Commercialization', 'Innovation Ecosystem', 'Business Growth', 'Trade and Investment', 'Policy Research and Engagement'",Atlantic Canada Opportunities Agency,357057686.0,313056667.0,221582508.0
39,3685,12,2023-2024,Grants and Contributions Programs,"BED01,BED02,BED03,BED04,BED05,BED06,BED07","'Inclusive Communities', 'Diversified Communities', 'Research and Development and Commercialization', 'Innovation Ecosystem', 'Business Growth', 'Trade and Investment', 'Policy Research and Engagement'",Atlantic Canada Opportunities Agency,357057686.0,313056667.0,221582508.0
40,717,12,2023-2024,Public Inquiries,"BED01,BED02,BED03,BED04,BED05,BED06,BED07","'Inclusive Communities', 'Diversified Communities', 'Research and Development and Commercialization', 'Innovation Ecosystem', 'Business Growth', 'Trade and Investment', 'Policy Research and Engagement'",Atlantic Canada Opportunities Agency,357057686.0,313056667.0,221582508.0
41,718,12,2023-2024,Provision of Information  - Access to Information,"BED01,BED02,BED03,BED04,BED05,BED06,BED07","'Inclusive Communities', 'Diversified Communities', 'Research and Development and Commercialization', 'Innovation Ecosystem', 'Business Growth', 'Trade and Investment', 'Policy Research and Engagement'",Atlantic Canada Opportunities Agency,357057686.0,313056667.0,221582508.0
42,669,26,2023-2024,Traveller Processing,BUF04,'Traveller Facilitation and Compliance',Canada Border Services Agency,682700938.0,634570359.0,627328693.0
43,679,26,2023-2024,Border Information Service (BIS),BUF04,'Traveller Facilitation and Compliance',Canada Border Services Agency,682700938.0,634570359.0,627328693.0
44,1548,26,2023-2024,International Events and Convention Services Program (IECSP),BUF04,'Traveller Facilitation and Compliance',Canada Border Services Agency,682700938.0,634570359.0,627328693.0
45,673,26,2023-2024,Immigration Secondary (Temporary Resident Program) Visitor,BUF04,'Traveller Facilitation and Compliance',Canada Border Services Agency,682700938.0,634570359.0,627328693.0
46,674,26,2023-2024,Immigration Secondary - (Temporary Resident Program) Work Permit,BUF04,'Traveller Facilitation and Compliance',Canada Border Services Agency,682700938.0,634570359.0,627328693.0
47,675,26,2023-2024,Immigration Secondary (Temporary Resident Program) Study Permit,BUF04,'Traveller Facilitation and Compliance',Canada Border Services Agency,682700938.0,634570359.0,627328693.0
48,676,26,2023-2024,Immigration Secondary - (Temporary Resident Program) Temporary Resident Permit,BUF04,'Traveller Facilitation and Compliance',Canada Border Services Agency,682700938.0,634570359.0,627328693.0
49,678,26,2023-2024,Refugee Claims,BUF04,'Traveller Facilitation and Compliance',Canada Border Services Agency,682700938.0,634570359.0,627328693.0
50,680,26,2023-2024,Customs Special Services,BUF05,'Commercial Facilitation and Compliance',Canada Border Services Agency,306303748.0,307520963.0,292388690.0
51,719,26,2023-2024,Carrier Code Application,BUF05,'Commercial Facilitation and Compliance',Canada Border Services Agency,306303748.0,307520963.0,292388690.0
52,720,26,2023-2024,Courier Low Value Shipments (CLVS) Program Application,BUF05,'Commercial Facilitation and Compliance',Canada Border Services Agency,306303748.0,307520963.0,292388690.0
53,724,26,2023-2024,Request for Assistance Application for Intellectual Property Rights (IPR),BUF05,'Commercial Facilitation and Compliance',Canada Border Services Agency,306303748.0,307520963.0,292388690.0
54,728,26,2023-2024,"Commercial Processing (highway, air, rail, marine, postal and courier)",BUF05,'Commercial Facilitation and Compliance',Canada Border Services Agency,306303748.0,307520963.0,292388690.0
55,723,26,2023-2024,Cultural Property Export Permits,BUF05,'Commercial Facilitation and Compliance',Canada Border Services Agency,306303748.0,307520963.0,292388690.0
56,755,26,2023-2024,Electronic Data Interchange (EDI) - Application and Testing Process,BUF05,'Commercial Facilitation and Compliance',Canada Border Services Agency,306303748.0,307520963.0,292388690.0
57,731,26,2023-2024,Customs Bonded Warehouse Licence Application,BUF13,'Trade Facilitation and Compliance',Canada Border Services Agency,64027394.0,64015007.0,62605307.0
58,741,26,2023-2024,Duty Free Shop Licence Application,BUF13,'Trade Facilitation and Compliance',Canada Border Services Agency,64027394.0,64015007.0,62605307.0
59,733,26,2023-2024,Customs Sufferance Warehouse License Application,BUF13,'Trade Facilitation and Compliance',Canada Border Services Agency,64027394.0,64015007.0,62605307.0
60,737,26,2023-2024,Release Prior to Payment Privilege,BUF13,'Trade Facilitation and Compliance',Canada Border Services Agency,64027394.0,64015007.0,62605307.0
61,734,26,2023-2024,Customs Broker Professional Examination and Customs Broker Licencing,BUF13,'Trade Facilitation and Compliance',Canada Border Services Agency,64027394.0,64015007.0,62605307.0
62,742,26,2023-2024,Coasting Trade License (CTL) Application,BUF13,'Trade Facilitation and Compliance',Canada Border Services Agency,64027394.0,64015007.0,62605307.0
63,745,26,2023-2024,Advance Rulings and National Customs Rulings,BUF13,'Trade Facilitation and Compliance',Canada Border Services Agency,64027394.0,64015007.0,62605307.0
64,740,26,2023-2024,Duties Relief Program Application,BUF13,'Trade Facilitation and Compliance',Canada Border Services Agency,64027394.0,64015007.0,62605307.0
65,743,26,2023-2024,Casual Refunds,BUF13,'Trade Facilitation and Compliance',Canada Border Services Agency,64027394.0,64015007.0,62605307.0
66,744,26,2023-2024,B2 Commercial Adjustments,BUF13,'Trade Facilitation and Compliance',Canada Border Services Agency,64027394.0,64015007.0,62605307.0
67,746,26,2023-2024,Drawback Claims,BUF13,'Trade Facilitation and Compliance',Canada Border Services Agency,64027394.0,64015007.0,62605307.0
68,667,26,2023-2024,Free and Secure Trade Program (FAST) Driver Application,BUF07,'Trusted Traveller',Canada Border Services Agency,9129372.0,9157861.0,8884693.0
69,668,26,2023-2024,Commercial Driver Registration Program (CDRP) Application,BUF07,'Trusted Traveller',Canada Border Services Agency,9129372.0,9157861.0,8884693.0
70,664,26,2023-2024,NEXUS Program Application,BUF07,'Trusted Traveller',Canada Border Services Agency,9129372.0,9157861.0,8884693.0
71,666,26,2023-2024,Remote Area Border Crossing (RABC) Permit Application,BUF07,'Trusted Traveller',Canada Border Services Agency,9129372.0,9157861.0,8884693.0
72,665,26,2023-2024,CANPASS Suite of Programs Application,BUF07,'Trusted Traveller',Canada Border Services Agency,9129372.0,9157861.0,8884693.0
73,721,26,2023-2024,Partners in Protection Program Membership Application Processing,BUF08,'Trusted Trader',Canada Border Services Agency,22483611.0,26667332.0,17503762.0
74,749,26,2023-2024,Enforcement and Appeals Litigation,BUF09,'Recourse',Canada Border Services Agency,21473443.0,20893711.0,20731738.0
75,750,26,2023-2024,Trade Appeals and Litigation,BUF09,'Recourse',Canada Border Services Agency,21473443.0,20893711.0,20731738.0
76,748,26,2023-2024,Feedback Mechanism,BUF09,'Recourse',Canada Border Services Agency,21473443.0,20893711.0,20731738.0
77,SRV03391,26,2023-2024,Immigration Detentions,BUG02,'Detentions',Canada Border Services Agency,132598669.0,123775802.0,121079839.0
78,SRV03393,26,2023-2024,Immigration Hearings Representation,BUG03,'Hearings',Canada Border Services Agency,49552130.0,46975469.0,45966745.0
79,SRV03394,26,2023-2024,Removal,BUG04,'Removals',Canada Border Services Agency,71785465.0,69247833.0,69312001.0
80,SRV03395,26,2023-2024,Immigration Investigations,BUG01,'Immigration Investigations',Canada Border Services Agency,62632421.0,61658882.0,59416010.0
81,SRV03396,26,2023-2024,Immigration National Security Screening,BUF03,'Security Screening',Canada Border Services Agency,25387166.0,34279391.0,28720948.0
82,SRV03399,26,2023-2024,Criminal Investigations,BUG05,'Criminal Investigations',Canada Border Services Agency,48793222.0,48327610.0,46483192.0
83,851,141,2023-2024,Grant and contribution programs,"BLL01,BLL02,BLL03,BLL04","'Business innovation and growth', 'Vitality of communities', 'Targeted or temporary support', 'Regional Innovation'",Canada Economic Development for Quebec Regions,293604291.0,287612733.0,192652361.0
84,3585,141,2023-2024,Business Information Services,"BLL01,BLL02,BLL03,BLL04","'Business innovation and growth', 'Vitality of communities', 'Targeted or temporary support', 'Regional Innovation'",Canada Economic Development for Quebec Regions,293604291.0,287612733.0,192652361.0
85,849,141,2023-2024,Media Relations,ISS02,'Communications Services',Canada Economic Development for Quebec Regions,0.0,0.0,0.0
86,315,221,2023-2024,Access to Information Requests,ISS06,'Information Management Services',Canada Energy Regulator,0.0,0.0,0.0
87,2014,221,2023-2024,Canada Energy Regulator Financial Audit of Regulated Companies.,BXT01,'Company Performance',Canada Energy Regulator,12881630.0,12315462.0,12218141.0
88,2013,221,2023-2024,Canada Energy Regulator Management System Audits of Regulated Companies,BXT02,'Management System and Industry Performance',Canada Energy Regulator,5302388.0,5169856.0,5143220.0
89,293,221,2023-2024,Electricity Export Permits,BXY01,"'Infrastructure, Tolls and Export Applications'",Canada Energy Regulator,28730875.0,26012094.0,25836695.0
90,292,221,2023-2024,Export Authorizations,BXY01,"'Infrastructure, Tolls and Export Applications'",Canada Energy Regulator,28730875.0,26012094.0,25836695.0
91,291,221,2023-2024,Hearing Recommendations/Decisions,BXY01,"'Infrastructure, Tolls and Export Applications'",Canada Energy Regulator,28730875.0,26012094.0,25836695.0
92,290,221,2023-2024,Processing Applications for Long-term Export License,BXY01,"'Infrastructure, Tolls and Export Applications'",Canada Energy Regulator,28730875.0,26012094.0,25836695.0
93,299,221,2023-2024,Processing Canada Oil and Gas Operations Act Applications,BXY01,"'Infrastructure, Tolls and Export Applications'",Canada Energy Regulator,28730875.0,26012094.0,25836695.0
94,304,221,2023-2024,Processing Canada Petroleum Resources Act Applications,BXY01,"'Infrastructure, Tolls and Export Applications'",Canada Energy Regulator,28730875.0,26012094.0,25836695.0
95,296,221,2023-2024,Processing Landowner Complaints,BXY01,"'Infrastructure, Tolls and Export Applications'",Canada Energy Regulator,28730875.0,26012094.0,25836695.0
96,309,221,2023-2024,Processing Participant Funding Requests,BXY02,'Participant Funding',Canada Energy Regulator,0.0,0.0,0.0
97,314,221,2023-2024,Responding to Library Requests,ISSA6,'Information Management Services',Canada Energy Regulator,0.0,0.0,0.0
98,2023,221,2023-2024,"Processing Applications under the Canadian Energy Regulator Act, sections 183, 2",BXY01,"'Infrastructure, Tolls and Export Applications'",Canada Energy Regulator,28730875.0,26012094.0,25836695.0
99,294,221,2023-2024,Processing Non-hearing Applications under the Canadian Energy Regulator Act S214,BXY01,"'Infrastructure, Tolls and Export Applications'",Canada Energy Regulator,28730875.0,26012094.0,25836695.0
100,1113,46,2023-2024,Formal Review Request (Objections),BRA06,'Objections and Appeals',Canada Revenue Agency,343196213.0,332749644.0,322374354.0
101,1110,46,2023-2024,Advanced Canada workers benefit (ACWB),BRB01,'Benefits',Canada Revenue Agency,12294047102.0,13026627344.0,14863904258.0
102,1098,46,2023-2024,Authorize a Representative,BRA01,'Tax Services and Processing',Canada Revenue Agency,1008021111.0,989629050.0,936995005.0
103,1116,46,2023-2024,Business Number (BN) Registration,BRA01,'Tax Services and Processing',Canada Revenue Agency,1008021111.0,989629050.0,936995005.0
104,1141,46,2023-2024,Business Enquiries (Contact Centre),BRA01,'Tax Services and Processing',Canada Revenue Agency,1008021111.0,989629050.0,936995005.0
105,1143,46,2023-2024,Benefit Enquiries (Contact Centre),BRB01,'Benefits',Canada Revenue Agency,12294047102.0,13026627344.0,14863904258.0
106,3727,46,2023-2024,"Canada Dental Benefit (CDB)To note: The interim Canada Dental Benefit ended on June 30, 2024.",BRB01,'Benefits',Canada Revenue Agency,12294047102.0,13026627344.0,14863904258.0
107,1107,46,2023-2024,Canada child benefit (CCB)  applications,BRB01,'Benefits',Canada Revenue Agency,12294047102.0,13026627344.0,14863904258.0
108,1109,46,2023-2024,Children's Special Allowances (CSA)  applications,BRB01,'Benefits',Canada Revenue Agency,12294047102.0,13026627344.0,14863904258.0
109,3728,46,2023-2024,Canada Carbon Rebate (previously known as the Climate action incentive payment),BRB01,'Benefits',Canada Revenue Agency,12294047102.0,13026627344.0,14863904258.0
110,3729,46,2023-2024,Community Volunteer Income Tax Program,"BRA02,BRB01","'Returns Compliance', 'Benefits'",Canada Revenue Agency,12752413610.0,13470366191.0,15302152497.0
111,1146,46,2023-2024,Disability Tax Credit,BRB01,'Benefits',Canada Revenue Agency,12294047102.0,13026627344.0,14863904258.0
112,1102,46,2023-2024,"Excise Duty, Excise Tax,  Air Travellers Security Charge, and Fuel Charge returns",BRB01,'Benefits',Canada Revenue Agency,12294047102.0,13026627344.0,14863904258.0
113,1108,46,2023-2024,Tax Credit Application,BRA01,'Tax Services and Processing',Canada Revenue Agency,1008021111.0,989629050.0,936995005.0
114,1099,46,2023-2024,GST/HST Returns,BRA01,'Tax Services and Processing',Canada Revenue Agency,1008021111.0,989629050.0,936995005.0
115,1097,46,2023-2024,Individual Income Tax Returns,BRA01,'Tax Services and Processing',Canada Revenue Agency,1008021111.0,989629050.0,936995005.0
116,1139,46,2023-2024,Individual Tax Enquiries (Contact Centre),BRA01,'Tax Services and Processing',Canada Revenue Agency,1008021111.0,989629050.0,936995005.0
117,3725,46,2023-2024,Luxury Tax and Information Return Filing,BRA01,'Tax Services and Processing',Canada Revenue Agency,1008021111.0,989629050.0,936995005.0
118,3723,46,2023-2024,Luxury Tax Rebate Applications,BRA01,'Tax Services and Processing',Canada Revenue Agency,1008021111.0,989629050.0,936995005.0
119,3722,46,2023-2024,"One-time top-up to the Canada Housing Benefit (OTCHB)The last day to apply for the one-time top-up to the Canada Housing Benefit was March 31, 2023.",BRB01,'Benefits',Canada Revenue Agency,12294047102.0,13026627344.0,14863904258.0
120,1106,46,2023-2024,Partnership Information Returns,BRA01,'Tax Services and Processing',Canada Revenue Agency,1008021111.0,989629050.0,936995005.0
121,1111,46,2023-2024,Provincial and territorial tax credit payments,BRB01,'Benefits',Canada Revenue Agency,12294047102.0,13026627344.0,14863904258.0
122,1112,46,2023-2024,Provincial and territorial child benefit program payments,BRB01,'Benefits',Canada Revenue Agency,12294047102.0,13026627344.0,14863904258.0
123,1101,46,2023-2024,T2 Corporation Income Tax Returns,BRA01,'Tax Services and Processing',Canada Revenue Agency,1008021111.0,989629050.0,936995005.0
124,1115,46,2023-2024,Trust Income Tax Returns,BRA01,'Tax Services and Processing',Canada Revenue Agency,1008021111.0,989629050.0,936995005.0
125,SRV02824,46,2023-2024,Canadian film or video production tax credit (CPTC) and film or video production services tax credit (PSTC) – Claims selected for an audit,BRA02,'Returns Compliance',Canada Revenue Agency,458366508.0,443738847.0,438248239.0
126,3721,46,2023-2024,Clearance Certificate Requests,BRA02,'Returns Compliance',Canada Revenue Agency,458366508.0,443738847.0,438248239.0
127,3726,46,2023-2024,Liaison Officer Service,BRA04,'Domestic Compliance',Canada Revenue Agency,0.0,0.0,0.0
128,SRV02822,46,2023-2024,Scientific Research and Experimental Development (SR&ED) Tax Credits – Refundable claims selected for a review,BRA02,'Returns Compliance',Canada Revenue Agency,458366508.0,443738847.0,438248239.0
129,SRV02821,46,2023-2024,"Scientific Research and Experimental Development (SR&ED) Tax Credits, Canadian film or video production tax credit (CPTC), and film or video production services tax credit (PSTC) – Claims not selected for a review or an audit",BRA02,'Returns Compliance',Canada Revenue Agency,458366508.0,443738847.0,438248239.0
130,SRV02817,46,2023-2024,Debt Management Call Centre,BRA03,'Collections',Canada Revenue Agency,526305728.0,512845630.0,506040994.0
131,3716,46,2023-2024,Actuarial Validation Report Reviews,BRA10,'Registered Plans',Canada Revenue Agency,26369173.0,24709622.0,23767963.0
132,3714,46,2023-2024,Applications for Charitable registration or re-registration,BRA09,'Charities',Canada Revenue Agency,40374274.0,40493447.0,39109071.0
133,3711,46,2023-2024,Applications to register new pension plans and deferred profit sharing plans,BRA10,'Registered Plans',Canada Revenue Agency,26369173.0,24709622.0,23767963.0
134,3720,46,2023-2024,Charities telephone enquiries,BRA09,'Charities',Canada Revenue Agency,40374274.0,40493447.0,39109071.0
135,3717,46,2023-2024,Charities written enquiries,BRA09,'Charities',Canada Revenue Agency,40374274.0,40493447.0,39109071.0
136,1105,46,2023-2024,Charity Information Return Filing,BRA09,'Charities',Canada Revenue Agency,40374274.0,40493447.0,39109071.0
137,3709,46,2023-2024,Deferred Income and Savings Plans written enquiries,BRA10,'Registered Plans',Canada Revenue Agency,26369173.0,24709622.0,23767963.0
138,3710,46,2023-2024,Deferred Income and savings plans specimens reviews,BRA10,'Registered Plans',Canada Revenue Agency,26369173.0,24709622.0,23767963.0
139,3719,46,2023-2024,GST/HST rulings and interpretations - telephone enquiries,BRA11,"'Policy, Rulings, and Interpretations'",Canada Revenue Agency,142368447.0,143957809.0,144398086.0
140,3713,46,2023-2024,GST/HST rulings and interpretations -  written enquiries,BRA11,"'Policy, Rulings, and Interpretations'",Canada Revenue Agency,142368447.0,143957809.0,144398086.0
141,1104,46,2023-2024,Income Tax Rulings,BRA01,'Tax Services and Processing',Canada Revenue Agency,1008021111.0,989629050.0,936995005.0
142,3724,46,2023-2024,Luxury Tax Exemption Certificate,BRA01,'Tax Services and Processing',Canada Revenue Agency,1008021111.0,989629050.0,936995005.0
143,1117,46,2023-2024,Access to Information and Privacy,ISS01,'Management and Oversight Services',Canada Revenue Agency,212329302.0,209127531.0,207529598.0
144,1137,46,2023-2024,Executive Correspondence,BRA01,'Tax Services and Processing',Canada Revenue Agency,1008021111.0,989629050.0,936995005.0
145,2450,46,2023-2024,Service Feedback - Complaints,BRA08,'Service Feedback',Canada Revenue Agency,15075852.0,15183610.0,15323402.0
146,SRV02816,46,2023-2024,Taxation Statistical Analyses and  Data Processing,"BRA01,BRB01","'Tax Services and Processing', 'Benefits'",Canada Revenue Agency,13302068213.0,14016256394.0,15800899263.0
147,3718,46,2023-2024,Problem Resolution,BRA08,'Service Feedback',Canada Revenue Agency,15075852.0,15183610.0,15323402.0
148,18,47,2023-2024,Learning Services ; access to the School's learning products,BTR01,'Learning',Canada School of Public Service,64839102.0,64803880.0,61834790.0
149,SRV02932,55,2023-2024,CCOHS E-Learning,BFZ01,'Occupational health and safety information and services',Canadian Centre for Occupational Health and Safety,7367779.0,7367779.0,7367779.0
150,3639,55,2023-2024,CCOHS Inquiries Service,BFZ01,'Occupational health and safety information and services',Canadian Centre for Occupational Health and Safety,7367779.0,7367779.0,7367779.0
151,3640,55,2023-2024,CCOHS Publications,BFZ01,'Occupational health and safety information and services',Canadian Centre for Occupational Health and Safety,7367779.0,7367779.0,7367779.0
152,3641,55,2023-2024,CCOHS Legislation Service,BFZ01,'Occupational health and safety information and services',Canadian Centre for Occupational Health and Safety,7367779.0,7367779.0,7367779.0
153,3642,55,2023-2024,CCOHS Databases/Collections,BFZ01,'Occupational health and safety information and services',Canadian Centre for Occupational Health and Safety,7367779.0,7367779.0,7367779.0
154,1,65,2023-2024,Permit to Operate a Rendering Plant,BUH08,'Permissions for Animal Products',Canadian Food Inspection Agency,28231000.0,26952000.0,24289000.0
155,2,65,2023-2024,"Import Live Animal, Hatching Eggs and Germplasm (Semen and Embryos)",BUH08,'Permissions for Animal Products',Canadian Food Inspection Agency,28231000.0,26952000.0,24289000.0
156,3,65,2023-2024,Export Food - Health/Sanitary Certificate,BUH12,'Permissions for Food Products',Canadian Food Inspection Agency,36307000.0,34642000.0,34613000.0
157,4,65,2023-2024,Food Recalls and safety alerts,BUH11,'Monitoring and Enforcement for Food Safety and Consumer Protection',Canadian Food Inspection Agency,270986000.0,263646000.0,259382928.0
158,1978,65,2023-2024,Safe Food for Canadians Licence,BUH12,'Permissions for Food Products',Canadian Food Inspection Agency,36307000.0,34642000.0,34613000.0
159,1979,65,2023-2024,Access to Information Request,"BUH02,BUH06,BUH10","'Plant Health Compliance Promotion', 'Animal Health Compliance Promotion', 'Food Safety and Consumer Protection Compliance Promotion'",Canadian Food Inspection Agency,25636000.0,21684000.0,20344000.0
160,1982,65,2023-2024,Laboratory Testing,"BUH03,BUH07,BUH11","'Monitoring and Enforcement for Plant Health', 'Monitoring and Enforcement for Animal Health', 'Monitoring and Enforcement for Food Safety and Consumer Protection'",Canadian Food Inspection Agency,403984474.0,378179845.0,374129928.0
161,2051,65,2023-2024,Food Safety Investigation - Incident Response,BUH11,'Monitoring and Enforcement for Food Safety and Consumer Protection',Canadian Food Inspection Agency,270986000.0,263646000.0,259382928.0
162,2071,65,2023-2024,Animal Health Investigation - Incident Response,BUH07,'Monitoring and Enforcement for Animal Health',Canadian Food Inspection Agency,66980474.0,61509845.0,61623000.0
163,SRV02643,65,2023-2024,Ministerial Exemptions for the Purpose of Alleviating a Shortage in Canada,BUH12,'Permissions for Food Products',Canadian Food Inspection Agency,36307000.0,34642000.0,34613000.0
164,SRV02647,65,2023-2024,Meat Work Shift Agreements,BUH12,'Permissions for Food Products',Canadian Food Inspection Agency,36307000.0,34642000.0,34613000.0
165,SRV02648,65,2023-2024,C-PIQ - Canadian Partners in Quality Participation Program,BUH12,'Permissions for Food Products',Canadian Food Inspection Agency,36307000.0,34642000.0,34613000.0
166,SRV02650,65,2023-2024,Permit to Operate an Animal Semen Production Centre,BUH08,'Permissions for Animal Products',Canadian Food Inspection Agency,28231000.0,26952000.0,24289000.0
167,SRV02651,65,2023-2024,Licence to operate a hatchery,BUH08,'Permissions for Animal Products',Canadian Food Inspection Agency,28231000.0,26952000.0,24289000.0
168,SRV02652,65,2023-2024,Accredited Veterinarian Agreement,BUH08,'Permissions for Animal Products',Canadian Food Inspection Agency,28231000.0,26952000.0,24289000.0
169,SRV02653,65,2023-2024,Veterinarian Certification Procedure to Export Embryos,BUH08,'Permissions for Animal Products',Canadian Food Inspection Agency,28231000.0,26952000.0,24289000.0
170,SRV02654,65,2023-2024,Accredited External Laboratories,BUH08,'Permissions for Animal Products',Canadian Food Inspection Agency,28231000.0,26952000.0,24289000.0
171,SRV02655,65,2023-2024,Soil Handling Program,BUH04,'Permissions for Plant Products',Canadian Food Inspection Agency,41126000.0,31900000.0,31309000.0
172,SRV02656,65,2023-2024,Aquatic Animal Domestic Movements,BUH04,'Permissions for Plant Products',Canadian Food Inspection Agency,41126000.0,31900000.0,31309000.0
173,SRV02657,65,2023-2024,Specified Risk Material (SRM) Permit,BUH08,'Permissions for Animal Products',Canadian Food Inspection Agency,28231000.0,26952000.0,24289000.0
174,SRV02658,65,2023-2024,Time-Sensitive Specified Risk Material (SRM) Permit,BUH08,'Permissions for Animal Products',Canadian Food Inspection Agency,28231000.0,26952000.0,24289000.0
175,SRV02659,65,2023-2024,Cervid Movement Permit,BUH08,'Permissions for Animal Products',Canadian Food Inspection Agency,28231000.0,26952000.0,24289000.0
176,SRV02660,65,2023-2024,Livestock Feed Registration or Renewal,BUH08,'Permissions for Animal Products',Canadian Food Inspection Agency,28231000.0,26952000.0,24289000.0
177,SRV02661,65,2023-2024,Research Exemption with Safety - Research with Livestock Feeds,BUH08,'Permissions for Animal Products',Canadian Food Inspection Agency,28231000.0,26952000.0,24289000.0
178,SRV02662,65,2023-2024,Research Exemption - Research with Livestock Feeds,BUH08,'Permissions for Animal Products',Canadian Food Inspection Agency,28231000.0,26952000.0,24289000.0
179,SRV02663,65,2023-2024,Research Authorization- Research with Livestock Feeds,BUH08,'Permissions for Animal Products',Canadian Food Inspection Agency,28231000.0,26952000.0,24289000.0
180,SRV02664,65,2023-2024,Product Licensing Submissions for Veterinary Biologics,BUH08,'Permissions for Animal Products',Canadian Food Inspection Agency,28231000.0,26952000.0,24289000.0
181,SRV02665,65,2023-2024,Veterinary Biologics Serial Release,BUH08,'Permissions for Animal Products',Canadian Food Inspection Agency,28231000.0,26952000.0,24289000.0
182,SRV02666,65,2023-2024,Label review for major and or minor Veterinary Biologics,BUH08,'Permissions for Animal Products',Canadian Food Inspection Agency,28231000.0,26952000.0,24289000.0
183,SRV02667,65,2023-2024,Aquatic Animal Health Compartmentalization Program,BUH08,'Permissions for Animal Products',Canadian Food Inspection Agency,28231000.0,26952000.0,24289000.0
184,SRV02668,65,2023-2024,Equine Infectious Anemia Control Program,BUH08,'Permissions for Animal Products',Canadian Food Inspection Agency,28231000.0,26952000.0,24289000.0
185,SRV02669,65,2023-2024,Chronic Wasting Disease Herd Certification Programs,BUH08,'Permissions for Animal Products',Canadian Food Inspection Agency,28231000.0,26952000.0,24289000.0
186,SRV02670,65,2023-2024,Scrapie Flock Certification Program,BUH08,'Permissions for Animal Products',Canadian Food Inspection Agency,28231000.0,26952000.0,24289000.0
187,SRV02671,65,2023-2024,Canadian Ractopamine-Free Poultry Certification Program,BUH08,'Permissions for Animal Products',Canadian Food Inspection Agency,28231000.0,26952000.0,24289000.0
188,SRV02672,65,2023-2024,Canadian Ractopamine-Free Pork Certification Program,BUH08,'Permissions for Animal Products',Canadian Food Inspection Agency,28231000.0,26952000.0,24289000.0
189,SRV02673,65,2023-2024,Canadian Beta Agonist-Free Beef Certification Program,BUH08,'Permissions for Animal Products',Canadian Food Inspection Agency,28231000.0,26952000.0,24289000.0
190,SRV02674,65,2023-2024,Certifying Freedom from Growth Enhancing Products - Beef to the EU,BUH08,'Permissions for Animal Products',Canadian Food Inspection Agency,28231000.0,26952000.0,24289000.0
191,SRV02675,65,2023-2024,Growth Enhancing Products-Free (GEPs-Free) Veal Certification Program,BUH08,'Permissions for Animal Products',Canadian Food Inspection Agency,28231000.0,26952000.0,24289000.0
192,SRV02677,65,2023-2024,Import Plant-based Feed Ingredients,BUH08,'Permissions for Animal Products',Canadian Food Inspection Agency,28231000.0,26952000.0,24289000.0
193,SRV02678,65,2023-2024,Import Animal Products and By-Products,BUH08,'Permissions for Animal Products',Canadian Food Inspection Agency,28231000.0,26952000.0,24289000.0
194,SRV02679,65,2023-2024,Import Aquatic Animals,BUH08,'Permissions for Animal Products',Canadian Food Inspection Agency,28231000.0,26952000.0,24289000.0
195,SRV02680,65,2023-2024,Import Animal Pathogens,BUH08,'Permissions for Animal Products',Canadian Food Inspection Agency,28231000.0,26952000.0,24289000.0
196,SRV02681,65,2023-2024,Import Veterinary Biologics,BUH08,'Permissions for Animal Products',Canadian Food Inspection Agency,28231000.0,26952000.0,24289000.0
197,SRV02682,65,2023-2024,Veterinary Biologics Export Certificates,BUH08,'Permissions for Animal Products',Canadian Food Inspection Agency,28231000.0,26952000.0,24289000.0
198,SRV02683,65,2023-2024,"Export Certificates - live animal, animal products and by-products",BUH08,'Permissions for Animal Products',Canadian Food Inspection Agency,28231000.0,26952000.0,24289000.0
199,SRV02687,65,2023-2024,Licence to Print Official Seed Tag,BUH04,'Permissions for Plant Products',Canadian Food Inspection Agency,41126000.0,31900000.0,31309000.0
200,SRV02688,65,2023-2024,Multiplication Agreement for Varietal Certification of Seed Multiplied Abroad,BUH04,'Permissions for Plant Products',Canadian Food Inspection Agency,41126000.0,31900000.0,31309000.0
201,SRV02689,65,2023-2024,Recognition of Export Grain Analysis by Authorized Laboratories (REGAL) program,BUH04,'Permissions for Plant Products',Canadian Food Inspection Agency,41126000.0,31900000.0,31309000.0
202,SRV02690,65,2023-2024,Seed Import Conformity Assessor,BUH04,'Permissions for Plant Products',Canadian Food Inspection Agency,41126000.0,31900000.0,31309000.0
203,SRV02691,65,2023-2024,Research Authorization under the Fertilizers Act and Regulations,BUH04,'Permissions for Plant Products',Canadian Food Inspection Agency,41126000.0,31900000.0,31309000.0
204,SRV02692,65,2023-2024,Unconfined Environmental Release Authorization,BUH04,'Permissions for Plant Products',Canadian Food Inspection Agency,41126000.0,31900000.0,31309000.0
205,SRV02693,65,2023-2024,Confined Research Field Trial Authorization (PBO),BUH04,'Permissions for Plant Products',Canadian Food Inspection Agency,41126000.0,31900000.0,31309000.0
206,SRV02694,65,2023-2024,Authorized Exporter Program,BUH04,'Permissions for Plant Products',Canadian Food Inspection Agency,41126000.0,31900000.0,31309000.0
207,SRV02696,65,2023-2024,Hay Export Program,BUH04,'Permissions for Plant Products',Canadian Food Inspection Agency,41126000.0,31900000.0,31309000.0
208,SRV02697,65,2023-2024,Canadian Nursery Certification Program,BUH04,'Permissions for Plant Products',Canadian Food Inspection Agency,41126000.0,31900000.0,31309000.0
209,SRV02698,65,2023-2024,Niger Seed Export Program,BUH04,'Permissions for Plant Products',Canadian Food Inspection Agency,41126000.0,31900000.0,31309000.0
210,SRV02699,65,2023-2024,Seed Potato Tuber Quality Management Program,BUH04,'Permissions for Plant Products',Canadian Food Inspection Agency,41126000.0,31900000.0,31309000.0
211,SRV02700,65,2023-2024,Canadian Debarking Grub Hole Control Program for Export of Cedar Forest Products,BUH04,'Permissions for Plant Products',Canadian Food Inspection Agency,41126000.0,31900000.0,31309000.0
212,SRV02701,65,2023-2024,Forage (Heated) Export Program,BUH04,'Permissions for Plant Products',Canadian Food Inspection Agency,41126000.0,31900000.0,31309000.0
213,SRV02703,65,2023-2024,Fruit Tree Export Program,BUH04,'Permissions for Plant Products',Canadian Food Inspection Agency,41126000.0,31900000.0,31309000.0
214,SRV02704,65,2023-2024,"Grain, Seed, Screening Program",BUH04,'Permissions for Plant Products',Canadian Food Inspection Agency,41126000.0,31900000.0,31309000.0
215,SRV02705,65,2023-2024,Canadian Heat Treated Wood Products Certification Program,BUH04,'Permissions for Plant Products',Canadian Food Inspection Agency,41126000.0,31900000.0,31309000.0
216,SRV02706,65,2023-2024,Canary Seed Export Program,BUH04,'Permissions for Plant Products',Canadian Food Inspection Agency,41126000.0,31900000.0,31309000.0
217,SRV02707,65,2023-2024,Hardwood Export Program,BUH04,'Permissions for Plant Products',Canadian Food Inspection Agency,41126000.0,31900000.0,31309000.0
218,SRV02708,65,2023-2024,Wild Rice Export Program,BUH04,'Permissions for Plant Products',Canadian Food Inspection Agency,41126000.0,31900000.0,31309000.0
219,SRV02709,65,2023-2024,Canadian Sawn Wood Certification Program,BUH04,'Permissions for Plant Products',Canadian Food Inspection Agency,41126000.0,31900000.0,31309000.0
220,SRV02710,65,2023-2024,United States – Canada Greenhouse-Grown Plant Certification Program,BUH04,'Permissions for Plant Products',Canadian Food Inspection Agency,41126000.0,31900000.0,31309000.0
221,SRV02712,65,2023-2024,Grapevine Export Program,BUH04,'Permissions for Plant Products',Canadian Food Inspection Agency,41126000.0,31900000.0,31309000.0
222,SRV02714,65,2023-2024,Plant Pest Containment Program,BUH04,'Permissions for Plant Products',Canadian Food Inspection Agency,41126000.0,31900000.0,31309000.0
223,SRV02715,65,2023-2024,Canadian Phytosanitary Certification Program for Seed (CPCPS),BUH04,'Permissions for Plant Products',Canadian Food Inspection Agency,41126000.0,31900000.0,31309000.0
224,SRV02721,65,2023-2024,Emerald Ash Borer Program,BUH04,'Permissions for Plant Products',Canadian Food Inspection Agency,41126000.0,31900000.0,31309000.0
225,SRV02722,65,2023-2024,Japanese Beetle Program,BUH04,'Permissions for Plant Products',Canadian Food Inspection Agency,41126000.0,31900000.0,31309000.0
226,SRV02723,65,2023-2024,Apple Maggot Program,BUH04,'Permissions for Plant Products',Canadian Food Inspection Agency,41126000.0,31900000.0,31309000.0
227,SRV02725,65,2023-2024,Canadian Grain Sampling Program,BUH04,'Permissions for Plant Products',Canadian Food Inspection Agency,41126000.0,31900000.0,31309000.0
228,SRV02726,65,2023-2024,Barberry Propagation Program,BUH04,'Permissions for Plant Products',Canadian Food Inspection Agency,41126000.0,31900000.0,31309000.0
229,SRV02727,65,2023-2024,Blueberry Certification Program,BUH04,'Permissions for Plant Products',Canadian Food Inspection Agency,41126000.0,31900000.0,31309000.0
230,SRV02728,65,2023-2024,Crop Variety Registration (VRO),BUH04,'Permissions for Plant Products',Canadian Food Inspection Agency,41126000.0,31900000.0,31309000.0
231,SRV02729,65,2023-2024,Fertilizer or Supplement Registration,BUH04,'Permissions for Plant Products',Canadian Food Inspection Agency,41126000.0,31900000.0,31309000.0
232,SRV02730,65,2023-2024,Plant Breeders' Rights (PBR Certificate),BUH04,'Permissions for Plant Products',Canadian Food Inspection Agency,41126000.0,31900000.0,31309000.0
233,SRV02731,65,2023-2024,Phytosanitary Certificate for Export,BUH04,'Permissions for Plant Products',Canadian Food Inspection Agency,41126000.0,31900000.0,31309000.0
234,SRV02732,65,2023-2024,Seed Analysis Certificate for Export Purposes (CFIA 1113),BUH04,'Permissions for Plant Products',Canadian Food Inspection Agency,41126000.0,31900000.0,31309000.0
235,SRV02735,65,2023-2024,Request for Opinion or Data Review for Livestock Feeds,BUH08,'Permissions for Animal Products',Canadian Food Inspection Agency,28231000.0,26952000.0,24289000.0
236,SRV02736,65,2023-2024,Regulatory Opinion PNT/VRO,BUH04,'Permissions for Plant Products',Canadian Food Inspection Agency,41126000.0,31900000.0,31309000.0
237,SRV02738,65,2023-2024,General Enquiries,"BUH02,BUH06,BUH10","'Plant Health Compliance Promotion', 'Animal Health Compliance Promotion', 'Food Safety and Consumer Protection Compliance Promotion'",Canadian Food Inspection Agency,25636000.0,21684000.0,20344000.0
238,SRV02739,65,2023-2024,Plant Health Investigation - Incident Response,BUH03,'Monitoring and Enforcement for Plant Health',Canadian Food Inspection Agency,66018000.0,53024000.0,53124000.0
239,SRV02740,65,2023-2024,Non-propagative Potato Program,BUH04,'Permissions for Plant Products',Canadian Food Inspection Agency,41126000.0,31900000.0,31309000.0
240,SRV02741,65,2023-2024,Notice of Import Conformity,BUH04,'Permissions for Plant Products',Canadian Food Inspection Agency,41126000.0,31900000.0,31309000.0
241,SRV02742,65,2023-2024,Destination Inspection Service (DIS),BUH11,'Monitoring and Enforcement for Food Safety and Consumer Protection',Canadian Food Inspection Agency,270986000.0,263646000.0,259382928.0
242,SRV02743,65,2023-2024,Licenced Seed Crop Inspector,BUH04,'Permissions for Plant Products',Canadian Food Inspection Agency,41126000.0,31900000.0,31309000.0
243,SRV02744,65,2023-2024,Authorized Seed Crop Inspection Service,BUH04,'Permissions for Plant Products',Canadian Food Inspection Agency,41126000.0,31900000.0,31309000.0
244,SRV02752,65,2023-2024,Accreditation of Seed Graders,BUH04,'Permissions for Plant Products',Canadian Food Inspection Agency,41126000.0,31900000.0,31309000.0
245,SRV02753,65,2023-2024,Brown Spruce Longhorned Beetle Program,BUH04,'Permissions for Plant Products',Canadian Food Inspection Agency,41126000.0,31900000.0,31309000.0
246,SRV02754,65,2023-2024,"Growers Crop Certificate - ""Seed Potato Certification Program""",BUH04,'Permissions for Plant Products',Canadian Food Inspection Agency,41126000.0,31900000.0,31309000.0
247,SRV02755,65,2023-2024,Fertilizer Export Certificates,BUH04,'Permissions for Plant Products',Canadian Food Inspection Agency,41126000.0,31900000.0,31309000.0
248,SRV02762,65,2023-2024,Permit to Import - Plants and Plant Products,BUH04,'Permissions for Plant Products',Canadian Food Inspection Agency,41126000.0,31900000.0,31309000.0
249,SRV02764,65,2023-2024,Preventative Control Inspection,"BUH02,BUH06,BUH10","'Plant Health Compliance Promotion', 'Animal Health Compliance Promotion', 'Food Safety and Consumer Protection Compliance Promotion'",Canadian Food Inspection Agency,25636000.0,21684000.0,20344000.0
250,SRV02767,65,2023-2024,Written Authorization to Conduct Activities on Plant Pests,BUH04,'Permissions for Plant Products',Canadian Food Inspection Agency,41126000.0,31900000.0,31309000.0
251,SRV02770,65,2023-2024,Plant Movement Certificate,BUH04,'Permissions for Plant Products',Canadian Food Inspection Agency,41126000.0,31900000.0,31309000.0
252,SRV03148,65,2023-2024,Vitis hot water treatment Program,BUH04,'Permissions for Plant Products',Canadian Food Inspection Agency,41126000.0,31900000.0,31309000.0
253,SRV03149,65,2023-2024,Spongy Moth Program,BUH04,'Permissions for Plant Products',Canadian Food Inspection Agency,41126000.0,31900000.0,31309000.0
254,SRV03154,65,2023-2024,License for Removal of Animals or Things Under the authority of The Health of Animals Act,BUH08,'Permissions for Animal Products',Canadian Food Inspection Agency,28231000.0,26952000.0,24289000.0
255,SRV03159,65,2023-2024,Shipborne Dunnage Program,BUH04,'Permissions for Plant Products',Canadian Food Inspection Agency,41126000.0,31900000.0,31309000.0
256,SRV03160,65,2023-2024,Avian Influenza Movement - General Permit,BUH08,'Permissions for Animal Products',Canadian Food Inspection Agency,28231000.0,26952000.0,24289000.0
257,SRV03161,65,2023-2024,Peat Export Program,BUH04,'Permissions for Plant Products',Canadian Food Inspection Agency,41126000.0,31900000.0,31309000.0
258,SRV03162,65,2023-2024,Compliance Letter (Animal Pathogen Laboratories),BUH08,'Permissions for Animal Products',Canadian Food Inspection Agency,28231000.0,26952000.0,24289000.0
259,3614,65,2023-2024,National Bovine Spongiform Encephalopathy (BSE) Surveillance Reimbursement Program,BUH07,'Monitoring and Enforcement for Animal Health',Canadian Food Inspection Agency,66980474.0,61509845.0,61623000.0
260,3615,65,2023-2024,Veterinary Biologics Establishment Licence or Registration,BUH08,'Permissions for Animal Products',Canadian Food Inspection Agency,28231000.0,26952000.0,24289000.0
261,3616,65,2023-2024,Nuclear Stock Seed Potato Program,BUH04,'Permissions for Plant Products',Canadian Food Inspection Agency,41126000.0,31900000.0,31309000.0
262,3617,65,2023-2024,Box Tree Moth Program,BUH04,'Permissions for Plant Products',Canadian Food Inspection Agency,41126000.0,31900000.0,31309000.0
263,3618,65,2023-2024,Hemlock Wooly Adelgid Program,BUH04,'Permissions for Plant Products',Canadian Food Inspection Agency,41126000.0,31900000.0,31309000.0
264,3619,65,2023-2024,Blueberry Maggot Program,BUH04,'Permissions for Plant Products',Canadian Food Inspection Agency,41126000.0,31900000.0,31309000.0
265,3620,65,2023-2024,Oak Wilt Program,BUH04,'Permissions for Plant Products',Canadian Food Inspection Agency,41126000.0,31900000.0,31309000.0
266,3621,65,2023-2024,Prohibited Propagative Plant Material Program,BUH04,'Permissions for Plant Products',Canadian Food Inspection Agency,41126000.0,31900000.0,31309000.0
267,3622,65,2023-2024,Spotted Lanternfly Program,BUH04,'Permissions for Plant Products',Canadian Food Inspection Agency,41126000.0,31900000.0,31309000.0
268,3623,65,2023-2024,Apple (Fresh) Export Program,BUH04,'Permissions for Plant Products',Canadian Food Inspection Agency,41126000.0,31900000.0,31309000.0
269,3624,65,2023-2024,Cherry (Fresh) Export Program,BUH04,'Permissions for Plant Products',Canadian Food Inspection Agency,41126000.0,31900000.0,31309000.0
270,3625,65,2023-2024,Blueberry (Fresh) Export Program,BUH04,'Permissions for Plant Products',Canadian Food Inspection Agency,41126000.0,31900000.0,31309000.0
271,3626,65,2023-2024,Pepper (Fresh) Export Program,BUH04,'Permissions for Plant Products',Canadian Food Inspection Agency,41126000.0,31900000.0,31309000.0
272,3628,65,2023-2024,Grain Screening Pellets Export Program,BUH04,'Permissions for Plant Products',Canadian Food Inspection Agency,41126000.0,31900000.0,31309000.0
273,3734,65,2023-2024,Ministerial Exemption for the Purpose of Selling a Test Market Food,BUH12,'Permissions for Food Products',Canadian Food Inspection Agency,36307000.0,34642000.0,34613000.0
274,3732,65,2023-2024,Outline of Production - Veterinary Biologics,BUH08,'Permissions for Animal Products',Canadian Food Inspection Agency,28231000.0,26952000.0,24289000.0
275,3731,65,2023-2024,Special Outline for Veterinary Biologics,BUH08,'Permissions for Animal Products',Canadian Food Inspection Agency,28231000.0,26952000.0,24289000.0
276,3730,65,2023-2024,Animal Health Movement Control Permit,BUH08,'Permissions for Animal Products',Canadian Food Inspection Agency,28231000.0,26952000.0,24289000.0
277,3707,65,2023-2024,Media Relations,BVY02,'Communication Services',Canadian Food Inspection Agency,0.0,0.0,0.0
278,3705,65,2023-2024,Import Admissibility,"BUG04,BUH08,BUH12","'Removals', 'Permissions for Animal Products', 'Permissions for Food Products'",Canadian Food Inspection Agency,64538000.0,61594000.0,58902000.0
279,1977,69,2023-2024,Licences,"BGB01,BGB03","'Grain Quality', 'Safeguards for Grain Farmers'",Canadian Grain Commission,1290026.0,0.0,0.0
280,1990,69,2023-2024,"Statistical, Research and Technical Publications","BGB01,BGB02,BGB03","'Grain Quality', 'Grain Research', 'Safeguards for Grain Farmers'",Canadian Grain Commission,11874804.0,6373913.0,6394989.0
281,1991,69,2023-2024,Harvest Sample Crop Quality Results (Unofficial Results),"BGB01,BGB03","'Grain Quality', 'Safeguards for Grain Farmers'",Canadian Grain Commission,1290026.0,0.0,0.0
282,1997,69,2023-2024,Authorized Service Providers,BGB01,'Grain Quality',Canadian Grain Commission,656824.0,0.0,0.0
283,1998,69,2023-2024,Provision of Calibration Sets,BGB01,'Grain Quality',Canadian Grain Commission,656824.0,0.0,0.0
284,1999,69,2023-2024,"Documentation for Optional Inspection, Quality Assurance or Analytical Testing","BGB01,BGB03","'Grain Quality', 'Safeguards for Grain Farmers'",Canadian Grain Commission,1290026.0,0.0,0.0
285,2000,69,2023-2024,Certificate Final for Grain,BGB01,'Grain Quality',Canadian Grain Commission,656824.0,0.0,0.0
286,2001,69,2023-2024,Official CGC Sealed Sample with Certificate,BGB01,'Grain Quality',Canadian Grain Commission,656824.0,0.0,0.0
287,2002,69,2023-2024,Final Quality Determination for Grain Producers,"BGB01,BGB03","'Grain Quality', 'Safeguards for Grain Farmers'",Canadian Grain Commission,1290026.0,0.0,0.0
288,2003,69,2023-2024,Allocation of Producer Cars,BGB03,'Safeguards for Grain Farmers',Canadian Grain Commission,633202.0,0.0,0.0
289,2004,69,2023-2024,Payment Protection for Grain Producers,BGB03,'Safeguards for Grain Farmers',Canadian Grain Commission,633202.0,0.0,0.0
290,2006,69,2023-2024,Responses to Public and Media Inquiries,"BGB01,BGB02,BGB03","'Grain Quality', 'Grain Research', 'Safeguards for Grain Farmers'",Canadian Grain Commission,11874804.0,6373913.0,6394989.0
291,1976,69,2023-2024,Process Verification,BGB01,'Grain Quality',Canadian Grain Commission,656824.0,0.0,0.0
292,1910,122,2023-2024,Celebration and Commemoration - Celebrate Canada,BSE01,"'National Celebrations, Commemorations and Symbols'",Canadian Heritage,43697040.0,40701505.0,40672461.0
293,SRV03209,122,2023-2024,Celebration and Commemoration - Commemorate Canada,BSE01,"'National Celebrations, Commemorations and Symbols'",Canadian Heritage,43697040.0,40701505.0,40672461.0
294,1920,122,2023-2024,Support for Hosting - Canada Games,BSF01,'Sport Development and High Performance',Canadian Heritage,253589681.0,236053759.0,232394799.0
295,SRV03212,122,2023-2024,Support for Hosting - International Multisport Games for Aboriginal Peoples and Persons with a Disability,BSF01,'Sport Development and High Performance',Canadian Heritage,253589681.0,236053759.0,232394799.0
296,SRV03214,122,2023-2024,Support for Hosting - International Single Sport Events,BSF01,'Sport Development and High Performance',Canadian Heritage,253589681.0,236053759.0,232394799.0
297,SRV03216,122,2023-2024,International Major Multisport Games,BSF01,'Sport Development and High Performance',Canadian Heritage,253589681.0,236053759.0,232394799.0
298,2032,122,2023-2024,Athlete Assistance,BSF01,'Sport Development and High Performance',Canadian Heritage,253589681.0,236053759.0,232394799.0
299,1921,122,2023-2024,Sport Support - National Sport Organization,BSF01,'Sport Development and High Performance',Canadian Heritage,253589681.0,236053759.0,232394799.0
300,SRV03239,122,2023-2024,Sport Support - National Multisport Services Organization,BSF01,'Sport Development and High Performance',Canadian Heritage,253589681.0,236053759.0,232394799.0
301,SRV03244,122,2023-2024,Sport Support - Canadian Sport Centre,BSF01,'Sport Development and High Performance',Canadian Heritage,253589681.0,236053759.0,232394799.0
302,SRV03246,122,2023-2024,Sport Support - Sport for Social Development in Indigenous Communities,BSF01,'Sport Development and High Performance',Canadian Heritage,253589681.0,236053759.0,232394799.0
303,1922,122,2023-2024,Indigenous Languages and Cultures - Indigenous Languages,BSG03,'Indigenous Languages',Canadian Heritage,171504265.0,141877812.0,132208535.0
304,SRV03289,122,2023-2024,Indigenous Languages and Cultures - Northern Aboriginal Broadcasting,BSG03,'Indigenous Languages',Canadian Heritage,171504265.0,141877812.0,132208535.0
305,1912,122,2023-2024,Building Communities through Arts and Heritage - Local Festivals,BSE02,'Community Engagement and Heritage',Canadian Heritage,29893884.0,29929955.0,22789407.0
306,SRV03255,122,2023-2024,Building Communities through Arts and Heritage - Community Anniversaries,BSE02,'Community Engagement and Heritage',Canadian Heritage,29893884.0,29929955.0,22789407.0
307,SRV03257,122,2023-2024,Building Communities through Arts and Heritage - Legacy Fund,BSE02,'Community Engagement and Heritage',Canadian Heritage,29893884.0,29929955.0,22789407.0
308,2358,122,2023-2024,Youth Take Charge,BSG04,'Youth Engagement',Canadian Heritage,20506218.0,20536046.0,20534532.0
309,2359,122,2023-2024,Exchanges Canada - Youth Forums Canada,BSG04,'Youth Engagement',Canadian Heritage,20506218.0,20536046.0,20534532.0
310,1913,122,2023-2024,Canada History Fund,BSE04,'Learning About Canadian History',Canadian Heritage,4331781.0,4360466.0,4259558.0
311,SRV03450,122,2023-2024,Canadian Heritage accessibility feedback process,ISS01,'Management and Oversight Services',Canadian Heritage,33211702.0,32583786.0,31347927.0
312,1923,122,2023-2024,Multiculturalism and Anti-Racism Initiatives - Events,BSG01,'Multiculturalism and Anti-Racism',Canadian Heritage,46596303.0,46675040.0,18933007.0
313,SRV03291,122,2023-2024,Multiculturalism and Anti-Racism Initiatives - Projects,BSG01,'Multiculturalism and Anti-Racism',Canadian Heritage,46596303.0,46675040.0,18933007.0
314,SRV03296,122,2023-2024,Multiculturalism and Anti-Racism Initiatives - Organizational Capacity Building,BSG01,'Multiculturalism and Anti-Racism',Canadian Heritage,46596303.0,46675040.0,18933007.0
315,1837,122,2023-2024,Canada Periodical Fund - Aid to Publishers - Magazines,BSD03,'Cultural Industries Support and Development',Canadian Heritage,328016532.0,294046323.0,290931782.0
316,SRV03189,122,2023-2024,Canada Periodical Fund - Aid to publishers- Digital Periodical,BSD03,'Cultural Industries Support and Development',Canadian Heritage,328016532.0,294046323.0,290931782.0
317,SRV03190,122,2023-2024,Canada Periodical Fund - Aid to publishers - Community Newspaper,BSD03,'Cultural Industries Support and Development',Canadian Heritage,328016532.0,294046323.0,290931782.0
318,SRV03191,122,2023-2024,Canada Periodical Fund- Business Innovation - Magazines,BSD03,'Cultural Industries Support and Development',Canadian Heritage,328016532.0,294046323.0,290931782.0
319,SRV03192,122,2023-2024,Canada Periodical Fund - Business Innovation - Community Newspapers,BSD03,'Cultural Industries Support and Development',Canadian Heritage,328016532.0,294046323.0,290931782.0
320,SRV03194,122,2023-2024,Canada Periodical Fund - Collective Initiatives,BSD03,'Cultural Industries Support and Development',Canadian Heritage,328016532.0,294046323.0,290931782.0
321,SRV03207,122,2023-2024,Canada Periodical Fund - Special Measures for Journalism,BSD03,'Cultural Industries Support and Development',Canadian Heritage,328016532.0,294046323.0,290931782.0
322,1901,122,2023-2024,Canada Book Fund - Support for Publishers- Business Development,BSD03,'Cultural Industries Support and Development',Canadian Heritage,328016532.0,294046323.0,290931782.0
323,SRV03175,122,2023-2024,Canada Book Fund  - Support for Publishers- Publishing Support,BSD03,'Cultural Industries Support and Development',Canadian Heritage,328016532.0,294046323.0,290931782.0
324,SRV03179,122,2023-2024,Canada Book Fund  - Support for Organizations,BSD03,'Cultural Industries Support and Development',Canadian Heritage,328016532.0,294046323.0,290931782.0
325,SRV03183,122,2023-2024,Canada Book Fund  - Support for Booksellers,BSD03,'Cultural Industries Support and Development',Canadian Heritage,328016532.0,294046323.0,290931782.0
326,1904,122,2023-2024,Canadian Film or Video Production Tax Credit,BSD03,'Cultural Industries Support and Development',Canadian Heritage,328016532.0,294046323.0,290931782.0
327,1905,122,2023-2024,Film or Video Production Services Tax Credit,BSD03,'Cultural Industries Support and Development',Canadian Heritage,328016532.0,294046323.0,290931782.0
328,1902,122,2023-2024,Creative Export Canada,BSD02,'Cultural Marketplace Framework',Canadian Heritage,43701747.0,32552378.0,15173135.0
329,SRV03187,122,2023-2024,Digital Citizen Contribution Program  - Digital Citizen Initiative,BSD02,'Cultural Marketplace Framework',Canadian Heritage,43701747.0,32552378.0,15173135.0
330,1906,122,2023-2024,Canada Arts Training Fund,BSD01,'Arts',Canadian Heritage,170551498.0,152318737.0,136731619.0
331,1907,122,2023-2024,Canada Cultural Investment Fund - Strategic Initiatives,BSD01,'Arts',Canadian Heritage,170551498.0,152318737.0,136731619.0
332,SRV03184,122,2023-2024,Canada Cultural Investment Fund - Endowment Incentives,BSD01,'Arts',Canadian Heritage,170551498.0,152318737.0,136731619.0
333,SRV03185,122,2023-2024,Canada Cultural Investment Fund - Limited Support to Endangered Arts Organizations,BSD01,'Arts',Canadian Heritage,170551498.0,152318737.0,136731619.0
334,1908,122,2023-2024,Canada Arts Presentation Fund - Professional Arts Festivals and Performing Arts Series Presenters,BSD01,'Arts',Canadian Heritage,170551498.0,152318737.0,136731619.0
335,SRV03171,122,2023-2024,Canada Arts Presentation Fund  - Presenter Support Organizations,BSD01,'Arts',Canadian Heritage,170551498.0,152318737.0,136731619.0
336,SRV03172,122,2023-2024,Canada Arts Presentation Fund - Development,BSD01,'Arts',Canadian Heritage,170551498.0,152318737.0,136731619.0
337,1909,122,2023-2024,Canada Cultural Spaces Fund,BSD01,'Arts',Canadian Heritage,170551498.0,152318737.0,136731619.0
338,1915,122,2023-2024,Canadian Conservation Institute and Canadian Heritage Information Network - Conservation Services,BSE03,'Preservation of and Access to Heritage',Canadian Heritage,41489160.0,33906106.0,33188653.0
339,SRV03322,122,2023-2024,Canadian Conservation Institute and Canadian Heritage Information Network - Scientific Services,BSE03,'Preservation of and Access to Heritage',Canadian Heritage,41489160.0,33906106.0,33188653.0
340,SRV03323,122,2023-2024,Canadian Conservation Institute and Canadian Heritage Information Network - General Information Requests,BSE03,'Preservation of and Access to Heritage',Canadian Heritage,41489160.0,33906106.0,33188653.0
341,SRV03325,122,2023-2024,Canadian Conservation Institute and Canadian Heritage Information Network- In-person and Online Workshops and Webinars,BSE03,'Preservation of and Access to Heritage',Canadian Heritage,41489160.0,33906106.0,33188653.0
342,SRV03327,122,2023-2024,Canadian Conservation Institute and Canadian Heritage Information Network - Advanced Professional Development Workshops,BSE03,'Preservation of and Access to Heritage',Canadian Heritage,41489160.0,33906106.0,33188653.0
343,1911,122,2023-2024,Museums Assistance - Access to Heritage,BSE03,'Preservation of and Access to Heritage',Canadian Heritage,41489160.0,33906106.0,33188653.0
344,SRV03298,122,2023-2024,Museums Assistance - Exhibition Circulation Fund,BSE03,'Preservation of and Access to Heritage',Canadian Heritage,41489160.0,33906106.0,33188653.0
345,SRV03301,122,2023-2024,Museums Assistance - Indigenous Heritage,BSE03,'Preservation of and Access to Heritage',Canadian Heritage,41489160.0,33906106.0,33188653.0
346,SRV03306,122,2023-2024,Museums Assistance - Canada-France Agreement,BSE03,'Preservation of and Access to Heritage',Canadian Heritage,41489160.0,33906106.0,33188653.0
347,SRV03304,122,2023-2024,Museums Assistance - Collections Management,BSE03,'Preservation of and Access to Heritage',Canadian Heritage,41489160.0,33906106.0,33188653.0
348,SRV03307,122,2023-2024,Canada Travelling Exhibitions Indemnification,BSE03,'Preservation of and Access to Heritage',Canadian Heritage,41489160.0,33906106.0,33188653.0
349,SRV03309,122,2023-2024,Cultural Property Export and Import Act - Designation of institutions and public authorities,BSE03,'Preservation of and Access to Heritage',Canadian Heritage,41489160.0,33906106.0,33188653.0
350,SRV03308,122,2023-2024,Cultural Property Export and Import Act - Movable Cultural Property Grants,BSE03,'Preservation of and Access to Heritage',Canadian Heritage,41489160.0,33906106.0,33188653.0
351,1925,122,2023-2024,Enhancement of Official Languages – Cooperation with the Non-Governmental Sector,BSH01,'Official Languages',Canadian Heritage,636203624.0,628778332.0,618338676.0
352,SRV03350,122,2023-2024,Enhancement of Official Languages - Teacher Recruitment and Retention Strategy in French Immersion and French Second-Language Programs,BSH01,'Official Languages',Canadian Heritage,636203624.0,628778332.0,618338676.0
353,SRV03351,122,2023-2024,Enhancement of Official Language - Promotion of Bilingual Services,BSH01,'Official Languages',Canadian Heritage,636203624.0,628778332.0,618338676.0
354,SRV03353,122,2023-2024,Enhancement of Official Language - Support for Interpretation and Translation,BSH01,'Official Languages',Canadian Heritage,636203624.0,628778332.0,618338676.0
355,SRV03355,122,2023-2024,Enhancement of Official Language - Appreciation and Rapprochement,BSH01,'Official Languages',Canadian Heritage,636203624.0,628778332.0,618338676.0
356,1924,122,2023-2024,Development of Official-Language Communities – Cooperation with the Community Sector,BSH01,'Official Languages',Canadian Heritage,636203624.0,628778332.0,618338676.0
357,SRV03330,122,2023-2024,Development of Official-Language Communities –Community Cultural Action Fund,BSH01,'Official Languages',Canadian Heritage,636203624.0,628778332.0,618338676.0
358,SRV03332,122,2023-2024,Development of Official-Language Communities - Teacher Recruitment and Retention Strategy in Minority French Language Schools,BSH01,'Official Languages',Canadian Heritage,636203624.0,628778332.0,618338676.0
359,SRV03334,122,2023-2024,Development of Official-Language Communities - Cooperation with the Non-Governmental Sector,BSH01,'Official Languages',Canadian Heritage,636203624.0,628778332.0,618338676.0
360,SRV03345,122,2023-2024,Development of Official-Language Communities – Community Spaces Fund,BSH01,'Official Languages',Canadian Heritage,636203624.0,628778332.0,618338676.0
361,3666,71,2023-2024,Outreach and Promotion - Human Rights,BSA01,'Promotion Program',Canadian Human Rights Commission,4928351.0,4697575.0,4696858.0
362,3667,71,2023-2024,Outreach and Education - Pay Equity,BSA01,'Promotion Program',Canadian Human Rights Commission,4928351.0,4697575.0,4696858.0
363,3668,71,2023-2024,Outreach and Education - Accessibility,BSA01,'Promotion Program',Canadian Human Rights Commission,4928351.0,4697575.0,4696858.0
364,1153,71,2023-2024,Complaint Management - Human Rights,BSB01,'Protection Program',Canadian Human Rights Commission,13248610.0,12385138.0,12383213.0
365,3669,71,2023-2024,Complaint Management - Pay Equity,BSB01,'Protection Program',Canadian Human Rights Commission,13248610.0,12385138.0,12383213.0
366,3670,71,2023-2024,Complaint Management - Accessibility,BSB01,'Protection Program',Canadian Human Rights Commission,13248610.0,12385138.0,12383213.0
367,1173,71,2023-2024,Compliance - Employment Equity,BSC01,'Audit Program',Canadian Human Rights Commission,9017399.0,8439621.0,8438310.0
368,3671,71,2023-2024,Enforcement and Compliance - Pay Equity,BSC01,'Audit Program',Canadian Human Rights Commission,9017399.0,8439621.0,8438310.0
369,3672,71,2023-2024,Enforcement and Compliance - Accessibilty,BSC01,'Audit Program',Canadian Human Rights Commission,9017399.0,8439621.0,8438310.0
370,1121,74,2023-2024,Public Notices of funding opportunities,"BUI01,BUI02,BUI03","'Investigator-Initiated Research', 'Training and Career Support', 'Research in Priority Areas'",Canadian Institutes of Health Research,1323421351.0,1257530096.0,1249047685.0
371,1122,74,2023-2024,Public enquiries,"BUI01,BUI02,BUI03","'Investigator-Initiated Research', 'Training and Career Support', 'Research in Priority Areas'",Canadian Institutes of Health Research,1323421351.0,1257530096.0,1249047685.0
372,1123,74,2023-2024,Public Notices of Successful Funding Applications,"BUI01,BUI02,BUI03","'Investigator-Initiated Research', 'Training and Career Support', 'Research in Priority Areas'",Canadian Institutes of Health Research,1323421351.0,1257530096.0,1249047685.0
373,2155,74,2023-2024,Funding Programs for Health Research and Training,"BUI01,BUI02,BUI03","'Investigator-Initiated Research', 'Training and Career Support', 'Research in Priority Areas'",Canadian Institutes of Health Research,1323421351.0,1257530096.0,1249047685.0
374,1129,74,2023-2024,Access to Information and Privacy,ISS11,'Management and Oversight Services',Canadian Institutes of Health Research,0.0,0.0,0.0
375,1862,76,2023-2024,Public Enquiries,ISSA6,'Information Management Services',Canadian Intergovernmental Conference Secretariat,0.0,0.0,0.0
376,1817,76,2023-2024,Logistical services for FPT Conferences,BWV01,'Conference Services',Canadian Intergovernmental Conference Secretariat,5869907.0,5882424.0,4745234.0
377,2576,86,2023-2024,Pilimmaksaivik's Inuksugait Inventory,BNL01,'Community Development',Canadian Northern Economic Development Agency,16780796.0,15589764.0,14406267.0
378,1530,86,2023-2024,Industry Advisory Service / Northern Projects Management Office (NPMO),BNL04,'Northern Projects Management',Canadian Northern Economic Development Agency,1789872.0,1662834.0,1536600.0
379,657,86,2023-2024,CanNor Grants and Contributions,"BNL01,BNL02","'Community Development', 'Business Development'",Canadian Northern Economic Development Agency,59089484.0,54895556.0,50728160.0
380,1533,86,2023-2024,Access to Information and Privacy,BSJ03,'Access to information and privacy',Canadian Northern Economic Development Agency,0.0,0.0,0.0
381,1887,93,2023-2024,Client Services,ISS12,'Communications Services',Canadian Radio-television and Telecommunications Commission,0.0,0.0,0.0
382,1875,93,2023-2024,Canada's National Do Not Call List,BRT03,'Protection Within the Communications System',Canadian Radio-television and Telecommunications Commission,5634854.0,5479418.0,5479452.0
383,1876,93,2023-2024,Voter Contact Registry,BRT03,'Protection Within the Communications System',Canadian Radio-television and Telecommunications Commission,5634854.0,5479418.0,5479452.0
384,1462,95,2023-2024,Larkin Kerwin Library,"BLM01,BLM02,BLM03,ISS06","'Space Exploration', 'Space Utilization', 'Space Capacity Development', 'Information Management Services'",Canadian Space Agency,352584167.0,259527293.0,255562750.0
385,1468,95,2023-2024,The International Charter: Space and Major Disasters,BLM02,'Space Utilization',Canadian Space Agency,78451804.0,47178390.0,53060238.0
386,1469,95,2023-2024,Space situational awareness (SSA) analysis reports (CRAMS),BLM02,'Space Utilization',Canadian Space Agency,78451804.0,47178390.0,53060238.0
387,1474,95,2023-2024,Satellite-based Automated Identification of Ships (S-AIS) Data Services,BLM02,'Space Utilization',Canadian Space Agency,78451804.0,47178390.0,53060238.0
388,1658,95,2023-2024,Public enquiries,"BLM01,BLM02,BLM03","'Space Exploration', 'Space Utilization', 'Space Capacity Development'",Canadian Space Agency,349012257.0,255954383.0,251985840.0
389,1671,95,2023-2024,Canadian Space Agency Class Grants and Contributions Program,"BLM01,BLM02,BLM03","'Space Exploration', 'Space Utilization', 'Space Capacity Development'",Canadian Space Agency,349012257.0,255954383.0,251985840.0
390,1713,95,2023-2024,"David Florida Laboratory: Spacecraft assembly, integration and testing centre",BLM03,'Space Capacity Development',Canadian Space Agency,104747250.0,88133946.0,75472188.0
391,3638,95,2023-2024,Stratospheric Balloon Flight Opportunities (STRATOS),BLM03,'Space Capacity Development',Canadian Space Agency,104747250.0,88133946.0,75472188.0
392,SRV02873,95,2023-2024,Transfer and diffusion of space technology,"BLM01,BLM02,BLM03","'Space Exploration', 'Space Utilization', 'Space Capacity Development'",Canadian Space Agency,349012257.0,255954383.0,251985840.0
393,SRV02875,95,2023-2024,Atmospheric data on carbon monoxide concentration (MOPITT on Terra),BLM02,'Space Utilization',Canadian Space Agency,78451804.0,47178390.0,53060238.0
394,SRV02877,95,2023-2024,"Atmospheric data on ozone, aerosol & nitrogen dioxide concentration (OSIRIS-Odin)",BLM02,'Space Utilization',Canadian Space Agency,78451804.0,47178390.0,53060238.0
395,SRV02878,95,2023-2024,Atmospheric gas monitoring data (SCISAT),BLM02,'Space Utilization',Canadian Space Agency,78451804.0,47178390.0,53060238.0
396,SRV02879,95,2023-2024,Space imagery data for Space Astronomy (NEOSSAT),"BLM01,BLM02","'Space Exploration', 'Space Utilization'",Canadian Space Agency,244265007.0,167820437.0,176513652.0
397,SRV02880,95,2023-2024,Space imagery data for Space Surveillance (NEOSSAT),BLM02,'Space Utilization',Canadian Space Agency,78451804.0,47178390.0,53060238.0
398,SRV02882,95,2023-2024,Earth Observation Data (RCM),BLM02,'Space Utilization',Canadian Space Agency,78451804.0,47178390.0,53060238.0
399,SRV02884,95,2023-2024,Historical Earth observation data (R1),BLM02,'Space Utilization',Canadian Space Agency,78451804.0,47178390.0,53060238.0
400,SRV02888,95,2023-2024,User support for SAR data (Service Desk),BLM02,'Space Utilization',Canadian Space Agency,78451804.0,47178390.0,53060238.0
401,SRV03429,95,2023-2024,Core geospatial observation sites in remote locations of Canada (GO Canada),BLM02,'Space Utilization',Canadian Space Agency,78451804.0,47178390.0,53060238.0
402,SRV03434,95,2023-2024,Ground support for space science (THEMIS),BLM02,'Space Utilization',Canadian Space Agency,78451804.0,47178390.0,53060238.0
403,165,99,2023-2024,Dispute Resolution,BTT02,'Dispute Resolution',Canadian Transportation Agency,25176025.0,24978551.0,14994280.0
404,168,99,2023-2024,"Information, Advice and Expertise",BTT02,'Dispute Resolution',Canadian Transportation Agency,25176025.0,24978551.0,14994280.0
405,167,99,2023-2024,Determinations and Compliance,BTT03,'Determinations and Compliance',Canadian Transportation Agency,14927764.0,14810676.0,8890645.0
406,2114,99,2023-2024,"Issuance of Authority – Air Licence, International Charter Permits and Wet Lease",BTT03,'Determinations and Compliance',Canadian Transportation Agency,14927764.0,14810676.0,8890645.0
407,208,99,2023-2024,Management and Oversight,ISS01,'Management and Oversight Services',Canadian Transportation Agency,0.0,0.0,0.0
408,2150,297,2023-2024,Make a Complaint,"BXF01,BXF02","'Public Complaints', 'Investigations'",Civilian Review and Complaints Commission for the RCMP,9898282.0,9936779.0,9943367.0
409,2151,297,2023-2024,Request a Review,"BXF01,BXF02","'Public Complaints', 'Investigations'",Civilian Review and Complaints Commission for the RCMP,9898282.0,9936779.0,9943367.0
410,2152,297,2023-2024,Public Education and Outreach,"BXF01,BXF02,BXF03","'Public Complaints', 'Investigations', 'Public Education'",Civilian Review and Complaints Commission for the RCMP,10581686.0,10622841.0,10629884.0
411,3181,110,2023-2024,Cyber Defence Services,BUM02,'Cyber Security and Information Assurance',Communications Security Establishment Canada,0.0,0.0,0.0
412,3403,110,2023-2024,Collaboration with Priority Critical Infrastructure Owners and Operators,BUM02,'Cyber Security and Information Assurance',Communications Security Establishment Canada,0.0,0.0,0.0
413,3404,110,2023-2024,Incident Handling and Support,BUM02,'Cyber Security and Information Assurance',Communications Security Establishment Canada,0.0,0.0,0.0
414,3408,110,2023-2024,Service Coordination,BUM02,'Cyber Security and Information Assurance',Communications Security Establishment Canada,0.0,0.0,0.0
415,3411,110,2023-2024,Cybersecurity Advice & Guidance - System Security Architecture,BUM02,'Cyber Security and Information Assurance',Communications Security Establishment Canada,0.0,0.0,0.0
416,3413,110,2023-2024,Access to Information and Privacy - Privacy Act,BSJ03,'Access to information and privacy',Communications Security Establishment Canada,0.0,0.0,0.0
417,3414,110,2023-2024,Access to Information and Privacy - Access to Information Act,BSJ03,'Access to information and privacy',Communications Security Establishment Canada,0.0,0.0,0.0
418,3643,110,2023-2024,Cyber Centre Learning Hub - Learning Management System,BUM02,'Cyber Security and Information Assurance',Communications Security Establishment Canada,0.0,0.0,0.0
419,3644,110,2023-2024,Cyber Centre Learning Hub - Curriculum Review,BUM02,'Cyber Security and Information Assurance',Communications Security Establishment Canada,0.0,0.0,0.0
420,3645,110,2023-2024,Advice and Guidance - Supply Chain Integrity,BUM02,'Cyber Security and Information Assurance',Communications Security Establishment Canada,0.0,0.0,0.0
421,3646,110,2023-2024,Compliance Reviews / Certifications - Cryptographic Module Validation Program,BUM02,'Cyber Security and Information Assurance',Communications Security Establishment Canada,0.0,0.0,0.0
422,3647,110,2023-2024,Compliance Reviews / Certifications - Common Criteria Recognition Arrangement (CCRA),BUM02,'Cyber Security and Information Assurance',Communications Security Establishment Canada,0.0,0.0,0.0
423,3648,110,2023-2024,Cyber Centre Learning Hub - Custom Course Development,BUM02,'Cyber Security and Information Assurance',Communications Security Establishment Canada,0.0,0.0,0.0
424,0849,110,2023-2024,Media Relations,ISS02,'Communications Services',Communications Security Establishment Canada,0.0,0.0,0.0
425,3410,110,2023-2024,Cyber Threat Surface Analysis,BUM02,'Cyber Security and Information Assurance',Communications Security Establishment Canada,0.0,0.0,0.0
426,1120,114,2023-2024,Issuance of licences for the use of copyright works when the owner is unlocatable,BEZ01,'Copyright Tariff Setting and Issuance of Licences',Copyright Board Canada,3564988.0,3575590.0,3577077.0
427,1119,114,2023-2024,Copyright Tariff Setting,BEZ01,'Copyright Tariff Setting and Issuance of Licences',Copyright Board Canada,3564988.0,3575590.0,3577077.0
428,SRV02783,117,2023-2024,Correctional Interventions,"BUK01,BUK02,BUK03,BUK04,BUK08,BUK09,BUK10,BUK11","'Offender Case Management', 'Community Engagement', 'Chaplaincy Services', 'Elder Services', 'Offender Education', 'CORCAN Employment and Employability', 'Social Program', 'Correctional Programs'",Correctional Service Canada,516908819.0,528740750.0,523595409.0
429,SRV02784,117,2023-2024,Community Supervision,"BUL01,BUL02,BUL03,BUL04","'Community Management and Security', 'Community-Based Residential Facilities', 'Community Correctional Centres', 'Community Health Services'",Correctional Service Canada,187779417.0,187767523.0,187756288.0
430,SRV02769,117,2023-2024,Care and Custody,"BUJ01,BUJ02,BUJ03,BUJ04,BUJ05,BUJ06,BUJ07,BUJ08","'Institutional Management and Support', 'Supervision', 'Drug Enforcement', 'Clinical Services and Public Health', 'Mental Health Services', 'Food Services', 'Accommodation Services', 'Preventive Security and Intelligence'",Correctional Service Canada,2017486581.0,1997551406.0,2017159441.0
431,155,117,2023-2024,CSC National Victim Services Program,BUK02,'Community Engagement',Correctional Service Canada,8849206.0,8830601.0,8813543.0
432,160,117,2023-2024,Information Services,ISS02,'Communications Services',Correctional Service Canada,10907437.0,10826768.0,10778079.0
433,3607,118,2023-2024,Public Court Records Access,BEG01,'Judicial Services',Courts Administration Service,82076523.0,79064317.0,69673202.0
434,3608,118,2023-2024,Litigant & Public Support Services,BEG01,'Judicial Services',Courts Administration Service,82076523.0,79064317.0,69673202.0
435,1012,129,2023-2024,Intergovernmental and International Relations,"BGV04,BTD02,BTX05,BUV04,BWM15,BWW08","'Indigenous Relations and Engagement', 'Indigenous Engagement', 'Indigenous Partnerships and Engagement', 'Federal-Provincial Relations and Social Policy', 'Indigenous Engagement and Capacity Support', 'Intergovernmental Affairs'",Crown-Indigenous Relations and Northern Affairs Canada,291726831.0,144576340.0,131939625.0
436,1019,129,2023-2024,Métis Housing,BWT04,'Housing',Crown-Indigenous Relations and Northern Affairs Canada,0.0,0.0,0.0
437,1023,129,2023-2024,Inuit Housing,BWT04,'Housing',Crown-Indigenous Relations and Northern Affairs Canada,0.0,0.0,0.0
438,1160,129,2023-2024,Provide mineral claims,"BNQ05,BWR06","'Energy, Mining and Environment', 'Northern Regulatory and Legislative Frameworks'",Crown-Indigenous Relations and Northern Affairs Canada,20872440.0,21212357.0,21513060.0
439,1133,129,2023-2024,Training and Guidance on the Duty to Consult,BWM05,'Consultation and Accommodation',Crown-Indigenous Relations and Northern Affairs Canada,8106952.0,7911945.0,7857404.0
440,1134,129,2023-2024,Aboriginal and Treaty Rights Information System (ATRIS) and Training on using the system.,BWM05,'Consultation and Accommodation',Crown-Indigenous Relations and Northern Affairs Canada,8106952.0,7911945.0,7857404.0
441,1135,129,2023-2024,Modern Treaty Management Environment (MTME),BWM05,'Consultation and Accommodation',Crown-Indigenous Relations and Northern Affairs Canada,8106952.0,7911945.0,7857404.0
442,1136,129,2023-2024,Consultation Protocols and Resource Centres,BWM05,'Consultation and Accommodation',Crown-Indigenous Relations and Northern Affairs Canada,8106952.0,7911945.0,7857404.0
443,1138,129,2023-2024,Training & Education on Modern treaties & Self-Government Agreements,BWM04,'Management and Implementation of Agreements and Treaties',Crown-Indigenous Relations and Northern Affairs Canada,2009265594.0,1663186448.0,1658430932.0
444,1157,129,2023-2024,Targeted Contribution Funding to Support Climate Change Projects,BWR04,'Climate Change Adaptation and Clean Energy',Crown-Indigenous Relations and Northern Affairs Canada,67024880.0,52704709.0,46935803.0
445,1161,129,2023-2024,Provide mining leases,"BNQ05,BWR06","'Energy, Mining and Environment', 'Northern Regulatory and Legislative Frameworks'",Crown-Indigenous Relations and Northern Affairs Canada,20872440.0,21212357.0,21513060.0
446,1162,129,2023-2024,Provide licenses to prospect for minerals,"BNQ05,BWR06","'Energy, Mining and Environment', 'Northern Regulatory and Legislative Frameworks'",Crown-Indigenous Relations and Northern Affairs Canada,20872440.0,21212357.0,21513060.0
447,1163,129,2023-2024,"Provide coal exploration licenses, location permits and leases","BNQ05,BWR06","'Energy, Mining and Environment', 'Northern Regulatory and Legislative Frameworks'",Crown-Indigenous Relations and Northern Affairs Canada,20872440.0,21212357.0,21513060.0
448,1164,129,2023-2024,Provide Crown land use permits,BNQ05,"'Energy, Mining and Environment'",Crown-Indigenous Relations and Northern Affairs Canada,0.0,0.0,0.0
449,1165,129,2023-2024,Provide Crown land surface leases,BNQ05,"'Energy, Mining and Environment'",Crown-Indigenous Relations and Northern Affairs Canada,0.0,0.0,0.0
450,1166,129,2023-2024,Northern Participant Funding Program,BWR07,'Northern and Arctic Environmental Sustainability',Crown-Indigenous Relations and Northern Affairs Canada,26582631.0,25373236.0,20184789.0
451,1356,129,2023-2024,National Allegations and Complaints,ISS01,'Management and Oversight Services',Crown-Indigenous Relations and Northern Affairs Canada,44571568.0,46044397.0,45742119.0
452,1357,129,2023-2024,Assessment and Investigations,ISS01,'Management and Oversight Services',Crown-Indigenous Relations and Northern Affairs Canada,44571568.0,46044397.0,45742119.0
453,1358,129,2023-2024,Fraud Awareness,ISS01,'Management and Oversight Services',Crown-Indigenous Relations and Northern Affairs Canada,44571568.0,46044397.0,45742119.0
454,1432,129,2023-2024,Provides a retail subsidy and a Harvesters Support Grant and Community Food Programs Fund to eligible communities,BWR10,'Nutrition North',Crown-Indigenous Relations and Northern Affairs Canada,132984365.0,139066975.0,145453716.0
455,1483,129,2023-2024,Provide crown land quarry permits/leases,BNQ05,"'Energy, Mining and Environment'",Crown-Indigenous Relations and Northern Affairs Canada,0.0,0.0,0.0
456,2130,129,2023-2024,Access to Information,BSJ03,'Access to information and privacy',Crown-Indigenous Relations and Northern Affairs Canada,0.0,0.0,0.0
457,2122,129,2023-2024,Northern Contaminants Program,BWR07,'Northern and Arctic Environmental Sustainability',Crown-Indigenous Relations and Northern Affairs Canada,26582631.0,25373236.0,20184789.0
458,2124,129,2023-2024,Federal Interlocutor's Contribution Program(FICP) (Projects Stream),BWM15,'Indigenous Engagement and Capacity Support',Crown-Indigenous Relations and Northern Affairs Canada,291726831.0,144576340.0,131939625.0
459,2126,129,2023-2024,"Support in accordance with the Addition of Lands to Reserve and Reserve Creation Act, the First Nations Fiscal Management Act and the Framework Agreement on First Nation Land Management Act and the related institutions",BWM10,'First Nation Jurisdiction over Land and Fiscal Management',Crown-Indigenous Relations and Northern Affairs Canada,62670929.0,52614250.0,42730739.0
460,2128,129,2023-2024,Ministerial Correspondence,ISS01,'Management and Oversight Services',Crown-Indigenous Relations and Northern Affairs Canada,44571568.0,46044397.0,45742119.0
461,2129,129,2023-2024,Indigenous Arts Centre,ISS09,'Materiel Management Services',Crown-Indigenous Relations and Northern Affairs Canada,5107007.0,5016677.0,4961536.0
462,2133,129,2023-2024,Privacy,BSJ03,'Access to information and privacy',Crown-Indigenous Relations and Northern Affairs Canada,0.0,0.0,0.0
463,2477,129,2023-2024,"Support in accordance with the First Nations Fiscal Management Act, and its institutions",BWM10,'First Nation Jurisdiction over Land and Fiscal Management',Crown-Indigenous Relations and Northern Affairs Canada,62670929.0,52614250.0,42730739.0
464,2480,129,2023-2024,Manage the Specific Claims Program,BWM03,'Specific Claims',Crown-Indigenous Relations and Northern Affairs Canada,6019761594.0,3198522133.0,1067907094.0
465,2515,129,2023-2024,Northern Contaminated Sites Program,BWR08,'Northern Contaminated Sites',Crown-Indigenous Relations and Northern Affairs Canada,713108197.0,748387404.0,763843220.0
466,2559,129,2023-2024,Missing and Murdered Indigenous Women and Girls Secretariat,"BWM15,BWM16","'Indigenous Engagement and Capacity Support', 'Indigenous-led Services'",Crown-Indigenous Relations and Northern Affairs Canada,393851710.0,253867139.0,244307827.0
467,2562,129,2023-2024,Reconciliation Secretariat Branch,"BWM15,BWM16","'Indigenous Engagement and Capacity Support', 'Indigenous-led Services'",Crown-Indigenous Relations and Northern Affairs Canada,393851710.0,253867139.0,244307827.0
468,2563,129,2023-2024,Claims Assessment,BGV04,'Indigenous Relations and Engagement',Crown-Indigenous Relations and Northern Affairs Canada,0.0,0.0,0.0
469,2564,129,2023-2024,Contribution and Loan Funding to support Indigenous Communities Programs,BGV04,'Indigenous Relations and Engagement',Crown-Indigenous Relations and Northern Affairs Canada,0.0,0.0,0.0
470,2565,129,2023-2024,Negotiations,BGV04,'Indigenous Relations and Engagement',Crown-Indigenous Relations and Northern Affairs Canada,0.0,0.0,0.0
471,2566,129,2023-2024,BC Treaty Funding,BGV04,'Indigenous Relations and Engagement',Crown-Indigenous Relations and Northern Affairs Canada,0.0,0.0,0.0
472,2567,129,2023-2024,Surplus Federal Real Property Initiative,BGV04,'Indigenous Relations and Engagement',Crown-Indigenous Relations and Northern Affairs Canada,0.0,0.0,0.0
473,SRV03379,129,2023-2024,Residential Schools Legacy,BWM14,'Residential Schools Legacy',Crown-Indigenous Relations and Northern Affairs Canada,34173423.0,6500000.0,6944398.0
474,2139,124,2023-2024,Departmental Correspondence Unit,ISS06,'Information Management Services',Department of Finance Canada,3043622.0,2995450.0,2995278.0
475,2140,124,2023-2024,Media Relations,ISS06,'Information Management Services',Department of Finance Canada,3043622.0,2995450.0,2995278.0
476,SRV02926,124,2023-2024,Large Value Transfer Payment,ISS05,'Financial Management Services',Department of Finance Canada,3554966.0,3477924.0,3501148.0
477,SRV02927,124,2023-2024,Results of the Survey of Private Sector Economic Forecasters,BUV02,"'Economic and Fiscal Policy, Planning and Forecasting'",Department of Finance Canada,14143628.0,14284035.0,13810004.0
478,SRV03069,237,2023-2024,Canada Community Building Fund (CCBF),BYB01,'Allocation-based and Direct Funding Stewardship',"Housing, Infrastructure and Communities Canada",7396665088.0,8650925259.0,7997916817.0
479,SRV03437,237,2023-2024,Clean Water and Wastewater Fund (CWWF),BYB01,'Allocation-based and Direct Funding Stewardship',"Housing, Infrastructure and Communities Canada",7396665088.0,8650925259.0,7997916817.0
480,SRV0348,237,2023-2024,Disaster Mitigation and Adaptation Fund (DMAF),BYB01,'Allocation-based and Direct Funding Stewardship',"Housing, Infrastructure and Communities Canada",7396665088.0,8650925259.0,7997916817.0
481,SRV03440,237,2023-2024,Investing in Canada Infrastructure Program (ICIP),BYB01,'Allocation-based and Direct Funding Stewardship',"Housing, Infrastructure and Communities Canada",7396665088.0,8650925259.0,7997916817.0
482,SRV03441,237,2023-2024,Active Transportation Fund (ATF),BYB01,'Allocation-based and Direct Funding Stewardship',"Housing, Infrastructure and Communities Canada",7396665088.0,8650925259.0,7997916817.0
483,2377,237,2023-2024,Green and Inclusive Community Buildings (GICB),BYB01,'Allocation-based and Direct Funding Stewardship',"Housing, Infrastructure and Communities Canada",7396665088.0,8650925259.0,7997916817.0
484,SRV03436,237,2023-2024,National Infrastructure Component (NIC),BYB01,'Allocation-based and Direct Funding Stewardship',"Housing, Infrastructure and Communities Canada",7396665088.0,8650925259.0,7997916817.0
485,2376,237,2023-2024,Natural Infrastructure Fund (NIF),BYB01,'Allocation-based and Direct Funding Stewardship',"Housing, Infrastructure and Communities Canada",7396665088.0,8650925259.0,7997916817.0
486,SRV03442,237,2023-2024,National and Regional Projects (NRP),BYB01,'Allocation-based and Direct Funding Stewardship',"Housing, Infrastructure and Communities Canada",7396665088.0,8650925259.0,7997916817.0
487,SRV03443,237,2023-2024,Public Transit Infrastructure Fund (PTIF),BYB01,'Allocation-based and Direct Funding Stewardship',"Housing, Infrastructure and Communities Canada",7396665088.0,8650925259.0,7997916817.0
488,SRV03444,237,2023-2024,Rural Transit Solutions Fund (RTSF),BYB01,'Allocation-based and Direct Funding Stewardship',"Housing, Infrastructure and Communities Canada",7396665088.0,8650925259.0,7997916817.0
489,SRV03445,237,2023-2024,Small Communities Fund (SCF),BYB01,'Allocation-based and Direct Funding Stewardship',"Housing, Infrastructure and Communities Canada",7396665088.0,8650925259.0,7997916817.0
490,SRV03446,237,2023-2024,Zero Emissions Transit Fund (ZETF),BYB01,'Allocation-based and Direct Funding Stewardship',"Housing, Infrastructure and Communities Canada",7396665088.0,8650925259.0,7997916817.0
491,SRV03452,237,2023-2024,Reaching Home (RH),BYB04,'Homelessness Funding Oversight',"Housing, Infrastructure and Communities Canada",536704805.0,515816202.0,243743301.0
492,3570,237,2023-2024,Veteran Homelessness (VH),BYB04,'Homelessness Funding Oversight',"Housing, Infrastructure and Communities Canada",536704805.0,515816202.0,243743301.0
493,SRV03451,237,2023-2024,Access to Information and Privacy (ATIP),ISS06,'Information Management Services',"Housing, Infrastructure and Communities Canada",7742338.0,7547231.0,5871591.0
494,2378,237,2023-2024,General Enquiry Services,ISS02,'Communications Services',"Housing, Infrastructure and Communities Canada",5193248.0,5106758.0,4301468.0
495,659,132,2023-2024,Youth Justice Fund,BNY06,'Youth Justice',Department of Justice Canada,201368561.0,201380109.0,201379813.0
496,660,132,2023-2024,Victims Fund,BNY05,'Victims of Crime',Department of Justice Canada,47752216.0,46140849.0,38661867.0
497,661,132,2023-2024,Justice Partnership and Innovation Program,BNY09,'Justice System Partnerships',Department of Justice Canada,48844180.0,43882104.0,19881050.0
498,662,132,2023-2024,Indigenous Justice Program,BNY08,'Indigenous Justice',Department of Justice Canada,46272147.0,39309136.0,39305200.0
499,663,132,2023-2024,Access to Justice in Both Official Languages Support Fund,BNY09,'Justice System Partnerships',Department of Justice Canada,48844180.0,43882104.0,19881050.0
500,2110,132,2023-2024,Family Orders and Agreement Enforcement Assistance,BNY07,'Family Justice',Department of Justice Canada,23738653.0,21462948.0,16260167.0
501,2286,132,2023-2024,Enquiries,ISS02,'Communications Services',Department of Justice Canada,8315028.0,8292990.0,8156242.0
502,2287,132,2023-2024,Canadian Family Justice Fund,BNY07,'Family Justice',Department of Justice Canada,23738653.0,21462948.0,16260167.0
503,2288,132,2023-2024,Public Legal Education and Information,BNY07,'Family Justice',Department of Justice Canada,23738653.0,21462948.0,16260167.0
504,2289,132,2023-2024,Professional Training,BNY07,'Family Justice',Department of Justice Canada,23738653.0,21462948.0,16260167.0
505,2290,132,2023-2024,Garnishment Registry of the National Capital Region (GAPDA),BNY07,'Family Justice',Department of Justice Canada,23738653.0,21462948.0,16260167.0
506,2100,132,2023-2024,Legal Services - Legislative and Regulatory,BNX02,'Legislative Services',Department of Justice Canada,21840081.0,22274002.0,22337319.0
507,2096,132,2023-2024,International Assistance Group,BNX03,'Advisory Services',Department of Justice Canada,105668126.0,104066463.0,103377677.0
508,2099,132,2023-2024,Legal Services - Litigation,BNX01,'Litigation Services',Department of Justice Canada,103368751.0,94593381.0,93805421.0
509,3700,132,2023-2024,Indigenous Partnership Fund,BNY08,'Indigenous Justice',Department of Justice Canada,46272147.0,39309136.0,39305200.0
510,1369,128,2023-2024,Administration of Grants & Contributions (Gs&Cs) Service for the Labour Program,"BGP03,BGP04,BGP07","'Occupational Health and Safety', 'Workplace Equity', 'International Labour Affairs'",Employment and Social Development Canada,56475386.0,50036110.0,49276291.0
511,1298,128,2023-2024,Canada Apprentice Loans,BGO29,'Canadian Apprenticeship Strategy',Employment and Social Development Canada,209103055.0,209678709.0,152456128.0
512,1007,128,2023-2024,Canada Apprenticeship Grants,BGO29,'Canadian Apprenticeship Strategy',Employment and Social Development Canada,209103055.0,209678709.0,152456128.0
513,1331,128,2023-2024,Canada Disability Savings Grant and Canada Disability Savings Bond,BGN02,'Canada Disability Savings Program',Employment and Social Development Canada,732212835.0,731972172.0,724664719.0
514,1322,128,2023-2024,Canada Education Savings Grant and Canada Learning Bond,BGO18,'Canada Education Savings Program',Employment and Social Development Canada,1269123028.0,1321673271.0,1367987948.0
515,7,128,2023-2024,Canada Pension Plan (CPP) Benefits,BGN03,'Canada Pension Plan',Employment and Social Development Canada,43027638.0,41894853.0,35207362.0
516,991,128,2023-2024,Canada Pension Plan Disability Benefits,BGN03,'Canada Pension Plan',Employment and Social Development Canada,43027638.0,41894853.0,35207362.0
517,1296,128,2023-2024,Canada Student Grants and Canada Student Loans,BGO17,'Canada Student Financial Assistance Program and Canada Apprentice Loans',Employment and Social Development Canada,3094952310.0,2928446507.0,2928023000.0
518,1149,128,2023-2024,Canada.ca,BGQ02,'Government of Canada Internet Presence',Employment and Social Development Canada,22214594.0,21001496.0,20199841.0
519,1005,128,2023-2024,Canadian Benefit for Parents of Young Victims of Crime,BGM06,'Canadian Benefit for Parents of Young Victims of Crime',Employment and Social Development Canada,11268743.0,2034799.0,2034430.0
520,3602,128,2023-2024,Canadian Dental Care Plan Eligibility Verification and Information,BGQ05,'Service Delivery Partnerships',Employment and Social Development Canada,176826388.0,19568723.0,19570303.0
521,1242,128,2023-2024,Canadian Passport,BGQ04,'Passport',Employment and Social Development Canada,331301044.0,260363312.0,261182704.0
522,1003,128,2023-2024,Employment Insurance (EI) Benefits,BGO01,'Employment Insurance',Employment and Social Development Canada,126137558.0,87842482.0,87575757.0
523,SRV03064,128,2023-2024,eServiceCanada,BGQ03,'Citizen Service Network',Employment and Social Development Canada,28997364.0,28867860.0,28603750.0
524,1373,128,2023-2024,Federal Mediation and Conciliation Service (FMCS),BGP01,'Labour Relations',Employment and Social Development Canada,16347916.0,16401892.0,16331200.0
525,1371,128,2023-2024,Federal Workers' Compensation,BGP02,"""Federal Workers' Compensation""",Employment and Social Development Canada,37072751.0,37090052.0,37064015.0
526,1093,128,2023-2024,General Enquiry and Referral Telephone Service (1-800 O Canada),BGQ01,'Government of Canada Telephone General Enquiries Services',Employment and Social Development Canada,16295162.0,16219419.0,16071162.0
527,1252,128,2023-2024,In-Person Service,BGQ03,'Citizen Service Network',Employment and Social Development Canada,28997364.0,28867860.0,28603750.0
528,1293,128,2023-2024,Job Bank - Find a Job,BGO05,'Job Bank',Employment and Social Development Canada,7043729.0,6961977.0,6978855.0
529,1294,128,2023-2024,Job Bank for Employers,BGO05,'Job Bank',Employment and Social Development Canada,7043729.0,6961977.0,6978855.0
530,1256,128,2023-2024,Labour Market Impact Assessment,BGO14,'Temporary Foreign Worker Program',Employment and Social Development Canada,111137505.0,70038218.0,67387730.0
531,1295,128,2023-2024,Labour Market Information,BGO05,'Job Bank',Employment and Social Development Canada,7043729.0,6961977.0,6978855.0
532,1374,128,2023-2024,Labour Standards Compliance and Enforcement (LSCE),BGP05,'Labour Standards',Employment and Social Development Canada,35704057.0,34379059.0,34219181.0
533,1266,128,2023-2024,Management of Grants and Contributions (Gs&Cs) for Employment and Social Development Programs,"BGM01,BGM02,BGM03,BGM04,BGM05,BGM07,BGO06,BGO07,BGO08,BGO09,BGO10,BGO11,BGO13,BGO15,BGO16,BGO29","'Reaching Home', 'Social Development Partnerships Program', 'New Horizons for Seniors Program', 'Enabling Accessibility Fund', 'Early Learning and Child Care', 'Indigenous Early Learning Child Care Transformation Initiative', 'Youth Employment and Skills Strategy', 'Canada Service Corps', 'Skills and Partnership Fund', 'Skills for Success', 'Indigenous Skills and Employment Training (ISET) Program', 'Student Work Placement Program', 'Sectoral Workforce Solutions Program', 'Foreign Credential Recognition Program', 'Enabling Fund for Official Language Minority Communities', 'Canadian Apprenticeship Strategy'",Employment and Social Development Canada,9290215321.0,10346243922.0,10340035580.0
534,1337,128,2023-2024,Occupational Health and Safety  Compliance and Enforcement (OHSCE),BGP03,'Occupational Health and Safety',Employment and Social Development Canada,32644019.0,32658521.0,32505190.0
535,1254,128,2023-2024,Office for Client Satisfaction,"BGM06,BGN01,BGN03,BGO01,BGO05,BGO29,BGQ04","'Canadian Benefit for Parents of Young Victims of Crime', 'Old Age Security', 'Canada Pension Plan', 'Employment Insurance', 'Job Bank', 'Canadian Apprenticeship Strategy', 'Passport'",Employment and Social Development Canada,82312101582.0,87074451723.0,92135972417.0
536,1001,128,2023-2024,Old Age Security (OAS) Benefits,BGN01,'Old Age Security',Employment and Social Development Canada,81584219815.0,86465675591.0,91590537181.0
537,SRV03065,128,2023-2024,Outreach Support Centre,BGQ03,'Citizen Service Network',Employment and Social Development Canada,28997364.0,28867860.0,28603750.0
538,1292,128,2023-2024,Provision of a Social Insurance Number,"BGN01,BGN03,BGO01","'Old Age Security', 'Canada Pension Plan', 'Employment Insurance'",Employment and Social Development Canada,81753385011.0,86595412926.0,91713320300.0
539,1090,128,2023-2024,Wage Earner Protection Program,BGP06,'Wage Earner Protection Program',Employment and Social Development Canada,51983877.0,51970112.0,51933212.0
540,1290,128,2023-2024,Work-Sharing,BGO01,'Employment Insurance',Employment and Social Development Canada,126137558.0,87842482.0,87575757.0
541,983,137,2023-2024,Access to Information and Privacy,BSJ03,'Access to information and privacy',Environment and Climate Change Canada,0.0,0.0,0.0
542,SRV02800,137,2023-2024,Antarctic Environmental Protection Act permitting,BGS04,"'Aquatic Ecosystems Health, Substances and Waste Management'",Environment and Climate Change Canada,230060209.0,197661456.0,193961064.0
543,2009,137,2023-2024,Atmospheric Data and Information Service,BGU01,"'Weather and Environmental Observations, Forecasts and Warnings'",Environment and Climate Change Canada,221262847.0,217800866.0,212496914.0
544,2095,137,2023-2024,Canada Nature Fund - Community-nominated priority places for species at risk,BGT01,'Species at Risk',Environment and Climate Change Canada,181791369.0,186070492.0,45934512.0
545,2031,137,2023-2024,Canadian Shellfish Sanitation Program (Emergency (bi-valve) shellfish area closu,BGT02,'Migratory Birds and Other Wildlife',Environment and Climate Change Canada,61223888.0,58268379.0,57603619.0
546,980,137,2023-2024,Climate Change Funding Programs - Climate Action Fund,BGR01,'Clean Growth and Climate Change Mitigation',Environment and Climate Change Canada,393997740.0,372112888.0,375425129.0
547,247,137,2023-2024,Climate Change Funding Programs - Low Carbon Economy Challenge: Champions Stream,BGR01,'Clean Growth and Climate Change Mitigation',Environment and Climate Change Canada,393997740.0,372112888.0,375425129.0
548,979,137,2023-2024,Climate Change Funding Programs - Low Carbon Economy Challenge: Partnerships,BGR01,'Clean Growth and Climate Change Mitigation',Environment and Climate Change Canada,393997740.0,372112888.0,375425129.0
549,245,137,2023-2024,Climate Change Funding Programs - Low Carbon Economy Leadership Fund,BGR01,'Clean Growth and Climate Change Mitigation',Environment and Climate Change Canada,393997740.0,372112888.0,375425129.0
550,SRV02750,137,2023-2024,Disposal at sea emergency permits,BGT02,'Migratory Birds and Other Wildlife',Environment and Climate Change Canada,61223888.0,58268379.0,57603619.0
551,977,137,2023-2024,Ecological Gifts Program,BGT03,'Habitat Conservation and Protection',Environment and Climate Change Canada,433681173.0,410119527.0,199524215.0
552,2094,137,2023-2024,Enhanced Nature Legacy - Canada Target 1 Challenge Top-up,BGT03,'Habitat Conservation and Protection',Environment and Climate Change Canada,433681173.0,410119527.0,199524215.0
553,SRV02811,137,2023-2024,Enhanced Nature Legacy - Indigenous-led Area Based Conservation,BGT03,'Habitat Conservation and Protection',Environment and Climate Change Canada,433681173.0,410119527.0,199524215.0
554,SRV02812,137,2023-2024,Enhanced Nature Legacy - Indigenous-led Area Based Conservation - Establishment,BGT03,'Habitat Conservation and Protection',Environment and Climate Change Canada,433681173.0,410119527.0,199524215.0
555,SRV02751,137,2023-2024,Environmental emergencies,BGS04,"'Aquatic Ecosystems Health, Substances and Waste Management'",Environment and Climate Change Canada,230060209.0,197661456.0,193961064.0
556,254,137,2023-2024,Environmental Funding - Aboriginal Fund for Species at Risk,BGT01,'Species at Risk',Environment and Climate Change Canada,181791369.0,186070492.0,45934512.0
557,255,137,2023-2024,Environmental Funding - Atlantic Ecosystems Initiatives,BGS02,'Water Quality and Ecosystems Partnerships',Environment and Climate Change Canada,0.0,0.0,0.0
558,1208,137,2023-2024,Environmental Funding - Community Interaction Program,BGS02,'Water Quality and Ecosystems Partnerships',Environment and Climate Change Canada,0.0,0.0,0.0
559,263,137,2023-2024,Environmental Funding - EcoAction Community Funding Program,BGS02,'Water Quality and Ecosystems Partnerships',Environment and Climate Change Canada,0.0,0.0,0.0
560,268,137,2023-2024,Environmental Funding - Great Lakes Protection Initiative,BGS02,'Water Quality and Ecosystems Partnerships',Environment and Climate Change Canada,0.0,0.0,0.0
561,267,137,2023-2024,Environmental Funding - Habitat Stewardship Program,BGT01,'Species at Risk',Environment and Climate Change Canada,181791369.0,186070492.0,45934512.0
562,265,137,2023-2024,Environmental Funding - Lake Winnipeg Basin Program,BGS02,'Water Quality and Ecosystems Partnerships',Environment and Climate Change Canada,0.0,0.0,0.0
563,975,137,2023-2024,Federal Identification Registry for Storage Tank Systems (FIRSTS),BGS05,'Compliance Promotion and Enforcement - Pollution',Environment and Climate Change Canada,53191797.0,53623135.0,52204851.0
564,SRV02866,137,2023-2024,Hazardous Waste Export and Import Permits,BGS04,"'Aquatic Ecosystems Health, Substances and Waste Management'",Environment and Climate Change Canada,230060209.0,197661456.0,193961064.0
565,688,137,2023-2024,Health and air quality forecast services,BGS01,'Air Quality',Environment and Climate Change Canada,70951476.0,69449876.0,69468974.0
566,687,137,2023-2024,Hydrometric data and information service,BGS02,'Water Quality and Ecosystems Partnerships',Environment and Climate Change Canada,0.0,0.0,0.0
567,2007,137,2023-2024,"Ice Warnings, Forecasts and Information",BGU01,"'Weather and Environmental Observations, Forecasts and Warnings'",Environment and Climate Change Canada,221262847.0,217800866.0,212496914.0
568,985,137,2023-2024,Import permits for species harmful to Canadian ecosystems,BGT02,'Migratory Birds and Other Wildlife',Environment and Climate Change Canada,61223888.0,58268379.0,57603619.0
569,950,137,2023-2024,Library Services,ISS11,'Management and Oversight Services',Environment and Climate Change Canada,53464711.0,52454299.0,51765283.0
570,689,137,2023-2024,Marine program weather services,BGU01,"'Weather and Environmental Observations, Forecasts and Warnings'",Environment and Climate Change Canada,221262847.0,217800866.0,212496914.0
571,SRV02793,137,2023-2024,Meteorological Support for Environmental Emergency Response,BGU01,"'Weather and Environmental Observations, Forecasts and Warnings'",Environment and Climate Change Canada,221262847.0,217800866.0,212496914.0
572,987,137,2023-2024,Migratory Birds: all other permits,BGT02,'Migratory Birds and Other Wildlife',Environment and Climate Change Canada,61223888.0,58268379.0,57603619.0
573,244,137,2023-2024,Migratory Game Bird Hunting Permits,BGT02,'Migratory Birds and Other Wildlife',Environment and Climate Change Canada,61223888.0,58268379.0,57603619.0
574,982,137,2023-2024,Ministerial Correspondence,ISS12,'Communications Services',Environment and Climate Change Canada,20552098.0,20525228.0,17951661.0
575,SRV02813,137,2023-2024,Nature Smart Climate Solutions Fund,BGT03,'Habitat Conservation and Protection',Environment and Climate Change Canada,433681173.0,410119527.0,199524215.0
576,2028,137,2023-2024,New Substances Notification,BGS04,"'Aquatic Ecosystems Health, Substances and Waste Management'",Environment and Climate Change Canada,230060209.0,197661456.0,193961064.0
577,SRV02867,137,2023-2024,Permit for disposal at sea,BGS04,"'Aquatic Ecosystems Health, Substances and Waste Management'",Environment and Climate Change Canada,230060209.0,197661456.0,193961064.0
578,2038,137,2023-2024,Permits for Migratory Bird Sanctuary Regulations,BGT02,'Migratory Birds and Other Wildlife',Environment and Climate Change Canada,61223888.0,58268379.0,57603619.0
579,986,137,2023-2024,Permits for trade in protected species,BGT02,'Migratory Birds and Other Wildlife',Environment and Climate Change Canada,61223888.0,58268379.0,57603619.0
580,2505,137,2023-2024,Permits under the Scott Islands Protected Marine Area Regulations,BGT03,'Habitat Conservation and Protection',Environment and Climate Change Canada,433681173.0,410119527.0,199524215.0
581,988,137,2023-2024,Permits under the Wildlife Area Regulations,BGT03,'Habitat Conservation and Protection',Environment and Climate Change Canada,433681173.0,410119527.0,199524215.0
582,981,137,2023-2024,Public Inquiries Centre,ISS12,'Communications Services',Environment and Climate Change Canada,20552098.0,20525228.0,17951661.0
583,1995,137,2023-2024,Public Weather,BGU01,"'Weather and Environmental Observations, Forecasts and Warnings'",Environment and Climate Change Canada,221262847.0,217800866.0,212496914.0
584,1092,137,2023-2024,Science Horizons Youth Internship Program,BGS03,'Community and Sustainability',Environment and Climate Change Canada,27729603.0,12343715.0,12238651.0
585,243,137,2023-2024,Species at Risk Act Permit System,BGT01,'Species at Risk',Environment and Climate Change Canada,181791369.0,186070492.0,45934512.0
586,SRV02795,137,2023-2024,Temporary exemption for emergency circumstances under the Reduction of Carbon,BGR01,'Clean Growth and Climate Change Mitigation',Environment and Climate Change Canada,393997740.0,372112888.0,375425129.0
587,SRV02798,137,2023-2024,Temporary waivers to fuel regulations,BVH06,'Air Quality',Environment and Climate Change Canada,0.0,0.0,0.0
588,SRV02792,137,2023-2024,Weather Information Services to Public Authorities,BGU01,"'Weather and Environmental Observations, Forecasts and Warnings'",Environment and Climate Change Canada,221262847.0,217800866.0,212496914.0
589,3593,137,2023-2024,Climate Change Funding Programs - Low Carbon Economy Challenge 2023,BGR01,'Clean Growth and Climate Change Mitigation',Environment and Climate Change Canada,393997740.0,372112888.0,375425129.0
590,SRV02907,222,2023-2024,Access to Information and Privacy,BWN03,'Farm Products Council of Canada',Farm Products Council of Canada,0.0,0.0,0.0
591,SRV02904,222,2023-2024,Media Enquiries,BWN03,'Farm Products Council of Canada',Farm Products Council of Canada,0.0,0.0,0.0
592,SRV03258,561,2023-2024,Grants and Contribution Programs,"BYL01,BYL02,BYL03","'Business Development', 'Regional Innovation Ecosystem', 'Community Economic Development and Diversification'",Federal Economic Development Agency for Northern Ontario,50629184.0,55419290.0,53243302.0
593,SRV03259,561,2023-2024,Public Enquiries,ISS02,'Communications Services',Federal Economic Development Agency for Northern Ontario,0.0,0.0,0.0
594,2158,150,2023-2024,Funding Programs,"BNM10,BNM11,BNM12","'Business Scale Up and Productivity', 'Regional Innovation Ecosystem', 'Community Economic Development and Diversification'",Federal Economic Development Agency for Southern Ontario,212704457.0,205914464.0,189959595.0
595,2159,150,2023-2024,Small Business Services and Public Enquiries,"BNM10,BNM11,BNM12","'Business Scale Up and Productivity', 'Regional Innovation Ecosystem', 'Community Economic Development and Diversification'",Federal Economic Development Agency for Southern Ontario,212704457.0,205914464.0,189959595.0
596,1726,151,2023-2024,Financial Literacy,BUU01,'Financial Literacy',Financial Consumer Agency of Canada,0.0,0.0,0.0
597,907,151,2023-2024,Complaints Information and Enquiry,"BUT01,BUU01","'Supervision and Enforcement', 'Financial Literacy'",Financial Consumer Agency of Canada,15704157.97,16366219.83,16904293.23
598,170,152,2023-2024,Receiving Financial Transaction Reports,"BUW01,BUW02,BUX01,BUX02","'Compliance Program', 'Strategic Policy and Reviews', 'Financial Intelligence Program', 'Strategic Intelligence, Research and Analytics'",Financial Transactions and Reports Analysis Centre of Canada,94485715.0,81865294.0,81039617.0
599,171,152,2023-2024,Disclosures of Financial Intelligence,BUX01,'Financial Intelligence Program',Financial Transactions and Reports Analysis Centre of Canada,39935682.0,28081218.0,27768597.0
600,172,152,2023-2024,Enquiries for Reporting Entities,BUW01,'Compliance Program',Financial Transactions and Reports Analysis Centre of Canada,48376893.0,49135545.0,48672529.0
601,195,152,2023-2024,Money Services Businesses (MSBs) Registry - Registration,BUW01,'Compliance Program',Financial Transactions and Reports Analysis Centre of Canada,48376893.0,49135545.0,48672529.0
602,204,152,2023-2024,Money Services Businesses -  Registry Search,BUW01,'Compliance Program',Financial Transactions and Reports Analysis Centre of Canada,48376893.0,49135545.0,48672529.0
603,978,152,2023-2024,Public and Media Inquiries,"BUW01,BUW02,BUX01,BUX02","'Compliance Program', 'Strategic Policy and Reviews', 'Financial Intelligence Program', 'Strategic Intelligence, Research and Analytics'",Financial Transactions and Reports Analysis Centre of Canada,94485715.0,81865294.0,81039617.0
604,3686,125,2023-2024,Indigenous Program Agreements,BTF02,'Aboriginal Programs and Treaties',Fisheries and Oceans Canada,226827026.0,197371848.0,155186056.0
605,1741,125,2023-2024,Access to information,ISS03,'Legal Services',Fisheries and Oceans Canada,19489326.0,18396165.0,14272926.0
606,996,125,2023-2024,Aids to Navigation,BTH02,'Aids to Navigation',Fisheries and Oceans Canada,10706950.0,5950917.0,5940294.0
607,1008,125,2023-2024,Aquatic Ecosystems Restoration Fund (AERF),BTG01,'Fish and Fish Habitat Protection',Fisheries and Oceans Canada,132256447.0,71453704.0,59789207.0
608,SRV03376,125,2023-2024,Aquatic Invasive Species Prevention Fund,BTG02,'Aquatic Invasive Species',Fisheries and Oceans Canada,21057683.0,21458888.0,22059820.0
609,2633,125,2023-2024,Aquatic Invasive Species Program - Contribution Agreements,BTG02,'Aquatic Invasive Species',Fisheries and Oceans Canada,21057683.0,21458888.0,22059820.0
610,956,125,2023-2024,Atlantic Fisheries Fund,BTF13,'Fish and Seafood Sector',Fisheries and Oceans Canada,85468826.0,74795583.0,536149.0
611,1740,125,2023-2024,Atlantic Integrated Fisheries Initiative Contribution Agreements,BTF02,'Aboriginal Programs and Treaties',Fisheries and Oceans Canada,226827026.0,197371848.0,155186056.0
612,2091,125,2023-2024,BC Salmon Restoration and Innovation Fund (BCSRIF),BTF13,'Fish and Seafood Sector',Fisheries and Oceans Canada,85468826.0,74795583.0,536149.0
613,997,125,2023-2024,British Columbia Aquaculture Regulatory Program,BTF03,'Aquaculture Management',Fisheries and Oceans Canada,10117843.0,10186811.0,10190353.0
614,1004,125,2023-2024,Canada Nature Fund for Aquatic Species at Risk,BTG03,'Species at Risk',Fisheries and Oceans Canada,52289337.0,52660908.0,16735196.0
615,SRV03402,125,2023-2024,Canadian Coast Guard Auxiliary Contribution Program,BTI01,'Search and Rescue',Fisheries and Oceans Canada,61398558.0,61159128.0,61630254.0
616,1006,125,2023-2024,Catch Certification Program,BTF01,'Fisheries Management',Fisheries and Oceans Canada,107504282.0,104858918.0,58971835.0
617,SRV03388,125,2023-2024,Certification for Canadian exporters of aquatic products under the Convention on International Trade in Endangered Species of Wild Fauna and Flora (CITES),BTF01,'Fisheries Management',Fisheries and Oceans Canada,107504282.0,104858918.0,58971835.0
618,SRV03386,125,2023-2024,Coastal Environmental Baseline Contribution Program,BTG05,'Aquatic Ecosystem Science',Fisheries and Oceans Canada,141447227.0,132020885.0,82930417.0
619,SRV03417,125,2023-2024,Commonwealth Blue Charter Champion Contribution Program,BTG06,'Oceans and Climate Change Science',Fisheries and Oceans Canada,17841904.0,17572359.0,17373953.0
620,SRV03401,125,2023-2024,Community Participation And Co-Development Contribution Program,BTI01,'Search and Rescue',Fisheries and Oceans Canada,61398558.0,61159128.0,61630254.0
621,SRV03374,125,2023-2024,Compliance and Enforcement,BTI01,'Search and Rescue',Fisheries and Oceans Canada,61398558.0,61159128.0,61630254.0
622,2636,125,2023-2024,Contributions in support of the Salmonid and Salmon Enhancement Programming,BTF04,'Salmonid Enhancement',Fisheries and Oceans Canada,71302961.0,72023449.0,34106484.0
623,2112,125,2023-2024,Ecosystems and Oceans Science Contribution Framework,BTG05,'Aquatic Ecosystem Science',Fisheries and Oceans Canada,141447227.0,132020885.0,82930417.0
624,2638,125,2023-2024,Enforcement of Fisheries Legislation and Contaminated  Shellfish Harvest Areas Closure Regulations,BTF01,'Fisheries Management',Fisheries and Oceans Canada,107504282.0,104858918.0,58971835.0
625,2631,125,2023-2024,Fisheries Act   - Aquatic Invasive Species Regulations Authorizations,BTG02,'Aquatic Invasive Species',Fisheries and Oceans Canada,21057683.0,21458888.0,22059820.0
626,2632,125,2023-2024,Fisheries Act   - Aquatic Invasive Species Regulations Fishing Licences,BTG02,'Aquatic Invasive Species',Fisheries and Oceans Canada,21057683.0,21458888.0,22059820.0
627,1009,125,2023-2024,Fisheries Act Authorizations,BTG01,'Fish and Fish Habitat Protection',Fisheries and Oceans Canada,132256447.0,71453704.0,59789207.0
628,SRV03430,125,2023-2024,Freshwater Habitat Science Contribution Program,BTG05,'Aquatic Ecosystem Science',Fisheries and Oceans Canada,141447227.0,132020885.0,82930417.0
629,SRV03432,125,2023-2024,Freshwater Research Contribution Program,BTG05,'Aquatic Ecosystem Science',Fisheries and Oceans Canada,141447227.0,132020885.0,82930417.0
630,SRV03343,125,2023-2024,Ghost Gear Fund,BTF01,'Fisheries Management',Fisheries and Oceans Canada,107504282.0,104858918.0,58971835.0
631,846,125,2023-2024,Grants for the Disposal of Surplus Lighthouses,ISS08,'Real Property Management Services',Fisheries and Oceans Canada,298205906.0,256383775.0,214289106.0
632,1011,125,2023-2024,Habitat Stewardship Program for Aquatic Species at Risk,BTG03,'Species at Risk',Fisheries and Oceans Canada,52289337.0,52660908.0,16735196.0
633,1037,125,2023-2024,Icebreaking,BTH01,'Icebreaking Services',Fisheries and Oceans Canada,13540970.0,13544949.0,13544949.0
634,SRV03387,125,2023-2024,Indigenous Community-Boat Volunteer Contribution Program,BTI01,'Search and Rescue',Fisheries and Oceans Canada,61398558.0,61159128.0,61630254.0
635,2637,125,2023-2024,Indigenous Fisheries Management,BTF02,'Aboriginal Programs and Treaties',Fisheries and Oceans Canada,226827026.0,197371848.0,155186056.0
636,2087,125,2023-2024,Indigenous Habitat Participation Program,BTG01,'Fish and Fish Habitat Protection',Fisheries and Oceans Canada,132256447.0,71453704.0,59789207.0
637,SRV02785,125,2023-2024,Indigenous Reconciliation Transfer Payment Program - RAP - Contributions,BTF02,'Aboriginal Programs and Treaties',Fisheries and Oceans Canada,226827026.0,197371848.0,155186056.0
638,1013,125,2023-2024,Introduction and Transfer Licensing Application Review,BTF03,'Aquaculture Management',Fisheries and Oceans Canada,10117843.0,10186811.0,10190353.0
639,1036,125,2023-2024,Marine Environmental and Hazards Response,BTI01,'Search and Rescue',Fisheries and Oceans Canada,61398558.0,61159128.0,61630254.0
640,1745,125,2023-2024,Marine Environmental Data Section (MEDS),BTG06,'Oceans and Climate Change Science',Fisheries and Oceans Canada,17841904.0,17572359.0,17373953.0
641,SRV03419,125,2023-2024,Marine Environmental Quality Regulatory / Non Regulatory Measures Contribution Program,BTG05,'Aquatic Ecosystem Science',Fisheries and Oceans Canada,141447227.0,132020885.0,82930417.0
642,2092,125,2023-2024,Marine Mammal Response Program,BTF01,'Fisheries Management',Fisheries and Oceans Canada,107504282.0,104858918.0,58971835.0
643,SRV03428,125,2023-2024,Marine Spatial Planning Contribution Program,BTG05,'Aquatic Ecosystem Science',Fisheries and Oceans Canada,141447227.0,132020885.0,82930417.0
644,1746,125,2023-2024,Ministerial Correspondence,ISS02,'Communications Services',Fisheries and Oceans Canada,20227918.0,19613477.0,18871515.0
645,3687,125,2023-2024,MPA Activity Plan Application Process,BTG04,'Marine Planning and Conservation',Fisheries and Oceans Canada,93161433.0,89567111.0,23429277.0
646,SRV03427,125,2023-2024,National Contaminants Advisory Group Contribution Program,BTG05,'Aquatic Ecosystem Science',Fisheries and Oceans Canada,141447227.0,132020885.0,82930417.0
647,1026,125,2023-2024,National Online License System (NOLS),BTF01,'Fisheries Management',Fisheries and Oceans Canada,107504282.0,104858918.0,58971835.0
648,1027,125,2023-2024,National Recreational Licensing System (NRLS) (Pacific Only),BTF01,'Fisheries Management',Fisheries and Oceans Canada,107504282.0,104858918.0,58971835.0
649,1747,125,2023-2024,Nautical Charts and Publications,BTH06,"'Hydrographic Services, Data and Science'",Fisheries and Oceans Canada,43673109.0,42725683.0,41702619.0
650,1748,125,2023-2024,Northern Integrated Fisheries Initiative Contribution Agreements,BTF02,'Aboriginal Programs and Treaties',Fisheries and Oceans Canada,226827026.0,197371848.0,155186056.0
651,1028,125,2023-2024,Observer Designation Application and Renewal Processing,BTF07,'Conservation and Protection',Fisheries and Oceans Canada,203958023.0,195424690.0,158269365.0
652,SRV03426,125,2023-2024,Ocean And Climate Change Science Contribution Program,BTG06,'Oceans and Climate Change Science',Fisheries and Oceans Canada,17841904.0,17572359.0,17373953.0
653,1029,125,2023-2024,Oceans Management Contribution Program in support of oceans conservation and management,BTG04,'Marine Planning and Conservation',Fisheries and Oceans Canada,93161433.0,89567111.0,23429277.0
654,1030,125,2023-2024,Oceans Management Program - Grants in support Indigenous Groups in the Development and Implementation of Oceans Conservation and Management Activities,BTG04,'Marine Planning and Conservation',Fisheries and Oceans Canada,93161433.0,89567111.0,23429277.0
655,SRV03420,125,2023-2024,Pacific Integrated Commercial Fisheries Initiative (PICFI),BTF02,'Aboriginal Programs and Treaties',Fisheries and Oceans Canada,226827026.0,197371848.0,155186056.0
656,1749,125,2023-2024,Pacific Integrated Commercial Fisheries Initiative Contribution Agreements,BTF02,'Aboriginal Programs and Treaties',Fisheries and Oceans Canada,226827026.0,197371848.0,155186056.0
657,1038,125,2023-2024,Provision of Distress and Safety Communications,BTH04,'Marine Communications and Traffic Services',Fisheries and Oceans Canada,46117228.0,46638165.0,43819671.0
658,1039,125,2023-2024,Provision of Marine Information,BTH04,'Marine Communications and Traffic Services',Fisheries and Oceans Canada,46117228.0,46638165.0,43819671.0
659,1040,125,2023-2024,Provision of Radio Communications and Public Correspondence Service,BTH04,'Marine Communications and Traffic Services',Fisheries and Oceans Canada,46117228.0,46638165.0,43819671.0
660,2072,125,2023-2024,Quebec Fisheries Fund (QFF),BTF13,'Fish and Seafood Sector',Fisheries and Oceans Canada,85468826.0,74795583.0,536149.0
661,SRV03423,125,2023-2024,Reducing The Threat Of Vessel Traffic On Marine Mammals Contribution Program,BTG05,'Aquatic Ecosystem Science',Fisheries and Oceans Canada,141447227.0,132020885.0,82930417.0
662,1032,125,2023-2024,Salmon Conservation Stamp,BTF01,'Fisheries Management',Fisheries and Oceans Canada,107504282.0,104858918.0,58971835.0
663,1041,125,2023-2024,Search and Rescue Coordination,BTI01,'Search and Rescue',Fisheries and Oceans Canada,61398558.0,61159128.0,61630254.0
664,1043,125,2023-2024,Search and Rescue Response,BTI01,'Search and Rescue',Fisheries and Oceans Canada,61398558.0,61159128.0,61630254.0
665,3688,125,2023-2024,Small Craft Harbours,BTF06,'Small Craft Harbours',Fisheries and Oceans Canada,118098156.0,96919062.0,89436947.0
666,3689,125,2023-2024,Small Craft Harbours Grant and Contribution Programs,BTF06,'Small Craft Harbours',Fisheries and Oceans Canada,118098156.0,96919062.0,89436947.0
667,1035,125,2023-2024,Species at Risk Act Permits,BTG03,'Species at Risk',Fisheries and Oceans Canada,52289337.0,52660908.0,16735196.0
668,SRV03418,125,2023-2024,Sustainable Fisheries Science Fund Contribution Program (SFSRSP),BTF11,'Fisheries Science',Fisheries and Oceans Canada,155935309.0,161015780.0,147149595.0
669,1750,125,2023-2024,"Tides, Currents and Water Levels (CHS)",BTG06,'Oceans and Climate Change Science',Fisheries and Oceans Canada,17841904.0,17572359.0,17373953.0
670,2634,125,2023-2024,TMX Accommodation Measure Aquatic Habitat Restoration Program (AHRF),BTG01,'Fish and Fish Habitat Protection',Fisheries and Oceans Canada,132256447.0,71453704.0,59789207.0
671,2093,125,2023-2024,TMX Accommodation Measure Salish Sea Initiative (SSI),BTF02,'Aboriginal Programs and Treaties',Fisheries and Oceans Canada,226827026.0,197371848.0,155186056.0
672,2635,125,2023-2024,TMX Accommodation Measure Terrestrial Cumulative Effects Initiative (TCEI),BTG01,'Fish and Fish Habitat Protection',Fisheries and Oceans Canada,132256447.0,71453704.0,59789207.0
673,SRV03377,125,2023-2024,Training And Exercising Participation Contribution Program,BTI01,'Search and Rescue',Fisheries and Oceans Canada,61398558.0,61159128.0,61630254.0
674,SRV02786,125,2023-2024,Treaty Related Measures Contribution Agreement (TRM),BTF02,'Aboriginal Programs and Treaties',Fisheries and Oceans Canada,226827026.0,197371848.0,155186056.0
675,1044,125,2023-2024,Vessel Screening and Regulation of Vessel Traffic Movements,BTH04,'Marine Communications and Traffic Services',Fisheries and Oceans Canada,46117228.0,46638165.0,43819671.0
676,1045,125,2023-2024,Waterways Management,BTH03,'Waterways Management',Fisheries and Oceans Canada,7778875.0,7815013.0,7816092.0
677,SRV03416,125,2023-2024,Whale Protection And Recovery Initiative Contribution Program,BTF11,'Fisheries Science',Fisheries and Oceans Canada,155935309.0,161015780.0,147149595.0
678,SRV03433,125,2023-2024,Ocean And Freshwater Science Contribution Program,BTG05,'Aquatic Ecosystem Science',Fisheries and Oceans Canada,141447227.0,132020885.0,82930417.0
679,1680,126,2023-2024,"Physical Security Abroad – Security, Maintenance and Service Line Delivery",BVF06,"'Real Property Project Delivery, Professional and Technical Services'",Global Affairs Canada,174008499.0,136497795.0,78696933.0
680,1697,126,2023-2024,Jules Léger Library,ISS06,'Information Management Services',Global Affairs Canada,16050835.0,15504318.0,15258892.0
681,1698,126,2023-2024,Export and Import Permit Service,"BVC01,BVC02","'Trade Policy, Agreements, Negotiations and Disputes', 'Trade Controls'",Global Affairs Canada,86318256.0,64184824.0,64286313.0
682,1855,126,2023-2024,Travel Information Program,"BVE01,ISS02","'Consular Assistance and Services for Canadians Abroad', 'Communications Services'",Global Affairs Canada,92911636.0,92472249.0,94126321.0
683,1856,126,2023-2024,Consular Assistance and Services for Canadians Abroad,BVE01,'Consular Assistance and Services for Canadians Abroad',Global Affairs Canada,61084736.0,61085963.0,63380000.0
684,1884,126,2023-2024,Accreditation services for events,ISS01,'Management and Oversight Services',Global Affairs Canada,76353557.0,76106956.0,75795445.0
685,2469,126,2023-2024,Canada Treaty Custodian,BVB04,'International Law',Global Affairs Canada,26280767.0,26456289.0,26493517.0
686,2517,126,2023-2024,Canada Treaty Adoption Process,BVB04,'International Law',Global Affairs Canada,26280767.0,26456289.0,26493517.0
687,3584,126,2023-2024,Compensation program due to extraordinary security measure during majors events,ISS05,'Financial Management Services',Global Affairs Canada,65638761.0,66923443.0,66420941.0
688,1691,126,2023-2024,Grants and Contributions for International Assistance,"BVD03,BVD04,BVD09,BVD10,BVD11,BVD12,BVD13","'Partnerships for Development Innovation', 'Multilateral International Assistance', 'Europe, Arctic, Middle East and Maghreb International Assistance', 'Americas International Assistance', 'Asia Pacific International Assistance', 'Sub-Saharan Africa International Assistance', 'Grants and Contributions Policy and Operations'",Global Affairs Canada,4621223118.0,4052750496.0,3499886484.0
689,3586,126,2023-2024,Media Relations,ISS02,'Communications Services',Global Affairs Canada,31826900.0,31386286.0,30746321.0
690,1699,126,2023-2024,Authentication of documents,"BVE01,ISS03","'Consular Assistance and Services for Canadians Abroad', 'Legal Services'",Global Affairs Canada,73908483.0,73338613.0,75500045.0
691,SRV02838,126,2023-2024,Public Enquiries Services,ISS02,'Communications Services',Global Affairs Canada,31826900.0,31386286.0,30746321.0
692,SRV03097,126,2023-2024,Grants and Contributions - CanExport Associations,BVC03,'International Business Development',Global Affairs Canada,174291478.0,172500143.0,169796510.0
693,SRV03098,126,2023-2024,Grants and Contributions - CanExport Innovation,BVC04,'International Innovation and Investment',Global Affairs Canada,33441459.0,33562156.0,33568976.0
694,SRV03099,126,2023-2024,Grants and Contributions - CanExport SMEs,BVC03,'International Business Development',Global Affairs Canada,174291478.0,172500143.0,169796510.0
695,SRV03126,126,2023-2024,Mission Readiness & Security Operations,BVF07,'Mission Readiness and Security',Global Affairs Canada,71931239.0,69002417.0,61196598.0
696,SRV03151,126,2023-2024,Advice on Women Peace and Security,"BVB19,BVD05","'International Security Policy and Diplomacy', 'Peace and Stabilization Operations'",Global Affairs Canada,335988192.0,296142470.0,280905078.0
697,SRV03199,126,2023-2024,Venture Capital Attraction,BVC04,'International Innovation and Investment',Global Affairs Canada,33441459.0,33562156.0,33568976.0
698,SRV03263,126,2023-2024,"Promoting and Protecting Democracy Fund (Pro-Dem) and the Inclusion, Diversity and Human Rights Fund (IDHR)",BVD14,"'Office of Human Rights, Freedom and Inclusion (OHRFI) Programming'",Global Affairs Canada,23982470.0,18986318.0,18990593.0
699,SRV03305,126,2023-2024,Military and Scientific Overflight Clearance request management,"BVB04,BVB10,BVB19,BVE02","'International Law', 'Geographic Coordination and Mission Support', 'International Security Policy and Diplomacy', 'Emergency Preparedness and Response'",Global Affairs Canada,184680784.0,182546108.0,179996491.0
700,SRV03311,126,2023-2024,Marine Scientific Research (MSR) request management,"BVB04,BVB10,BVB19","'International Law', 'Geographic Coordination and Mission Support', 'International Security Policy and Diplomacy'",Global Affairs Canada,171873380.0,169640598.0,169413230.0
701,SRV03365,126,2023-2024,Foreign military ship visit request management,"BVB04,BVB10,BVB19","'International Law', 'Geographic Coordination and Mission Support', 'International Security Policy and Diplomacy'",Global Affairs Canada,171873380.0,169640598.0,169413230.0
702,SRV03155,126,2023-2024,Anti-Crime and Counter-Terrorism Capacity Building Programs (AC/CTCBP),BVD06,'Anti-Crime and Counter-Terrorism Capacity Building',Global Affairs Canada,80586042.0,59695127.0,59703806.0
703,SRV03156,126,2023-2024,Application for a certificate - Mistaken identity,BVB01,'International Policy Coordination',Global Affairs Canada,65159553.0,61942156.0,50844559.0
704,SRV03158,126,2023-2024,Application to no longer be a designated person,BVB01,'International Policy Coordination',Global Affairs Canada,65159553.0,61942156.0,50844559.0
705,SRV02870,126,2023-2024,Client Relations,BVF03,'Client Relations and Mission Operations',Global Affairs Canada,276513550.0,274220049.0,276360030.0
706,SRV02843,126,2023-2024,Digital Communications and Design Support,ISS02,'Communications Services',Global Affairs Canada,31826900.0,31386286.0,30746321.0
707,2528,126,2023-2024,Emergency Watch and Response,"BVE01,BVE02,BVF07","'Consular Assistance and Services for Canadians Abroad', 'Emergency Preparedness and Response', 'Mission Readiness and Security'",Global Affairs Canada,145823379.0,142993890.0,135159859.0
708,SRV03091,126,2023-2024,Enterprise Systems Support,"ISS06,ISS07","'Information Management Services', 'Information Technology Services'",Global Affairs Canada,39090858.0,38081596.0,37392454.0
709,1689,126,2023-2024,Global Logistics Services,BVF01,'Platform Corporate Services',Global Affairs Canada,18375566.0,18433542.0,18447727.0
710,SRV03370,126,2023-2024,Global Security Reporting Program (GSRP),"BVB19,BVF07","'International Security Policy and Diplomacy', 'Mission Readiness and Security'",Global Affairs Canada,211960212.0,206576716.0,198497377.0
711,SRV02869,126,2023-2024,International Accommodation Services,BVF05,'Real Property Planning and Stewardship',Global Affairs Canada,362457401.0,368143266.0,364095830.0
712,2466,126,2023-2024,International Real Property Services,BVF05,'Real Property Planning and Stewardship',Global Affairs Canada,362457401.0,368143266.0,364095830.0
713,1683,126,2023-2024,Missions Operations,BVF03,'Client Relations and Mission Operations',Global Affairs Canada,276513550.0,274220049.0,276360030.0
714,SRV03240,126,2023-2024,Speechwriting,ISS02,'Communications Services',Global Affairs Canada,31826900.0,31386286.0,30746321.0
715,SRV03219,126,2023-2024,Support the TCS clients (external) and the TCS Network (internal) with the Canadian Technology Accelerator applications (external) and assessments (internal),BVC03,'International Business Development',Global Affairs Canada,174291478.0,172500143.0,169796510.0
716,SRV03197,126,2023-2024,Vetting,"BVC03,BVC05,BVC06,BVC07,BVC08,ISS02","'International Business Development', 'Europe, Arctic, Middle East and Maghreb Trade', 'Americas Trade', 'Asia Pacific Trade', 'Sub-Saharan Africa Trade', 'Communications Services'",Global Affairs Canada,332485261.0,329205045.0,326085731.0
717,SRV03253,126,2023-2024,"Remote Sensing Space Systems Act (RSSSA) administration, including licensing and regulatory activities",BVB19,'International Security Policy and Diplomacy',Global Affairs Canada,140028973.0,137574299.0,137300779.0
718,SRV03196,126,2023-2024,Weapons Threat Reduction Program (WTRP),BVD07,'Weapons Threat Reduction',Global Affairs Canada,76041022.0,76092696.0,76112406.0
719,SRV03144,126,2023-2024,Strategic communications,ISS02,'Communications Services',Global Affairs Canada,31826900.0,31386286.0,30746321.0
720,SRV02840,126,2023-2024,Web services,ISS02,'Communications Services',Global Affairs Canada,31826900.0,31386286.0,30746321.0
721,3740,126,2023-2024,Administration to the Canada Fund for Local Initiatives (CFLI),"BVB06,BVB07,BVB08,BVB09,BVD08,BVD13","'Europe, Arctic, Middle East and Maghreb Policy & Diplomacy', 'Americas Policy & Diplomacy', 'Asia Pacific Policy & Diplomacy', 'Sub-Saharan Africa Policy & Diplomacy', 'Canada Fund for Local Initiatives', 'Grants and Contributions Policy and Operations'",Global Affairs Canada,328670672.0,323503262.0,304111859.0
722,SRV03203,126,2023-2024,FSD Claim and entitlement administration,ISS04,'Human Resources Management Services',Global Affairs Canada,78653970.0,78637776.0,73625433.0
723,SRV03270,126,2023-2024,FSD Policy compliance and guidance,ISS04,'Human Resources Management Services',Global Affairs Canada,78653970.0,78637776.0,73625433.0
724,SRV02841,126,2023-2024,Social Media Services,ISS02,'Communications Services',Global Affairs Canada,31826900.0,31386286.0,30746321.0
725,SRV03368,126,2023-2024,Geographic Advice,"BVB06,BVB07,BVB08,BVB09,BVC05,BVC06,BVC07,BVC08,BVD09,BVD10,BVD11,BVD12","'Europe, Arctic, Middle East and Maghreb Policy & Diplomacy', 'Americas Policy & Diplomacy', 'Asia Pacific Policy & Diplomacy', 'Sub-Saharan Africa Policy & Diplomacy', 'Europe, Arctic, Middle East and Maghreb Trade', 'Americas Trade', 'Asia Pacific Trade', 'Sub-Saharan Africa Trade', 'Europe, Arctic, Middle East and Maghreb International Assistance', 'Americas International Assistance', 'Asia Pacific International Assistance', 'Sub-Saharan Africa International Assistance'",Global Affairs Canada,1970332342.0,1943714329.0,1925119858.0
726,3741,126,2023-2024,"Coordinate Canada's engagement in the G7 and G20 at the Leaders and Foreign Ministers levels, including time-sensitive meetings and rapid responses to emerging global events.",BVB01,'International Policy Coordination',Global Affairs Canada,65159553.0,61942156.0,50844559.0
727,SRV03182,126,2023-2024,Certificates under the United Nations Act,BVB01,'International Policy Coordination',Global Affairs Canada,65159553.0,61942156.0,50844559.0
728,SRV03272,126,2023-2024,Corporate Governance,"BVC01,BVC02,BVC03,BVC04,BVC05,BVC06,BVC07,BVC08,ISS01,ISS02,ISS03,ISS04,ISS05,ISS06,ISS07,ISS08,ISS09,ISS0Z","'Trade Policy, Agreements, Negotiations and Disputes', 'Trade Controls', 'International Business Development', 'International Innovation and Investment', 'Europe, Arctic, Middle East and Maghreb Trade', 'Americas Trade', 'Asia Pacific Trade', 'Sub-Saharan Africa Trade', 'Management and Oversight Services', 'Communications Services', 'Legal Services', 'Human Resources Management Services', 'Financial Management Services', 'Information Management Services', 'Information Technology Services', 'Real Property Management Services', 'Materiel Management Services', 'Acquisition Management Services'",Global Affairs Canada,760252717.0,734073779.0,724291244.0
729,1704,126,2023-2024,"Strategic Governance, Ministerial Correspondence",ISS02,'Communications Services',Global Affairs Canada,31826900.0,31386286.0,30746321.0
730,SRV03066,126,2023-2024,Dispute resolution on Canadian business operations abroad,"BVC01,BVC02,BVC03,BVC04,BVC05,BVC06,BVC07,BVC08","'Trade Policy, Agreements, Negotiations and Disputes', 'Trade Controls', 'International Business Development', 'International Innovation and Investment', 'Europe, Arctic, Middle East and Maghreb Trade', 'Americas Trade', 'Asia Pacific Trade', 'Sub-Saharan Africa Trade'",Global Affairs Canada,420418076.0,395565739.0,393194699.0
731,1690,126,2023-2024,Access to Information and Privacy,"BVC01,BVC02,BVC03,BVC04,BVC05,BVC06,BVC07,BVC08,ISS01","'Trade Policy, Agreements, Negotiations and Disputes', 'Trade Controls', 'International Business Development', 'International Innovation and Investment', 'Europe, Arctic, Middle East and Maghreb Trade', 'Americas Trade', 'Asia Pacific Trade', 'Sub-Saharan Africa Trade', 'Management and Oversight Services'",Global Affairs Canada,496771633.0,471672695.0,468990144.0
732,SRV03164,126,2023-2024,Baseline Threat Assessments (BTAs),"BVC01,BVC02,BVC03,BVC04,BVC05,BVC06,BVC07,BVC08,ISS01,ISS02,ISS03,ISS04,ISS05,ISS06,ISS07,ISS08,ISS09,ISS0Z","'Trade Policy, Agreements, Negotiations and Disputes', 'Trade Controls', 'International Business Development', 'International Innovation and Investment', 'Europe, Arctic, Middle East and Maghreb Trade', 'Americas Trade', 'Asia Pacific Trade', 'Sub-Saharan Africa Trade', 'Management and Oversight Services', 'Communications Services', 'Legal Services', 'Human Resources Management Services', 'Financial Management Services', 'Information Management Services', 'Information Technology Services', 'Real Property Management Services', 'Materiel Management Services', 'Acquisition Management Services'",Global Affairs Canada,760252717.0,734073779.0,724291244.0
733,SRV03095,126,2023-2024,Geographic Reporting,"BVC01,BVC02,BVC03,BVC04,BVC05,BVC06,BVC07,BVC08","'Trade Policy, Agreements, Negotiations and Disputes', 'Trade Controls', 'International Business Development', 'International Innovation and Investment', 'Europe, Arctic, Middle East and Maghreb Trade', 'Americas Trade', 'Asia Pacific Trade', 'Sub-Saharan Africa Trade'",Global Affairs Canada,420418076.0,395565739.0,393194699.0
734,SRV03303,126,2023-2024,Ministerial Liaison,"BVC01,BVC02,BVC03,BVC04,BVC05,BVC06,BVC07,BVC08,ISS01,ISS02,ISS03,ISS04,ISS05,ISS06,ISS07,ISS08,ISS09,ISS0Z","'Trade Policy, Agreements, Negotiations and Disputes', 'Trade Controls', 'International Business Development', 'International Innovation and Investment', 'Europe, Arctic, Middle East and Maghreb Trade', 'Americas Trade', 'Asia Pacific Trade', 'Sub-Saharan Africa Trade', 'Management and Oversight Services', 'Communications Services', 'Legal Services', 'Human Resources Management Services', 'Financial Management Services', 'Information Management Services', 'Information Technology Services', 'Real Property Management Services', 'Materiel Management Services', 'Acquisition Management Services'",Global Affairs Canada,760252717.0,734073779.0,724291244.0
735,1702,126,2023-2024,Parliamentary Affairs,"BVB01,BVB03,BVB04,BVB05,BVB06,BVB07,BVB08,BVB09,BVB10,BVC01,BVC02,BVC03,BVC04,BVC05,BVC06,BVC07,BVC08,BVD01,BVD02,BVD03,BVD04,BVD05,BVD06,BVD07,BVD08,BVD09,BVD10,BVD11,BVD12,BVD13,BVE01,BVE02,BVF01,BVF02,BVF03,BVF04,BVF05,BVF06,BVF07,BVF08,ISS01,ISS02,ISS03,ISS04,ISS05,ISS06,ISS07,ISS08,ISS09,ISS0Z","'International Policy Coordination', 'Multilateral Policy', 'International Law', 'The Office of Protocol', 'Europe, Arctic, Middle East and Maghreb Policy & Diplomacy', 'Americas Policy & Diplomacy', 'Asia Pacific Policy & Diplomacy', 'Sub-Saharan Africa Policy & Diplomacy', 'Geographic Coordination and Mission Support', 'Trade Policy, Agreements, Negotiations and Disputes', 'Trade Controls', 'International Business Development', 'International Innovation and Investment', 'Europe, Arctic, Middle East and Maghreb Trade', 'Americas Trade', 'Asia Pacific Trade', 'Sub-Saharan Africa Trade', 'International Assistance Operations', 'Humanitarian Assistance', 'Partnerships for Development Innovation', 'Multilateral International Assistance', 'Peace and Stabilization Operations', 'Anti-Crime and Counter-Terrorism Capacity Building', 'Weapons Threat Reduction', 'Canada Fund for Local Initiatives', 'Europe, Arctic, Middle East and Maghreb International Assistance', 'Americas International Assistance', 'Asia Pacific International Assistance', 'Sub-Saharan Africa International Assistance', 'Grants and Contributions Policy and Operations', 'Consular Assistance and Services for Canadians Abroad', 'Emergency Preparedness and Response', 'Platform Corporate Services', 'Foreign Service Directives', 'Client Relations and Mission Operations', 'Locally Engaged Staff Services', 'Real Property Planning and Stewardship', 'Real Property Project Delivery, Professional and Technical Services', 'Mission Readiness and Security', 'Mission Network IM/IT', 'Management and Oversight Services', 'Communications Services', 'Legal Services', 'Human Resources Management Services', 'Financial Management Services', 'Information Management Services', 'Information Technology Services', 'Real Property Management Services', 'Materiel Management Services', 'Acquisition Management Services'",Global Affairs Canada,8629143639.0,7936800262.0,7256935577.0
736,SRV03072,126,2023-2024,"Advice to Canadian garment, mining and oil & gas companies operating outside Canada","BVC01,BVC02,BVC03,BVC04,BVC05,BVC06,BVC07,BVC08","'Trade Policy, Agreements, Negotiations and Disputes', 'Trade Controls', 'International Business Development', 'International Innovation and Investment', 'Europe, Arctic, Middle East and Maghreb Trade', 'Americas Trade', 'Asia Pacific Trade', 'Sub-Saharan Africa Trade'",Global Affairs Canada,420418076.0,395565739.0,393194699.0
737,SRV03339,126,2023-2024,Evaluation Publications,"BVC01,BVC02,BVC03,BVC04,BVC05,BVC06,BVC07,BVC08,ISS01,ISS02,ISS03,ISS04,ISS05,ISS06,ISS07,ISS08,ISS09,ISS0Z","'Trade Policy, Agreements, Negotiations and Disputes', 'Trade Controls', 'International Business Development', 'International Innovation and Investment', 'Europe, Arctic, Middle East and Maghreb Trade', 'Americas Trade', 'Asia Pacific Trade', 'Sub-Saharan Africa Trade', 'Management and Oversight Services', 'Communications Services', 'Legal Services', 'Human Resources Management Services', 'Financial Management Services', 'Information Management Services', 'Information Technology Services', 'Real Property Management Services', 'Materiel Management Services', 'Acquisition Management Services'",Global Affairs Canada,760252717.0,734073779.0,724291244.0
738,SRV03256,126,2023-2024,Providing statistical analysis and reports (CFO-Stats),"BVC01,BVC02,BVC03,BVC04,BVC05,BVC06,BVC07,BVC08,ISS01,ISS02,ISS03,ISS04,ISS05,ISS06,ISS07,ISS08,ISS09,ISS0Z","'Trade Policy, Agreements, Negotiations and Disputes', 'Trade Controls', 'International Business Development', 'International Innovation and Investment', 'Europe, Arctic, Middle East and Maghreb Trade', 'Americas Trade', 'Asia Pacific Trade', 'Sub-Saharan Africa Trade', 'Management and Oversight Services', 'Communications Services', 'Legal Services', 'Human Resources Management Services', 'Financial Management Services', 'Information Management Services', 'Information Technology Services', 'Real Property Management Services', 'Materiel Management Services', 'Acquisition Management Services'",Global Affairs Canada,760252717.0,734073779.0,724291244.0
739,SRV03204,126,2023-2024,"Training: Governance, Access, Technical Security and Espionage (GATE)","BVC01,BVC02,BVC03,BVC04,BVC05,BVC06,BVC07,BVC08,ISS01,ISS02,ISS03,ISS04,ISS05,ISS06,ISS07,ISS08,ISS09,ISS0Z","'Trade Policy, Agreements, Negotiations and Disputes', 'Trade Controls', 'International Business Development', 'International Innovation and Investment', 'Europe, Arctic, Middle East and Maghreb Trade', 'Americas Trade', 'Asia Pacific Trade', 'Sub-Saharan Africa Trade', 'Management and Oversight Services', 'Communications Services', 'Legal Services', 'Human Resources Management Services', 'Financial Management Services', 'Information Management Services', 'Information Technology Services', 'Real Property Management Services', 'Materiel Management Services', 'Acquisition Management Services'",Global Affairs Canada,760252717.0,734073779.0,724291244.0
740,SRV03176,126,2023-2024,Canadian International Innovation Program (CIIP),BVC04,'International Innovation and Investment',Global Affairs Canada,33441459.0,33562156.0,33568976.0
741,SRV02844,126,2023-2024,Consular Outreach and Stakeholder Engagement,ISS02,'Communications Services',Global Affairs Canada,31826900.0,31386286.0,30746321.0
742,SRV03371,126,2023-2024,Grants and Contributions - CanExport Community Investments,BVC04,'International Innovation and Investment',Global Affairs Canada,33441459.0,33562156.0,33568976.0
743,SRV02859,126,2023-2024,Grants and Contributions in Aid of Academic Relation,BVC03,'International Business Development',Global Affairs Canada,174291478.0,172500143.0,169796510.0
744,SRV03276,126,2023-2024,Permits under the Special Economic Measures Act and the Justice for Victims of Corrupt Foreign Officials Act,BVB01,'International Policy Coordination',Global Affairs Canada,65159553.0,61942156.0,50844559.0
745,1694,126,2023-2024,Results Based Management (RBM) resources (center of excellence),"BVD03,BVD04,BVD05,BVD09,BVD10,BVD11,BVD12,BVD13","'Partnerships for Development Innovation', 'Multilateral International Assistance', 'Peace and Stabilization Operations', 'Europe, Arctic, Middle East and Maghreb International Assistance', 'Americas International Assistance', 'Asia Pacific International Assistance', 'Sub-Saharan Africa International Assistance', 'Grants and Contributions Policy and Operations'",Global Affairs Canada,4817182337.0,4211318667.0,3643490783.0
746,3738,126,2023-2024,TCS Website - Inquiries Page,BVC03,'International Business Development',Global Affairs Canada,174291478.0,172500143.0,169796510.0
747,SRV03143,126,2023-2024,Trade Commissioner Service,BVC03,'International Business Development',Global Affairs Canada,174291478.0,172500143.0,169796510.0
748,3739,126,2023-2024,"Sanctions asset seizure and forfeiture implementation, including review of orders for the seizure of assets.",BVB01,'International Policy Coordination',Global Affairs Canada,65159553.0,61942156.0,50844559.0
749,SRV02874,126,2023-2024,Security Program Management Service,BVF06,"'Real Property Project Delivery, Professional and Technical Services'",Global Affairs Canada,174008499.0,136497795.0,78696933.0
750,SRV03200,126,2023-2024,Chemical Weapons Convention Implementation Act (CWCIA) administration,"BVB03,BVB04,BVB19,BVC02","'Multilateral Policy', 'International Law', 'International Security Policy and Diplomacy', 'Trade Controls'",Global Affairs Canada,631785230.0,629806421.0,629286370.0
751,SRV03278,126,2023-2024,Corporate Performance and Reporting,ISS01,'Management and Oversight Services',Global Affairs Canada,76353557.0,76106956.0,75795445.0
752,SRV03284,126,2023-2024,Economic Analysis and Evaluation,"BVB01,BVB03,BVC05,BVC06,BVC07,BVC08,ISS01","'International Policy Coordination', 'Multilateral Policy', 'Europe, Arctic, Middle East and Maghreb Trade', 'Americas Trade', 'Asia Pacific Trade', 'Sub-Saharan Africa Trade', 'Management and Oversight Services'",Global Affairs Canada,717500602.0,713216147.0,701737419.0
753,SRV03336,126,2023-2024,Enterprise Architecture,"ISS01,ISS06,ISS07","'Management and Oversight Services', 'Information Management Services', 'Information Technology Services'",Global Affairs Canada,115444415.0,114188552.0,113187899.0
754,747,127,2023-2024,Access to Information and Privacy,ISS01,'Management and Oversight Services',Health Canada,90141593.0,93726136.0,99094453.0
755,SRV02864,127,2023-2024,Employee Assistance Services,BVG07,'Health Information',Health Canada,0.0,0.0,0.0
756,SRV02865,127,2023-2024,Public Service Occupational Health Program,BVG07,'Health Information',Health Canada,0.0,0.0,0.0
757,768,127,2023-2024,Health Canada General Enquiries,BVG07,'Health Information',Health Canada,0.0,0.0,0.0
758,771,127,2023-2024,Health Canada Publications,BVG07,'Health Information',Health Canada,0.0,0.0,0.0
759,772,127,2023-2024,Food and Drugs Act Liaison Office (FDALO),BVG07,'Health Information',Health Canada,0.0,0.0,0.0
760,873,127,2023-2024,Executive Correspondence,BVG07,'Health Information',Health Canada,0.0,0.0,0.0
761,1932,127,2023-2024,Status Confirmation Service (controlled substances),BVH13,'Controlled Substances',Health Canada,173470252.0,153807660.0,131850326.0
762,1937,127,2023-2024,Responding to enquiries from law enforcement,BVH13,'Controlled Substances',Health Canada,173470252.0,153807660.0,131850326.0
763,1938,127,2023-2024,Responding to enquiries from external stakeholders,BVH13,'Controlled Substances',Health Canada,173470252.0,153807660.0,131850326.0
764,1941,127,2023-2024,Notices of Restriction for Pharmacists and Practitioners,BVH13,'Controlled Substances',Health Canada,173470252.0,153807660.0,131850326.0
765,1943,127,2023-2024,Import-Export Permits,BVH14,'Cannabis',Health Canada,113866046.0,13055149.0,13495165.0
766,1947,127,2023-2024,Industrial Hemp Licences,BVH14,'Cannabis',Health Canada,113866046.0,13055149.0,13495165.0
767,1949,127,2023-2024,Exemptions under the Cannabis Act,BVH14,'Cannabis',Health Canada,113866046.0,13055149.0,13495165.0
768,1950,127,2023-2024,Tobacco Control Program - Enquiries and Complaints,BVH12,'Tobacco Control',Health Canada,34921880.0,35174460.0,34934375.0
769,1952,127,2023-2024,"Review, assess and action compliance issues related to cannabis and hemp",BVH14,'Cannabis',Health Canada,113866046.0,13055149.0,13495165.0
770,1953,127,2023-2024,Cannabis Product Recalls,BVH14,'Cannabis',Health Canada,113866046.0,13055149.0,13495165.0
771,1954,127,2023-2024,Initial Licensing,BVH14,'Cannabis',Health Canada,113866046.0,13055149.0,13495165.0
772,1955,127,2023-2024,Renewals and Amendments,BVH14,'Cannabis',Health Canada,113866046.0,13055149.0,13495165.0
773,1956,127,2023-2024,Security,BVH14,'Cannabis',Health Canada,113866046.0,13055149.0,13495165.0
774,1957,127,2023-2024,Personal Registration Certificates,BVH14,'Cannabis',Health Canada,113866046.0,13055149.0,13495165.0
775,1958,127,2023-2024,"Client Services - Call Centre, Cannabis, Correspondence",BVH14,'Cannabis',Health Canada,113866046.0,13055149.0,13495165.0
776,1960,127,2023-2024,Cannabis Police Services,BVH14,'Cannabis',Health Canada,113866046.0,13055149.0,13495165.0
777,1961,127,2023-2024,"Issuance of Licences for controlled substances and precursor chemicals under the Controlled Drugs and Substances Act and its Regulations (New, Renewal, Amendment) (CSCB)",BVH13,'Controlled Substances',Health Canada,173470252.0,153807660.0,131850326.0
778,1962,127,2023-2024,Issuance of Import and Export Permits for Controlled  Substances and Chemical Precursors under the Controlled Drugs and Substances Act and its Regulations (CSCB),BVH13,'Controlled Substances',Health Canada,173470252.0,153807660.0,131850326.0
779,1963,127,2023-2024,Issuance of Registrations for Class B Precursors,BVH13,'Controlled Substances',Health Canada,173470252.0,153807660.0,131850326.0
780,1964,127,2023-2024,Issuance of Authorization Certificates for Preparations or Mixtures of Class A or Class B Precursors under the Controlled Drugs and Substances Act and its Regulations (CSCB),BVH13,'Controlled Substances',Health Canada,173470252.0,153807660.0,131850326.0
781,1965,127,2023-2024,Exemptions to conduct research with controlled substances including clinical trials,BVH13,'Controlled Substances',Health Canada,173470252.0,153807660.0,131850326.0
782,1966,127,2023-2024,Exemptions to operate a supervised consumption site,BVH13,'Controlled Substances',Health Canada,173470252.0,153807660.0,131850326.0
783,1967,127,2023-2024,Issuance of Test Kit Registrations under the Controlled Drugs and Substances Act and its Regulations,BVH13,'Controlled Substances',Health Canada,173470252.0,153807660.0,131850326.0
784,2281,127,2023-2024,Cannabis Status Confirmation Service,BVH14,'Cannabis',Health Canada,113866046.0,13055149.0,13495165.0
785,SRV02901,127,2023-2024,Substance Use and Addictions Program,BVH13,'Controlled Substances',Health Canada,173470252.0,153807660.0,131850326.0
786,SRV02902,127,2023-2024,Respond to requests for information and complaints of Cannabis promotion prohibitions,BVH14,'Cannabis',Health Canada,113866046.0,13055149.0,13495165.0
787,SRV03016,127,2023-2024,Liaison with national and international enforcement partners,BVH13,'Controlled Substances',Health Canada,173470252.0,153807660.0,131850326.0
788,SRV03017,127,2023-2024,Exemptions from the Controlled Drugs and Substances Act in reponse to emergencies (CSCB),BVH13,'Controlled Substances',Health Canada,173470252.0,153807660.0,131850326.0
789,SRV03018,127,2023-2024,Issuance of No Objection Letters for imports,BVH13,'Controlled Substances',Health Canada,173470252.0,153807660.0,131850326.0
790,SRV03019,127,2023-2024,Issuance of Designated Device Registrations under the Controlled Drugs and Substances Act,BVH13,'Controlled Substances',Health Canada,173470252.0,153807660.0,131850326.0
791,770,127,2023-2024,Statement of Need Program,BVG21,'Responsive Health Care Systems',Health Canada,5029877511.0,5010616513.0,4450321031.0
792,SRV02854,127,2023-2024,Health Policy Branch Transfer Payment Programs,BVG21,'Responsive Health Care Systems',Health Canada,5029877511.0,5010616513.0,4450321031.0
793,3604,127,2023-2024,Canadian Dental Care Plan eligibility verification and enrollment,BVG22,'Healthy People and Communities',Health Canada,2330600947.0,3333755142.0,3926372009.0
794,761,127,2023-2024,Claim for Exemption under the Hazardous Materials Information Review Act,BVH11,'Workplace Hazardous Products',Health Canada,4615186.0,4549522.0,4573468.0
795,762,127,2023-2024,National Dose Registry,BVH15,'Radiation Protection',Health Canada,22738858.0,22791176.0,22725793.0
796,763,127,2023-2024,National Dosimetry Services,BVH15,'Radiation Protection',Health Canada,22738858.0,22791176.0,22725793.0
797,SRV02941,127,2023-2024,Radiological Risk Assessments,BVH15,'Radiation Protection',Health Canada,22738858.0,22791176.0,22725793.0
798,SRV02942,127,2023-2024,Human Monitoring and Assessment,BVH09,'Health Impacts of Chemicals',Health Canada,53022341.0,49912079.0,49406103.0
799,SRV02943,127,2023-2024,National Calibration Reference Centre Performance Testing Program,BVH15,'Radiation Protection',Health Canada,22738858.0,22791176.0,22725793.0
800,SRV02944,127,2023-2024,National Radon Program,BVH09,'Health Impacts of Chemicals',Health Canada,53022341.0,49912079.0,49406103.0
801,SRV02946,127,2023-2024,Chemical Emergency Response,BVH09,'Health Impacts of Chemicals',Health Canada,53022341.0,49912079.0,49406103.0
802,SRV02947,127,2023-2024,Health Surveillance and Monitoring: Incident Reporting,BVH09,'Health Impacts of Chemicals',Health Canada,53022341.0,49912079.0,49406103.0
803,SRV02948,127,2023-2024,Nuclear Emergency Response,BVH15,'Radiation Protection',Health Canada,22738858.0,22791176.0,22725793.0
804,SRV02952,127,2023-2024,Emergency Air Quality Guidance,BVH06,'Air Quality',Health Canada,21418167.0,21214262.0,20391416.0
805,SRV02953,127,2023-2024,Emergency Drinking Water Guidance,BVH08,'Water Quality',Health Canada,3040850.0,3048901.0,3012809.0
806,SRV03145,127,2023-2024,Canada's Toll-Free Number for Poison Centre Service (1-844-POISON-X),BVH09,'Health Impacts of Chemicals',Health Canada,53022341.0,49912079.0,49406103.0
807,3637,127,2023-2024,Research Ethics Board,BVH09,'Health Impacts of Chemicals',Health Canada,53022341.0,49912079.0,49406103.0
808,1089,127,2023-2024,Food Market Authorization and Standards,BVH05,'Food & Nutrition',Health Canada,70246767.0,69663300.0,67654855.0
809,2269,127,2023-2024,Listeriosis Reference Service for Canada,BVH05,'Food & Nutrition',Health Canada,70246767.0,69663300.0,67654855.0
810,2298,127,2023-2024,Botulism Reference Service for Canada,BVH05,'Food & Nutrition',Health Canada,70246767.0,69663300.0,67654855.0
811,3629,127,2023-2024,Drug Submission Evaluations of Human Pharmaceuticals,BVH01,'Pharmaceutical Drugs',Health Canada,97830799.0,99397423.0,98497506.0
812,3630,127,2023-2024,Drug Submission Evaluations of Biologic Products,BVH02,'Biologic and Radiopharmaceutical Drugs',Health Canada,52238152.0,51436467.0,50281873.0
813,3631,127,2023-2024,Drug Submission Evaluations of Veterinary Pharmaceuticals and Veterinary Health Products,BVH01,'Pharmaceutical Drugs',Health Canada,97830799.0,99397423.0,98497506.0
814,3632,127,2023-2024,Medical Device Submission Evaluations,BVH03,'Medical Devices',Health Canada,20409323.0,20731536.0,20760597.0
815,3633,127,2023-2024,Special Access Programs: Human Drugs,"BVH01,BVH02","'Pharmaceutical Drugs', 'Biologic and Radiopharmaceutical Drugs'",Health Canada,150068951.0,150833890.0,148779379.0
816,3634,127,2023-2024,Special Access Programs: Medical Devices,BVH03,'Medical Devices',Health Canada,20409323.0,20731536.0,20760597.0
817,3635,127,2023-2024,Natural Health Product Application Reviews,BVH04,'Natural Health Products',Health Canada,19962008.0,19894790.0,19716238.0
818,3636,127,2023-2024,Natural Health Product Site Licence Application Reviews,BVH04,'Natural Health Products',Health Canada,19962008.0,19894790.0,19716238.0
819,874,127,2023-2024,Certificate of Pharmaceutical Product (CPP) & Good Manufacturing Practices (GMP),BVH01,'Pharmaceutical Drugs',Health Canada,97830799.0,99397423.0,98497506.0
820,875,127,2023-2024,Drug Establishment Licensing (DEL),BVH01,'Pharmaceutical Drugs',Health Canada,97830799.0,99397423.0,98497506.0
821,876,127,2023-2024,Manufacturer's Certificate to Export licenced medical devices from Canada (MCE),BVH03,'Medical Devices',Health Canada,20409323.0,20731536.0,20760597.0
822,877,127,2023-2024,Medical Device Establishment Licencing (MDEL),BVH03,'Medical Devices',Health Canada,20409323.0,20731536.0,20760597.0
823,878,127,2023-2024,"Registration of a Cells, Tissues and Organs (CTO) Establishment",BVG07,'Health Information',Health Canada,0.0,0.0,0.0
824,879,127,2023-2024,Drug Analysis Service (DAS) - Forensic analysis services,BVH13,'Controlled Substances',Health Canada,173470252.0,153807660.0,131850326.0
825,880,127,2023-2024,Drug Analysis Service (DAS) - Support services,BVH13,'Controlled Substances',Health Canada,173470252.0,153807660.0,131850326.0
826,SRV03146,127,2023-2024,Cannabis Laboratory (CL) - Forensic analysis services,BVH14,'Cannabis',Health Canada,113866046.0,13055149.0,13495165.0
827,850,127,2023-2024,Category A - Authorizations under the Pest Control Product Regulations,BVH16,'Pesticides',Health Canada,45717566.0,46547141.0,46655929.0
828,859,127,2023-2024,Category B - Authorizations under the Pest Control Product Regulations,BVH16,'Pesticides',Health Canada,45717566.0,46547141.0,46655929.0
829,860,127,2023-2024,Category C - Authorizations under the Pest Control Product Regulations,BVH16,'Pesticides',Health Canada,45717566.0,46547141.0,46655929.0
830,861,127,2023-2024,Category D - Authorizations under the Pest Control Product Regulations,BVH16,'Pesticides',Health Canada,45717566.0,46547141.0,46655929.0
831,862,127,2023-2024,Category E - Authorizations under the Pest Control Product Regulations,BVH16,'Pesticides',Health Canada,45717566.0,46547141.0,46655929.0
832,863,127,2023-2024,Category F - Authorizations under the Pest Control Product Regulations,BVH16,'Pesticides',Health Canada,45717566.0,46547141.0,46655929.0
833,864,127,2023-2024,Category L - Authorizations under the Pest Control Product Regulations,BVH16,'Pesticides',Health Canada,45717566.0,46547141.0,46655929.0
834,865,127,2023-2024,Pest Management Information Service,BVH16,'Pesticides',Health Canada,45717566.0,46547141.0,46655929.0
835,866,127,2023-2024,User Requested Minor Use Label Expansions (URMULE),BVH16,'Pesticides',Health Canada,45717566.0,46547141.0,46655929.0
836,867,127,2023-2024,Application for the Inspection of Confidential Test Data,BVH16,'Pesticides',Health Canada,45717566.0,46547141.0,46655929.0
837,868,127,2023-2024,Category P – Pre-submission Consultation,BVH16,'Pesticides',Health Canada,45717566.0,46547141.0,46655929.0
838,3733,174,2023-2024,Adjudication of Immigration and Refugee cases,"BGC01,BGC02,BGC03,BGC04","'Refugee Protection Decisions', 'Refugee Appeal Decisions', 'Admissibility and Detention Decisions', 'Immigration Appeal Decisions'",Immigration and Refugee Board of Canada,267736349.0,219273526.0,216596809.0
839,1422,123,2023-2024,Electronic Travel Authorization,BGD01,'Visitors',"Immigration, Refugees and Citizenship Canada",130338071.0,120527605.0,131957046.0
840,1423,123,2023-2024,Temporary Resident Visa,BGD01,'Visitors',"Immigration, Refugees and Citizenship Canada",130338071.0,120527605.0,131957046.0
841,1426,123,2023-2024,Temporary Resident Permit,BGD01,'Visitors',"Immigration, Refugees and Citizenship Canada",130338071.0,120527605.0,131957046.0
842,1428,123,2023-2024,Study Permit,BGD02,'International Students',"Immigration, Refugees and Citizenship Canada",84679301.0,86896149.0,72001703.0
843,1450,123,2023-2024,Resettled Refugees - Permanent Residence,BGE05,'Refugee Resettlement',"Immigration, Refugees and Citizenship Canada",713891057.0,402952944.0,393473290.0
844,1455,123,2023-2024,Protected Person & Dependants - Permanent Residence,BGE06,'Asylum',"Immigration, Refugees and Citizenship Canada",214140412.0,188000007.0,184698217.0
845,1457,123,2023-2024,In-Canada Asylum Claim,BGE06,'Asylum',"Immigration, Refugees and Citizenship Canada",214140412.0,188000007.0,184698217.0
846,1466,123,2023-2024,Resettlement Assistance Program Transfer Payments: Contributions to Service Provider Organisations,BGE05,'Refugee Resettlement',"Immigration, Refugees and Citizenship Canada",713891057.0,402952944.0,393473290.0
847,1470,123,2023-2024,Resettlement Assistance Program Transfer Payments: Income Support to Refugees in Canada,BGE05,'Refugee Resettlement',"Immigration, Refugees and Citizenship Canada",713891057.0,402952944.0,393473290.0
848,1488,123,2023-2024,Proof of Citizenship,BGF01,'Citizenship',"Immigration, Refugees and Citizenship Canada",89165068.0,90823884.0,92011918.0
849,2132,123,2023-2024,Settlement Program Transfer Payments,BGE07,'Settlement',"Immigration, Refugees and Citizenship Canada",2017133697.0,2021828036.0,2041249322.0
850,2238,123,2023-2024,Client Support Centre,"BGD01,BGD02,BGD03,BGE01,BGE02,BGE03,BGE04,BGE05,BGE06,BGE07,BGF01,BGF02","'Visitors', 'International Students', 'Temporary Workers', 'Federal Economic Immigration', 'Regional Economic Immigration', 'Family Reunification', 'Humanitarian/Compassionate and Discretionary Immigration', 'Refugee Resettlement', 'Asylum', 'Settlement', 'Citizenship', 'Passport'","Immigration, Refugees and Citizenship Canada",3669623560.0,3305342720.0,3290853228.0
851,SRV03044,123,2023-2024,Federal Economic Immigration- Permanent Residence,BGE01,'Federal Economic Immigration',"Immigration, Refugees and Citizenship Canada",96753103.0,97927795.0,100774983.0
852,SRV03045,123,2023-2024,Regional Economic Immigration- Permanent Residence,BGE02,'Regional Economic Immigration',"Immigration, Refugees and Citizenship Canada",60156041.0,59701550.0,58820934.0
853,SRV03046,123,2023-2024,Family Reunification- Permanent Residence,BGE03,'Family Reunification',"Immigration, Refugees and Citizenship Canada",94472625.0,92844603.0,94846646.0
854,SRV03047,123,2023-2024,Humanitarian/Compassionate and Discretionary Immigration- Permanent Residence,BGE04,'Humanitarian/Compassionate and Discretionary Immigration',"Immigration, Refugees and Citizenship Canada",22499229.0,21972216.0,21709398.0
855,SRV03048,123,2023-2024,Grant of Citizenship,BGF01,'Citizenship',"Immigration, Refugees and Citizenship Canada",89165068.0,90823884.0,92011918.0
856,SRV03049,123,2023-2024,Passports & Travel Documents,BGF02,'Passport',"Immigration, Refugees and Citizenship Canada",41097803.0,18728982.0,6075804.0
857,SRV03050,123,2023-2024,Passport Administrative Services,BGF02,'Passport',"Immigration, Refugees and Citizenship Canada",41097803.0,18728982.0,6075804.0
858,SRV03051,123,2023-2024,Work Permit,BGD03,'Temporary Workers',"Immigration, Refugees and Citizenship Canada",105297153.0,103138949.0,93233967.0
859,1679,63,2023-2024,Canadian Impact Assessment Registry,BGV03,"'Assessment Administration, Conduct, and Monitoring'",Impact Assessment Agency of Canada,66652734.0,51488523.0,51496660.0
860,2569,63,2023-2024,Indigenous Capacity Support Program,BGV04,'Indigenous Relations and Engagement',Impact Assessment Agency of Canada,18662765.0,14416786.0,14419065.0
861,2115,63,2023-2024,introduction to and Advanced Training on the IAA,BGV03,"'Assessment Administration, Conduct, and Monitoring'",Impact Assessment Agency of Canada,66652734.0,51488523.0,51496660.0
862,2570,63,2023-2024,Participant Funding Program,BGV03,"'Assessment Administration, Conduct, and Monitoring'",Impact Assessment Agency of Canada,66652734.0,51488523.0,51496660.0
863,2571,63,2023-2024,Policy Dialogue Program,BGV04,'Indigenous Relations and Engagement',Impact Assessment Agency of Canada,18662765.0,14416786.0,14419065.0
864,2572,63,2023-2024,Projects subject to federal assessment under the IAA,BGV03,"'Assessment Administration, Conduct, and Monitoring'",Impact Assessment Agency of Canada,66652734.0,51488523.0,51496660.0
865,SRV02863,63,2023-2024,"Requests for designation, regional assessment, and strategic assessment",BGV03,"'Assessment Administration, Conduct, and Monitoring'",Impact Assessment Agency of Canada,66652734.0,51488523.0,51496660.0
866,2573,63,2023-2024,Research Program,BGV03,"'Assessment Administration, Conduct, and Monitoring'",Impact Assessment Agency of Canada,66652734.0,51488523.0,51496660.0
867,1721,63,2023-2024,Respond to Correspondence Addressed to the Minister,ISS02,'Communications Services',Impact Assessment Agency of Canada,0.0,0.0,0.0
868,1722,63,2023-2024,Respond to Correspondence Addressed to the President,ISS02,'Communications Services',Impact Assessment Agency of Canada,0.0,0.0,0.0
869,1236,348,2023-2024,Funding for Essential Community-Based Services: Assisted Living,BYP02,'Home and Long-Term Care',Department of Indigenous Services,362415047.0,296573235.0,298531757.0
870,1239,348,2023-2024,Funding for Essential Community-Based Services: Income Assistance,BYP09,'Income Assistance',Department of Indigenous Services,1280885034.0,1301474514.0,1347644131.0
871,1241,348,2023-2024,Funding Essential Community-Based Services: Family Violence Prevention Shelter Program,BYP07,'Safety and Prevention Services',Department of Indigenous Services,180667599.0,194227339.0,157017557.0
872,1247,348,2023-2024,Funding for Essential Community-Based Services: Urban Programming for Indigenous Peoples,BYP10,'Urban Programming for Indigenous Peoples',Department of Indigenous Services,271326839.0,29598605.0,29543056.0
873,1300,348,2023-2024,Funding Essential Community-Based Services: Elementary and Secondary Education,BYP11,'Elementary and Secondary Education',Department of Indigenous Services,2941079695.0,2975026782.0,3012752246.0
874,1302,348,2023-2024,First Nations and Inuit Skills Link Program,BYP12,'Post-Secondary Education',Department of Indigenous Services,515841188.0,482249957.0,494113737.0
875,1305,348,2023-2024,First Nations and Inuit Summer Work Experience Program,BYP12,'Post-Secondary Education',Department of Indigenous Services,515841188.0,482249957.0,494113737.0
876,1310,348,2023-2024,First Nations and Inuit Cultural Education Centres Program Funding,BYP12,'Post-Secondary Education',Department of Indigenous Services,515841188.0,482249957.0,494113737.0
877,1313,348,2023-2024,"First Nations, Métis Nation and Inuit Post-Secondary Education Strategies",BYP12,'Post-Secondary Education',Department of Indigenous Services,515841188.0,482249957.0,494113737.0
878,1729,348,2023-2024,Federal On-Reserve School Operations and Funding,BYP11,'Elementary and Secondary Education',Department of Indigenous Services,2941079695.0,2975026782.0,3012752246.0
879,1755,348,2023-2024,Band Support Funding,BYP18,'Indigenous Governance and Capacity Supports',Department of Indigenous Services,558709365.0,464499963.0,463670741.0
880,1756,348,2023-2024,Tribal Council Funding,BYP18,'Indigenous Governance and Capacity Supports',Department of Indigenous Services,558709365.0,464499963.0,463670741.0
881,1757,348,2023-2024,Employee Benefits,BYP18,'Indigenous Governance and Capacity Supports',Department of Indigenous Services,558709365.0,464499963.0,463670741.0
882,1758,348,2023-2024,Professional and Institutional Development,BYP18,'Indigenous Governance and Capacity Supports',Department of Indigenous Services,558709365.0,464499963.0,463670741.0
883,1759,348,2023-2024,"Emergency Management, Crisis & Strategic Communications: First Nations Emergency Management Funding",BYP15,'Emergency Management Assistance',Department of Indigenous Services,197421515.0,99221789.0,99187303.0
884,1760,348,2023-2024,On-Reserve Education Facilities Funding,BYP13,'Community Infrastructure',Department of Indigenous Services,4301518332.0,2660226415.0,2789250033.0
885,1761,348,2023-2024,On-Reserve Education Facilities Policy and Technical Support,BYP13,'Community Infrastructure',Department of Indigenous Services,4301518332.0,2660226415.0,2789250033.0
886,1763,348,2023-2024,On-Reserve Education Facilities Capacity Building,BYP13,'Community Infrastructure',Department of Indigenous Services,4301518332.0,2660226415.0,2789250033.0
887,1764,348,2023-2024,On-Reserve Water and Wastewater,BYP13,'Community Infrastructure',Department of Indigenous Services,4301518332.0,2660226415.0,2789250033.0
888,1765,348,2023-2024,On-Reserve Other Community Infrastructure Policy and Technical Support,BYP13,'Community Infrastructure',Department of Indigenous Services,4301518332.0,2660226415.0,2789250033.0
889,1767,348,2023-2024,"On-Reserve Housing: Funding, Policy and Technical Support, and Capacity Building",BYP13,'Community Infrastructure',Department of Indigenous Services,4301518332.0,2660226415.0,2789250033.0
890,1770,348,2023-2024,On-Reserve Other Community Infrastructure Funding,BYP13,'Community Infrastructure',Department of Indigenous Services,4301518332.0,2660226415.0,2789250033.0
891,2041,348,2023-2024,Treaty Annuity Payments,BYP18,'Indigenous Governance and Capacity Supports',Department of Indigenous Services,558709365.0,464499963.0,463670741.0
892,2042,348,2023-2024,Transfers of Band Moneys,BYP18,'Indigenous Governance and Capacity Supports',Department of Indigenous Services,558709365.0,464499963.0,463670741.0
893,2043,348,2023-2024,Treaty Payments Events,BYP18,'Indigenous Governance and Capacity Supports',Department of Indigenous Services,558709365.0,464499963.0,463670741.0
894,2044,348,2023-2024,Indian Moneys Expenditure Requests,BYP18,'Indigenous Governance and Capacity Supports',Department of Indigenous Services,558709365.0,464499963.0,463670741.0
895,2045,348,2023-2024,Individual Trust Account Payout Requests,BYP18,'Indigenous Governance and Capacity Supports',Department of Indigenous Services,558709365.0,464499963.0,463670741.0
896,2046,348,2023-2024,Estates Management,BYP18,'Indigenous Governance and Capacity Supports',Department of Indigenous Services,558709365.0,464499963.0,463670741.0
897,2047,348,2023-2024,Indian Registry,BYP18,'Indigenous Governance and Capacity Supports',Department of Indigenous Services,558709365.0,464499963.0,463670741.0
898,2048,348,2023-2024,Issuance of the Secure Certificate of Indian Status,BYP18,'Indigenous Governance and Capacity Supports',Department of Indigenous Services,558709365.0,464499963.0,463670741.0
899,2557,348,2023-2024,On-Reserve Other Community Infrastructure Capacity Building,BYP13,'Community Infrastructure',Department of Indigenous Services,4301518332.0,2660226415.0,2789250033.0
900,3594,348,2023-2024,Community Development Wrap-Around Initiative,BYP18,'Indigenous Governance and Capacity Supports',Department of Indigenous Services,558709365.0,464499963.0,463670741.0
901,SRV03384,348,2023-2024,Contribution Agreement Funding related to Article 24 of the Nunavut Agreement,BYP14,'Communities & The Environment',Department of Indigenous Services,320078150.0,300052742.0,330975622.0
902,SRV03380,348,2023-2024,Aboriginal Entrepreneurship Program - Access to Business Opportunities stream,BYP16,'Community Economic Development',Department of Indigenous Services,171263838.0,171265197.0,169866246.0
903,2049,348,2023-2024,Community-Based Services: First Nations Economic Development Capacity & Readiness Funding,BYP16,'Community Economic Development',Department of Indigenous Services,171263838.0,171265197.0,169866246.0
904,2050,348,2023-2024,First Nations Commercial and Industrial Development Act,BYP16,'Community Economic Development',Department of Indigenous Services,171263838.0,171265197.0,169866246.0
905,2052,348,2023-2024,Amendments to Schedule I of The First Nation Oil And Gas And Moneys Management Act,BYP16,'Community Economic Development',Department of Indigenous Services,171263838.0,171265197.0,169866246.0
906,2053,348,2023-2024,Funding for Essential Community-Based Services: First Nation Land Management,BYP14,'Communities & The Environment',Department of Indigenous Services,320078150.0,300052742.0,330975622.0
907,2056,348,2023-2024,Aboriginal Entrepreneurship Program - Access to Capital,BYP16,'Community Economic Development',Department of Indigenous Services,171263838.0,171265197.0,169866246.0
908,2058,348,2023-2024,Procurement Strategy for Indigenous Business and the Indigenous Business Directory,BYP14,'Communities & The Environment',Department of Indigenous Services,320078150.0,300052742.0,330975622.0
909,2059,348,2023-2024,Community Based On-Reserve Oil and Gas Management,BYP16,'Community Economic Development',Department of Indigenous Services,171263838.0,171265197.0,169866246.0
910,2060,348,2023-2024,Indian Land Registry,BYP14,'Communities & The Environment',Department of Indigenous Services,320078150.0,300052742.0,330975622.0
911,2061,348,2023-2024,Funding Community-Based Services: Reserve Land and Environment Management Program,BYP14,'Communities & The Environment',Department of Indigenous Services,320078150.0,300052742.0,330975622.0
912,2062,348,2023-2024,Contaminated Sites On-Reserve Program,BYP14,'Communities & The Environment',Department of Indigenous Services,320078150.0,300052742.0,330975622.0
913,2063,348,2023-2024,Land Use Planning,BYP14,'Communities & The Environment',Department of Indigenous Services,320078150.0,300052742.0,330975622.0
914,2064,348,2023-2024,First Nations Waste Management Initiative,BYP14,'Communities & The Environment',Department of Indigenous Services,320078150.0,300052742.0,330975622.0
915,2065,348,2023-2024,Environmental Review Process,BYP14,'Communities & The Environment',Department of Indigenous Services,320078150.0,300052742.0,330975622.0
916,2066,348,2023-2024,Additions to Reserve,BYP14,'Communities & The Environment',Department of Indigenous Services,320078150.0,300052742.0,330975622.0
917,2068,348,2023-2024,Band Governance Management System,BYP18,'Indigenous Governance and Capacity Supports',Department of Indigenous Services,558709365.0,464499963.0,463670741.0
918,2069,348,2023-2024,Matrimonial Real Property,BYP18,'Indigenous Governance and Capacity Supports',Department of Indigenous Services,558709365.0,464499963.0,463670741.0
919,2447,348,2023-2024,Indian Act Land Administration,BYP14,'Communities & The Environment',Department of Indigenous Services,320078150.0,300052742.0,330975622.0
920,2495,348,2023-2024,Impact Assessment Process,BYP14,'Communities & The Environment',Department of Indigenous Services,320078150.0,300052742.0,330975622.0
921,SRV03381,348,2023-2024,Jordan's Principle: Funding,BYP06,"""Jordan's Principle and the Inuit Child First Initiative""",Department of Indigenous Services,1607837724.0,783406706.0,783835911.0
922,SRV03382,348,2023-2024,Inuit Child First Initiative: Direct Service Delivery,BYP06,"""Jordan's Principle and the Inuit Child First Initiative""",Department of Indigenous Services,1607837724.0,783406706.0,783835911.0
923,SRV03383,348,2023-2024,Inuit Child First Initiative: Funding,BYP06,"""Jordan's Principle and the Inuit Child First Initiative""",Department of Indigenous Services,1607837724.0,783406706.0,783835911.0
924,1778,348,2023-2024,Supplementary Health Benefits - Direct Service Delivery,BYP05,'Supplementary Health Benefits',Department of Indigenous Services,1773125307.0,1982810769.0,2010963819.0
925,1783,348,2023-2024,Supplementary Health Benefits- Funding,BYP05,'Supplementary Health Benefits',Department of Indigenous Services,1773125307.0,1982810769.0,2010963819.0
926,1786,348,2023-2024,Primary Health Care: Clinical and Client Care - Direct Service Delivery,BYP03,'Primary Health Care',Department of Indigenous Services,414924052.0,397195094.0,345074636.0
927,1791,348,2023-2024,Primary Health Care: Clinical and Client Care - Funding,BYP03,'Primary Health Care',Department of Indigenous Services,414924052.0,397195094.0,345074636.0
928,1795,348,2023-2024,Home and Long-Term Care: Home & Community Care -  Direct Service Delivery,BYP02,'Home and Long-Term Care',Department of Indigenous Services,362415047.0,296573235.0,298531757.0
929,1797,348,2023-2024,Home and Long-Term Care: Home and Community Care - Funding,BYP02,'Home and Long-Term Care',Department of Indigenous Services,362415047.0,296573235.0,298531757.0
930,1798,348,2023-2024,Primary Health Care: Community Oral Health Services - Direct Service Delivery,BYP03,'Primary Health Care',Department of Indigenous Services,414924052.0,397195094.0,345074636.0
931,1799,348,2023-2024,Primary Health Care: Community Oral Health Services - Funding,BYP03,'Primary Health Care',Department of Indigenous Services,414924052.0,397195094.0,345074636.0
932,1800,348,2023-2024,Public Health Promotion and Disease Prevention Direct Service Delivery,BYP01,'Public Health Promotion and Disease Prevention',Department of Indigenous Services,1217308132.0,1153045320.0,1161100240.0
933,1802,348,2023-2024,Public Health Protection and Disease Prevention: Environmental Public Health - Direct Service Delivery,BYP01,'Public Health Promotion and Disease Prevention',Department of Indigenous Services,1217308132.0,1153045320.0,1161100240.0
934,1803,348,2023-2024,Public Health Protection and Disease Prevention: Environmental Public Health - Funding,BYP01,'Public Health Promotion and Disease Prevention',Department of Indigenous Services,1217308132.0,1153045320.0,1161100240.0
935,1804,348,2023-2024,Jordan's Principle: Direct Service Delivery,BYP06,"""Jordan's Principle and the Inuit Child First Initiative""",Department of Indigenous Services,1607837724.0,783406706.0,783835911.0
936,1805,348,2023-2024,Jordan's Principle: Funds for Coordination under Canadian Human Rights Tribunal (CHRT 41),BYP06,"""Jordan's Principle and the Inuit Child First Initiative""",Department of Indigenous Services,1607837724.0,783406706.0,783835911.0
937,1806,348,2023-2024,Public Health Promotion and Disease Prevention: Mental Wellness - Funding,BYP01,'Public Health Promotion and Disease Prevention',Department of Indigenous Services,1217308132.0,1153045320.0,1161100240.0
938,1807,348,2023-2024,Public Health Promotion and Disease Prevention: Healthy Child Development - Funding,BYP01,'Public Health Promotion and Disease Prevention',Department of Indigenous Services,1217308132.0,1153045320.0,1161100240.0
939,1808,348,2023-2024,Public Health Promotion and Disease Prevention: Healthy Living - Funding,BYP01,'Public Health Promotion and Disease Prevention',Department of Indigenous Services,1217308132.0,1153045320.0,1161100240.0
940,1809,348,2023-2024,Public Health Promotion and Disease Prevention: Communicable Disease Control and Management - Funding,BYP01,'Public Health Promotion and Disease Prevention',Department of Indigenous Services,1217308132.0,1153045320.0,1161100240.0
941,1810,348,2023-2024,Health Systems Support: Health Human Resources - Funding,BYP04,'Health Systems Support',Department of Indigenous Services,887432229.0,736815175.0,776315764.0
942,1811,348,2023-2024,Community Infrastructure: Health Facilities-Funding,BYP13,'Community Infrastructure',Department of Indigenous Services,4301518332.0,2660226415.0,2789250033.0
943,1812,348,2023-2024,Primary Health Care : eHealth Infostructure - Funding,BYP03,'Primary Health Care',Department of Indigenous Services,414924052.0,397195094.0,345074636.0
944,1813,348,2023-2024,"Health Systems Support: Health Planning, Quality Management and Systems Integration - Funding",BYP04,'Health Systems Support',Department of Indigenous Services,887432229.0,736815175.0,776315764.0
945,1814,348,2023-2024,Health Systems Support: British Columbia Tripartite and Health Systems Transformations - Funding,BYP04,'Health Systems Support',Department of Indigenous Services,887432229.0,736815175.0,776315764.0
946,SRV02898,348,2023-2024,Promotion and Disease Prevention: Communicable Disease Control and Management - Direct Service Delivery,BYP01,'Public Health Promotion and Disease Prevention',Department of Indigenous Services,1217308132.0,1153045320.0,1161100240.0
947,1366,348,2023-2024,Departmental Library,ISS06,'Information Management Services',Department of Indigenous Services,21433487.0,21183362.0,20772732.0
948,1367,348,2023-2024,Public Enquiries,ISS06,'Information Management Services',Department of Indigenous Services,21433487.0,21183362.0,20772732.0
949,1731,348,2023-2024,Enterprise Information and Records Management,ISS06,'Information Management Services',Department of Indigenous Services,21433487.0,21183362.0,20772732.0
950,1528,348,2023-2024,Media Enquiries,ISS02,'Communications Services',Department of Indigenous Services,18491001.0,16722530.0,16095615.0
951,1534,348,2023-2024,Social Media Responses to Public Enquiries,ISS02,'Communications Services',Department of Indigenous Services,18491001.0,16722530.0,16095615.0
952,SRV02899,348,2023-2024,Pathways to Safe Indigenous Communities,BYP18,'Indigenous Governance and Capacity Supports',Department of Indigenous Services,558709365.0,464499963.0,463670741.0
953,2010,348,2023-2024,New Fiscal Relationship (10 Year) Grant,BYP18,'Indigenous Governance and Capacity Supports',Department of Indigenous Services,558709365.0,464499963.0,463670741.0
954,1233,348,2023-2024,Funding for Essential Community-Based Services: First Nations Child and Family Services,BYP08,'Child and Family Services',Department of Indigenous Services,3702615065.0,2311154143.0,2359059556.0
955,2451,348,2023-2024,Coordination Agreement Discussions Tables,BYP08,'Child and Family Services',Department of Indigenous Services,3702615065.0,2311154143.0,2359059556.0
956,2452,348,2023-2024,"Notices and requests related to An Act respecting First Nations, Inuit and Métis children, youth and families",BYP08,'Child and Family Services',Department of Indigenous Services,3702615065.0,2311154143.0,2359059556.0
957,2219,130,2023-2024,Women Entrepreneurship Knowledge Hub,BNN02,'Support for Underrepresented Entrepreneurs',"Innovation, Science and Economic Development Canada",181492279.0,23708000.0,943695.0
958,1335,130,2023-2024,Business Benefits Finder,BNP01,'Business Innovation',"Innovation, Science and Economic Development Canada",3294361497.0,4702118368.0,5189483729.0
959,1265,130,2023-2024,IP Advisory Services,BNP11,'Intellectual Property',"Innovation, Science and Economic Development Canada",19397096.0,-4406549.0,-22285780.0
960,1307,130,2023-2024,Strategic Innovation Fund (SIF) Online Application,BNP01,'Business Innovation',"Innovation, Science and Economic Development Canada",3294361497.0,4702118368.0,5189483729.0
961,1304,130,2023-2024,Issuing Radio Operator Certificates,BNP06,'Spectrum and Telecommunications',"Innovation, Science and Economic Development Canada",179717208.0,138041255.0,124545370.0
962,2228,130,2023-2024,CRC-Intellectual Property Licensing,BNP06,'Spectrum and Telecommunications',"Innovation, Science and Economic Development Canada",179717208.0,138041255.0,124545370.0
963,2227,130,2023-2024,Strategic Science Fund (SSF),BNO01,'Science and Research',"Innovation, Science and Economic Development Canada",969539190.0,761316770.0,728095257.0
964,2225,130,2023-2024,Innovative Solutions Canada Program,BNP01,'Business Innovation',"Innovation, Science and Economic Development Canada",3294361497.0,4702118368.0,5189483729.0
965,1303,130,2023-2024,"Certification, Coordination, and Technical Analysis for Broadcast Radio and TV",BNP06,'Spectrum and Telecommunications',"Innovation, Science and Economic Development Canada",179717208.0,138041255.0,124545370.0
966,1306,130,2023-2024,Issuing Radio/Spectrum Licences,BNP06,'Spectrum and Telecommunications',"Innovation, Science and Economic Development Canada",179717208.0,138041255.0,124545370.0
967,2218,130,2023-2024,Black Entrepreneurship Program,BNN02,'Support for Underrepresented Entrepreneurs',"Innovation, Science and Economic Development Canada",181492279.0,23708000.0,943695.0
968,2084,130,2023-2024,Financial Performance Data,BNP01,'Business Innovation',"Innovation, Science and Economic Development Canada",3294361497.0,4702118368.0,5189483729.0
969,2080,130,2023-2024,Canadian Industry Statistics,BNP01,'Business Innovation',"Innovation, Science and Economic Development Canada",3294361497.0,4702118368.0,5189483729.0
970,2083,130,2023-2024,Trade Data Online,BNP01,'Business Innovation',"Innovation, Science and Economic Development Canada",3294361497.0,4702118368.0,5189483729.0
971,2082,130,2023-2024,Canadian Importers Database,BNP01,'Business Innovation',"Innovation, Science and Economic Development Canada",3294361497.0,4702118368.0,5189483729.0
972,2235,130,2023-2024,Accelerated Growth Service,BNP01,'Business Innovation',"Innovation, Science and Economic Development Canada",3294361497.0,4702118368.0,5189483729.0
973,1333,130,2023-2024,BizPal,BNP01,'Business Innovation',"Innovation, Science and Economic Development Canada",3294361497.0,4702118368.0,5189483729.0
974,3599,130,2023-2024,Global Innovation Clusters Program,BNP01,'Business Innovation',"Innovation, Science and Economic Development Canada",3294361497.0,4702118368.0,5189483729.0
975,SRV02790,130,2023-2024,Intellectual Property Centre of Expertise (IP CoE),BNP11,'Intellectual Property',"Innovation, Science and Economic Development Canada",19397096.0,-4406549.0,-22285780.0
976,SRV03177,130,2023-2024,Development of Emergency Economic Stimulus Packages,BNP01,'Business Innovation',"Innovation, Science and Economic Development Canada",3294361497.0,4702118368.0,5189483729.0
977,SRV03224,130,2023-2024,Critical Infrastructure and Manufacturing Plan (CIMP): Reporting on manufacturing sector impacts from critical infrastructure disruptions,BNP01,'Business Innovation',"Innovation, Science and Economic Development Canada",3294361497.0,4702118368.0,5189483729.0
978,SRV03227,130,2023-2024,International Radio Frequency Coordination,BNP06,'Spectrum and Telecommunications',"Innovation, Science and Economic Development Canada",179717208.0,138041255.0,124545370.0
979,SRV03228,130,2023-2024,Information and Communications Technology Critical Infrastructure Resilience – Cyber Security,BNP06,'Spectrum and Telecommunications',"Innovation, Science and Economic Development Canada",179717208.0,138041255.0,124545370.0
980,SRV03230,130,2023-2024,Emergency Telecommunications,BNP06,'Spectrum and Telecommunications',"Innovation, Science and Economic Development Canada",179717208.0,138041255.0,124545370.0
981,SRV03232,130,2023-2024,Remediation of Terrestrial Interference,BNP06,'Spectrum and Telecommunications',"Innovation, Science and Economic Development Canada",179717208.0,138041255.0,124545370.0
982,SRV03235,130,2023-2024,Affixing the Great Seal of Canada on formal documents,ISS01,'Management and Oversight Services',"Innovation, Science and Economic Development Canada",54434286.0,55051061.0,54695700.0
983,2260,130,2023-2024,"Investment Canada Act (ICA) Net Benefit Review, National Security Review",BNP18,'Marketplace Protection and Promotion',"Innovation, Science and Economic Development Canada",90652927.0,83389758.0,57629629.0
984,2021,130,2023-2024,IP Data,BNP11,'Intellectual Property',"Innovation, Science and Economic Development Canada",19397096.0,-4406549.0,-22285780.0
985,2216,130,2023-2024,"IP Education, tools, and resources",BNP11,'Intellectual Property',"Innovation, Science and Economic Development Canada",19397096.0,-4406549.0,-22285780.0
986,2248,130,2023-2024,Patent Collective Pilot Program (Gs&Cs),BNP11,'Intellectual Property',"Innovation, Science and Economic Development Canada",19397096.0,-4406549.0,-22285780.0
987,2251,130,2023-2024,Intellectual Property Clinics Program (Gs&Cs),BNP11,'Intellectual Property',"Innovation, Science and Economic Development Canada",19397096.0,-4406549.0,-22285780.0
988,2380,130,2023-2024,Canada Business App,BNP05,'Digital Service',"Innovation, Science and Economic Development Canada",11557259.0,11595554.0,11607099.0
989,3601,130,2023-2024,Portfolio Management,ISS01,'Management and Oversight Services',"Innovation, Science and Economic Development Canada",54434286.0,55051061.0,54695700.0
990,1291,130,2023-2024,Contributions Program for Non-Profit Consumer and Voluntary Organizations,BNP18,'Marketplace Protection and Promotion',"Innovation, Science and Economic Development Canada",90652927.0,83389758.0,57629629.0
991,1246,130,2023-2024,Information Centre - Law Enforcement,BNP12,'Competition Law Enforcement and Promotion',"Innovation, Science and Economic Development Canada",66572577.0,66418689.0,65620929.0
992,1244,130,2023-2024,Merger Review - Competition Law Enforcement,BNP12,'Competition Law Enforcement and Promotion',"Innovation, Science and Economic Development Canada",66572577.0,66418689.0,65620929.0
993,1250,130,2023-2024,Written Opinions,BNP12,'Competition Law Enforcement and Promotion',"Innovation, Science and Economic Development Canada",66572577.0,66418689.0,65620929.0
994,2217,130,2023-2024,Register Integrated Circuit Topography,BNP11,'Intellectual Property',"Innovation, Science and Economic Development Canada",19397096.0,-4406549.0,-22285780.0
995,SRV03225,130,2023-2024,Spectrum Auction,BNP06,'Spectrum and Telecommunications',"Innovation, Science and Economic Development Canada",179717208.0,138041255.0,124545370.0
996,SRV03226,130,2023-2024,Satellite Operations,BNP06,'Spectrum and Telecommunications',"Innovation, Science and Economic Development Canada",179717208.0,138041255.0,124545370.0
997,989,130,2023-2024,Complaint Investigation of Suspected Inaccurate Measurement,BNP18,'Marketplace Protection and Promotion',"Innovation, Science and Economic Development Canada",90652927.0,83389758.0,57629629.0
998,1253,130,2023-2024,Register Industrial Designs,BNP11,'Intellectual Property',"Innovation, Science and Economic Development Canada",19397096.0,-4406549.0,-22285780.0
999,1255,130,2023-2024,Register Copyrights,BNP11,'Intellectual Property',"Innovation, Science and Economic Development Canada",19397096.0,-4406549.0,-22285780.0
1000,SRV03267,130,2023-2024,Electricity and Natural Gas Measuring Apparatus Accuracy,BNP18,'Marketplace Protection and Promotion',"Innovation, Science and Economic Development Canada",90652927.0,83389758.0,57629629.0
1001,1258,130,2023-2024,Register Trademarks,BNP11,'Intellectual Property',"Innovation, Science and Economic Development Canada",19397096.0,-4406549.0,-22285780.0
1002,2222,130,2023-2024,Canada Digital Adoption Program - Grow Your Business Online,BNN02,'Support for Underrepresented Entrepreneurs',"Innovation, Science and Economic Development Canada",181492279.0,23708000.0,943695.0
1003,2250,130,2023-2024,Indigenous Intellectual Property Program Grant (Gs&Cs),BNP11,'Intellectual Property',"Innovation, Science and Economic Development Canada",19397096.0,-4406549.0,-22285780.0
1004,1248,130,2023-2024,CA Identification Number Application & Updates,BNP12,'Competition Law Enforcement and Promotion',"Innovation, Science and Economic Development Canada",66572577.0,66418689.0,65620929.0
1005,1323,130,2023-2024,CanCode,BNP17,'Talent Development',"Innovation, Science and Economic Development Canada",287703256.0,273614069.0,16278596.0
1006,1222,130,2023-2024,Licensed Insolvency Trustee (LIT) Licence Renewal,BNP18,'Marketplace Protection and Promotion',"Innovation, Science and Economic Development Canada",90652927.0,83389758.0,57629629.0
1007,1301,130,2023-2024,Clean Growth Hub,BNP07,'Clean Technology and Clean Growth',"Innovation, Science and Economic Development Canada",194933204.0,165683458.0,103085612.0
1008,1234,130,2023-2024,Licensed Insolvency Trustee (LIT) License Issuance Decisions,BNP18,'Marketplace Protection and Promotion',"Innovation, Science and Economic Development Canada",90652927.0,83389758.0,57629629.0
1009,3600,130,2023-2024,ElevateIP,BNP01,'Business Innovation',"Innovation, Science and Economic Development Canada",3294361497.0,4702118368.0,5189483729.0
1010,1315,130,2023-2024,Radio and Terminal Equipment Certification,BNP06,'Spectrum and Telecommunications',"Innovation, Science and Economic Development Canada",179717208.0,138041255.0,124545370.0
1011,1218,130,2023-2024,"Authorized Service Provider Accreditation, Registration and Renewal",BNP18,'Marketplace Protection and Promotion',"Innovation, Science and Economic Development Canada",90652927.0,83389758.0,57629629.0
1012,SRV02890,130,2023-2024,Weights and Measures Calibration,BNP18,'Marketplace Protection and Promotion',"Innovation, Science and Economic Development Canada",90652927.0,83389758.0,57629629.0
1013,SRV03238,130,2023-2024,Weights and Measures Inspection,BNP18,'Marketplace Protection and Promotion',"Innovation, Science and Economic Development Canada",90652927.0,83389758.0,57629629.0
1014,SRV03243,130,2023-2024,Weights and Measures Approvals,BNP18,'Marketplace Protection and Promotion',"Innovation, Science and Economic Development Canada",90652927.0,83389758.0,57629629.0
1015,SRV03248,130,2023-2024,Electricity and Natural Gas Meter Inspection,BNP18,'Marketplace Protection and Promotion',"Innovation, Science and Economic Development Canada",90652927.0,83389758.0,57629629.0
1016,SRV03261,130,2023-2024,Authorized Service Provider Recognized Technician Training,BNP18,'Marketplace Protection and Promotion',"Innovation, Science and Economic Development Canada",90652927.0,83389758.0,57629629.0
1017,SRV03264,130,2023-2024,Electricity and Natural Gas Approvals,BNP18,'Marketplace Protection and Promotion',"Innovation, Science and Economic Development Canada",90652927.0,83389758.0,57629629.0
1018,2240,130,2023-2024,Issuance of Certificates of Qualification under the Floating Plant Clause (Coasting Trade Act),BNP04,'Economic Outcomes from Procurement',"Innovation, Science and Economic Development Canada",11095660.0,11184123.0,10035226.0
1019,1268,130,2023-2024,Connect to Innovate (CTI),BNN03,'Bridging Digital Divides',"Innovation, Science and Economic Development Canada",522348683.0,921906238.0,943326251.0
1020,1287,130,2023-2024,Digital Literacy Exchange Program (DLEP),BNN03,'Bridging Digital Divides',"Innovation, Science and Economic Development Canada",522348683.0,921906238.0,943326251.0
1021,1274,130,2023-2024,Accessible Technology Development Program (ATP),BNN03,'Bridging Digital Divides',"Innovation, Science and Economic Development Canada",522348683.0,921906238.0,943326251.0
1022,2237,130,2023-2024,ExploreIP,BNP11,'Intellectual Property',"Innovation, Science and Economic Development Canada",19397096.0,-4406549.0,-22285780.0
1023,2229,130,2023-2024,Universal Broadband Fund (STS-CCB),BNN03,'Bridging Digital Divides',"Innovation, Science and Economic Development Canada",522348683.0,921906238.0,943326251.0
1024,1289,130,2023-2024,Digital Skills for Youth (DS4Y),BNP17,'Talent Development',"Innovation, Science and Economic Development Canada",287703256.0,273614069.0,16278596.0
1025,1282,130,2023-2024,Computers for School Plus (CFS+),BNN03,'Bridging Digital Divides',"Innovation, Science and Economic Development Canada",522348683.0,921906238.0,943326251.0
1026,1243,130,2023-2024,Canada Small Business Financing Program (CSBFP),BNP02,'Support for Small Business',"Innovation, Science and Economic Development Canada",107673706.0,104872477.0,104925391.0
1027,1267,130,2023-2024,Grant Patents,BNP11,'Intellectual Property',"Innovation, Science and Economic Development Canada",19397096.0,-4406549.0,-22285780.0
1028,1221,130,2023-2024,Bankruptcy and Insolvency Records Search,BNP18,'Marketplace Protection and Promotion',"Innovation, Science and Economic Development Canada",90652927.0,83389758.0,57629629.0
1029,1276,130,2023-2024,"Connecting Families Initiative (CFi), formerly Affordable Access Initiative",BNN03,'Bridging Digital Divides',"Innovation, Science and Economic Development Canada",522348683.0,921906238.0,943326251.0
1030,SRV02791,130,2023-2024,Canada Digital Adoption Program - Boost Your Business Technology,BNN02,'Support for Underrepresented Entrepreneurs',"Innovation, Science and Economic Development Canada",181492279.0,23708000.0,943695.0
1031,2015,130,2023-2024,Client Service Centre,BNP11,'Intellectual Property',"Innovation, Science and Economic Development Canada",19397096.0,-4406549.0,-22285780.0
1032,1332,130,2023-2024,ISED Citizen Services Centre,ISS02,'Communications Services',"Innovation, Science and Economic Development Canada",26571035.0,25715899.0,24579492.0
1033,1235,130,2023-2024,Incorporations,BNP18,'Marketplace Protection and Promotion',"Innovation, Science and Economic Development Canada",90652927.0,83389758.0,57629629.0
1034,1854,199,2023-2024,Access to Information and Privacy,BRF01,'Compliance with access to information obligations',Library and Archives Canada,0.0,0.0,0.0
1035,2549,199,2023-2024,Cataloguing in Publication,BRA03,'Collections',Library and Archives Canada,0.0,0.0,0.0
1036,2538,199,2023-2024,Consultation of published and archival material,BSJ01,'Public services',Library and Archives Canada,64041510.0,54383527.0,27960739.0
1037,1867,199,2023-2024,Copy Services,BSJ01,'Public services',Library and Archives Canada,64041510.0,54383527.0,27960739.0
1038,3573,199,2023-2024,Copyright,BSJ01,'Public services',Library and Archives Canada,64041510.0,54383527.0,27960739.0
1039,3578,199,2023-2024,Digital Access to Collections,BSJ01,'Public services',Library and Archives Canada,64041510.0,54383527.0,27960739.0
1040,3572,199,2023-2024,"Events, exhibitions and tours",BSJ01,'Public services',Library and Archives Canada,64041510.0,54383527.0,27960739.0
1041,3581,199,2023-2024,Funding Programs,BSJ01,'Public services',Library and Archives Canada,64041510.0,54383527.0,27960739.0
1042,3574,199,2023-2024,Information Management and Disposition of Government Records,BRA03,'Collections',Library and Archives Canada,0.0,0.0,0.0
1043,3575,199,2023-2024,International Standard Numbers,BRA03,'Collections',Library and Archives Canada,0.0,0.0,0.0
1044,3576,199,2023-2024,Loans,BSJ01,'Public services',Library and Archives Canada,64041510.0,54383527.0,27960739.0
1045,3577,199,2023-2024,Research Support,BSJ01,'Public services',Library and Archives Canada,64041510.0,54383527.0,27960739.0
1046,423,210,2023-2024,Conduct Complaints,BVJ01,'Complaints Resolution',Military Police Complaints Commission of Canada,3407234.0,3422483.0,3250670.0
1047,424,210,2023-2024,Interference Complaints,BVJ01,'Complaints Resolution',Military Police Complaints Commission of Canada,3407234.0,3422483.0,3250670.0
1048,1065,133,2023-2024,Mobilizing Insights in Defence and Security (MINDS),BUQ08,"'Science, Technology and Innovation'",National Defence,368118242.0,370743516.0,371507712.0
1049,1054,133,2023-2024,Acquiring Surplus Equipment,ISS0Z,'Acquisition Management Services',National Defence,20406544.0,21094866.0,20909726.0
1050,1064,133,2023-2024,Innovation for Defence Excellence and Security (IDEaS),BUQ08,"'Science, Technology and Innovation'",National Defence,368118242.0,370743516.0,371507712.0
1051,1066,133,2023-2024,Ministerial Correspondence Unit,ISS06,'Information Management Services',National Defence,40883783.0,42187124.0,42787867.0
1052,1050,133,2023-2024,Cadet Online Registration,BUP10,'Cadets and Junior Canadian Rangers (Youth Program)',National Defence,214769629.0,205982684.0,201683731.0
1053,2271,133,2023-2024,Recruitment,BUP01,'Recruitment',National Defence,153308845.0,148764471.0,148243801.0
1054,SRV02716,133,2023-2024,SMSRC Response and Support Coordination program,BUP04,'Defence Team Management',National Defence,1828200240.0,1811092102.0,1878099598.0
1055,SRV02719,133,2023-2024,Restorative Engagement,BUP04,'Defence Team Management',National Defence,1828200240.0,1811092102.0,1878099598.0
1056,SRV02717,133,2023-2024,Sexual Misconduct Support and Resource Centre 24/7 Support Line,BUP04,'Defence Team Management',National Defence,1828200240.0,1811092102.0,1878099598.0
1057,SRV03060,133,2023-2024,The Victim Liaison Officer,ISS03,'Legal Services',National Defence,137075256.0,46151605.0,47705341.0
1058,3704,133,2023-2024,Independent Legal Assistance,BUP04,'Defence Team Management',National Defence,1828200240.0,1811092102.0,1878099598.0
1059,SRV03061,133,2023-2024,Sexual Misconduct Support and Resource Center's Community Support for Sexual Misconduct Survivors Grant Program,BUP04,'Defence Team Management',National Defence,1828200240.0,1811092102.0,1878099598.0
1060,3701,133,2023-2024,​Innovation for Defence Excellence and Security (IDEaS) Marketplace,BUP04,'Defence Team Management',National Defence,1828200240.0,1811092102.0,1878099598.0
1061,3708,133,2023-2024,IDEaS Innovation Support Referals (IRS) Program,BUP04,'Defence Team Management',National Defence,1828200240.0,1811092102.0,1878099598.0
1062,3703,133,2023-2024,Peer Support Program,BUP04,'Defence Team Management',National Defence,1828200240.0,1811092102.0,1878099598.0
1063,3702,133,2023-2024,Outreach,BUP04,'Defence Team Management',National Defence,1828200240.0,1811092102.0,1878099598.0
1064,1506,223,2023-2024,NFB Archives,BSP03,"'Preservation, conservation and digitization of works'",National Film Board,4114451.0,3672848.0,3937517.0
1065,2641,223,2023-2024,CAMPUS - Individual subscription,BSP01,'Distribution of works and audience engagement',National Film Board,8326593.0,6501386.0,6501386.0
1066,2642,223,2023-2024,NFB.ca-Digital Store,BSP01,'Distribution of works and audience engagement',National Film Board,8326593.0,6501386.0,6501386.0
1067,1526,223,2023-2024,Public Screenings,BSP02,'Promotion of works and National Film Board outreach',National Film Board,10652340.0,9535701.0,9535701.0
1068,1728,223,2023-2024,Access to information and Privacy,BSJ03,'Access to information and privacy',National Film Board,0.0,0.0,0.0
1069,1556,228,2023-2024,Calibration laboratory assessment service,BNQ11,'Metrology',National Research Council Canada,31877292.43,33309644.07,33832178.75
1070,1554,228,2023-2024,Canada's official time,BNQ11,'Metrology',National Research Council Canada,31877292.43,33309644.07,33832178.75
1071,2568,228,2023-2024,Canadian Construction Materials Centre (CCMC) Product Assessments,BNQ04,'Construction',National Research Council Canada,77580270.47,75853673.57,71879063.23
1072,1557,228,2023-2024,Certified Reference Materials,BNQ11,'Metrology',National Research Council Canada,31877292.43,33309644.07,33832178.75
1073,1339,228,2023-2024,Client Service Centre (CSC),ISSA2,'Communications Services',National Research Council Canada,0.0,0.0,0.0
1074,1553,228,2023-2024,Codes Canada,BNQ04,'Construction',National Research Council Canada,77580270.47,75853673.57,71879063.23
1075,1549,228,2023-2024,Federal Science Libraries Network (FSLN),BNQ14,'National Science Library',National Research Council Canada,16012611.0,16002253.0,16002253.0
1076,1555,228,2023-2024,Instrument Calibration Services,BNQ11,'Metrology',National Research Council Canada,31877292.43,33309644.07,33832178.75
1077,1560,228,2023-2024,IRAP Advisory Services through Contributions to Organizations,BNQ08,'Industrial Research Assistance Program',National Research Council Canada,520748339.3,504950308.7,505802554.3
1078,1558,228,2023-2024,IRAP Advisory Services to Firms,BNQ08,'Industrial Research Assistance Program',National Research Council Canada,520748339.3,504950308.7,505802554.3
1079,1275,228,2023-2024,IRAP Grants and Contributions,BNQ08,'Industrial Research Assistance Program',National Research Council Canada,520748339.3,504950308.7,505802554.3
1080,1547,228,2023-2024,National Science Library,BNQ14,'National Science Library',National Research Council Canada,16012611.0,16002253.0,16002253.0
1081,1552,228,2023-2024,Research Services,"BNQ01,BNQ02,BNQ03,BNQ04,BNQ05,BNQ06,BNQ07,BNQ11,BNQ12,BNQ13,BNQ15,BNQ16,BNQ23,BNQ24","'Aerospace', 'Aquatic and Crop Resource Development', 'Automotive and Surface Transportation', 'Construction', 'Energy, Mining and Environment', 'Herzberg Astronomy & Astrophysics', 'Human Health Therapeutics', 'Metrology', 'Medical Devices', 'Nanotechnology', 'Ocean, Coastal and River Engineering', 'Security and Disruptive Technologies', 'Advanced Electronics and Photonics', 'Digital Technologies'",National Research Council Canada,540104234.95,552006439.96,499804249.03000003
1082,1551,228,2023-2024,Technical Services,"BNQ01,BNQ02,BNQ03,BNQ04,BNQ05,BNQ06,BNQ07,BNQ11,BNQ12,BNQ13,BNQ15,BNQ16,BNQ23,BNQ24","'Aerospace', 'Aquatic and Crop Resource Development', 'Automotive and Surface Transportation', 'Construction', 'Energy, Mining and Environment', 'Herzberg Astronomy & Astrophysics', 'Human Health Therapeutics', 'Metrology', 'Medical Devices', 'Nanotechnology', 'Ocean, Coastal and River Engineering', 'Security and Disruptive Technologies', 'Advanced Electronics and Photonics', 'Digital Technologies'",National Research Council Canada,540104234.95,552006439.96,499804249.03000003
1083,1677,228,2023-2024,The Canadian Astronomy Data Centre (CADC),BNQ06,'Herzberg Astronomy & Astrophysics',National Research Council Canada,123188569.2,123707325.1,73562628.58
1084,2153,302,2023-2024,Conduct a Review,BXW01,'National security and intelligence activity reviews and complaints investigations',National Security and Intelligence Review Agency Secretariat,10852987.0,10852051.0,10852051.0
1085,2154,302,2023-2024,Investigate a Complaint,BXW01,'National security and intelligence activity reviews and complaints investigations',National Security and Intelligence Review Agency Secretariat,10852987.0,10852051.0,10852051.0
1086,1524,134,2023-2024,Canadian Wildland Fire Information System,BTL12,'Wildfire Risk Management',Natural Resources Canada,130418522.2,161438860.0,173680289.5
1087,2596,134,2023-2024,Contributions in support of Investments in the Forest Industry Transformation Program,BTO01,'Forest Sector Competitiveness',Natural Resources Canada,136188204.3,154747352.7,24702860.31
1088,2597,134,2023-2024,Contributions in support of the Forest Innovation Program,BTO01,'Forest Sector Competitiveness',Natural Resources Canada,136188204.3,154747352.7,24702860.31
1089,3603,134,2023-2024,Grants and Contributions in Support of the Global Forest Leadership Program,BTO01,'Forest Sector Competitiveness',Natural Resources Canada,136188204.3,154747352.7,24702860.31
1090,2600,134,2023-2024,Grants and Contributions in support of the Two Billion Tree Program,BTL08,'Forest Climate Change',Natural Resources Canada,367339016.2,383820314.8,376148356.2
1091,2601,134,2023-2024,Contribution to the Indigenous Forestry Initiative,BTO01,'Forest Sector Competitiveness',Natural Resources Canada,136188204.3,154747352.7,24702860.31
1092,2603,134,2023-2024,BioHeat component of the Clean Energy for Rural and Remote Communities Program,"BTM09,BTO01","'Electricity Resources', 'Forest Sector Competitiveness'",Natural Resources Canada,688144945.0,379957326.5,186910879.11
1093,2605,134,2023-2024,Spruce Budworm Early Intervention Strategy – Phase II Contribution Program,BTL07,'Pest Risk Management',Natural Resources Canada,33917009.05,34847400.72,23105730.36
1094,2607,134,2023-2024,Support for research on Woodland Caribou in support of conservation,"BTM06,BTM07,BTO01","'Sustainable Forest Management', 'Cumulative Effects', 'Forest Sector Competitiveness'",Natural Resources Canada,171158596.07,188794283.25,45410283.58
1095,2610,134,2023-2024,Green Construction through Wood (GCWood) Program,BTO01,'Forest Sector Competitiveness',Natural Resources Canada,136188204.3,154747352.7,24702860.31
1096,3375,134,2023-2024,Fighting and Managing Wildfires in a Changing Climate,BTL12,'Wildfire Risk Management',Natural Resources Canada,130418522.2,161438860.0,173680289.5
1097,3378,134,2023-2024,Wildland Fire Resilience,BTL12,'Wildfire Risk Management',Natural Resources Canada,130418522.2,161438860.0,173680289.5
1098,1711,134,2023-2024,Open Science & Technology Repository (OSTR),ISS06,'Information Management Services',Natural Resources Canada,7198047.54,6849869.31,6549581.61
1099,1712,134,2023-2024,Natural Resources Canada Library,ISS06,'Information Management Services',Natural Resources Canada,7198047.54,6849869.31,6549581.61
1100,1576,134,2023-2024,Media Enquiries,ISS02,'Communications Services',Natural Resources Canada,20562579.14,19495828.36,16826252.48
1101,1578,134,2023-2024,Public Enquiries,ISS02,'Communications Services',Natural Resources Canada,20562579.14,19495828.36,16826252.48
1102,1653,134,2023-2024,ENERGY STAR® Portfolio Manager Energy Benchmarking Tool,BTM10,'Energy Efficiency',Natural Resources Canada,958062512.9,947768673.2,467684855.7
1103,1654,134,2023-2024,"Greening Government Services, and Federal Buildings Initiative",BTM10,'Energy Efficiency',Natural Resources Canada,958062512.9,947768673.2,467684855.7
1104,1656,134,2023-2024,NRCan searchable product list for regulated and ENERGY STAR certified products,BTM10,'Energy Efficiency',Natural Resources Canada,958062512.9,947768673.2,467684855.7
1105,1670,134,2023-2024,NDTCB: General Standards Board certification for non-destructive testing,BTM13,'Energy Innovation and Clean Technology (EICT)',Natural Resources Canada,322381229.4,319518806.4,246270490.1
1106,1672,134,2023-2024,NDTCB: Portable tube-based X-ray fluorescence analyzer operator certification,BTM13,'Energy Innovation and Clean Technology (EICT)',Natural Resources Canada,322381229.4,319518806.4,246270490.1
1107,1673,134,2023-2024,NDTCB: Written examination for the CNSC’s exposure device operator certification,BTM13,'Energy Innovation and Clean Technology (EICT)',Natural Resources Canada,322381229.4,319518806.4,246270490.1
1108,1716,134,2023-2024,ecoENERGY for Housing - Enquiries,BTM10,'Energy Efficiency',Natural Resources Canada,958062512.9,947768673.2,467684855.7
1109,2585,134,2023-2024,Contributions in support of the ENERGY Innovation Program,BTM13,'Energy Innovation and Clean Technology (EICT)',Natural Resources Canada,322381229.4,319518806.4,246270490.1
1110,2589,134,2023-2024,Energy Efficient Buildings Program,BTM10,'Energy Efficiency',Natural Resources Canada,958062512.9,947768673.2,467684855.7
1111,2617,134,2023-2024,Industry Energy Management Programs,BTM13,'Energy Innovation and Clean Technology (EICT)',Natural Resources Canada,322381229.4,319518806.4,246270490.1
1112,2914,134,2023-2024,Canada Greener Homes Initiative,BTM10,'Energy Efficiency',Natural Resources Canada,958062512.9,947768673.2,467684855.7
1113,3606,134,2023-2024,Multi-Partner Research Initiative,BTM10,'Energy Efficiency',Natural Resources Canada,958062512.9,947768673.2,467684855.7
1114,2619,134,2023-2024,Clean Energy for Rural and Remote Communities Program - Deployment,BTM09,'Electricity Resources',Natural Resources Canada,551956740.7,225209973.8,162208018.8
1115,2919,134,2023-2024,Smart Grid Deployment Program,BTM09,'Electricity Resources',Natural Resources Canada,551956740.7,225209973.8,162208018.8
1116,2920,134,2023-2024,Emerging Renewable Power Program,BTM09,'Electricity Resources',Natural Resources Canada,551956740.7,225209973.8,162208018.8
1117,2921,134,2023-2024,Smart Renewables and Electrification Pathways Program - Deployment,BTM09,'Electricity Resources',Natural Resources Canada,551956740.7,225209973.8,162208018.8
1118,2922,134,2023-2024,Strategic Interties Predevelopment Program,BTM09,'Electricity Resources',Natural Resources Canada,551956740.7,225209973.8,162208018.8
1119,2923,134,2023-2024,Smart Renewables and Electrification Pathways Program - Capacity Building and Indigenous Engagement Grants,BTM09,'Electricity Resources',Natural Resources Canada,551956740.7,225209973.8,162208018.8
1120,3612,134,2023-2024,Electricity Predevelopment Program,BTM09,'Electricity Resources',Natural Resources Canada,551956740.7,225209973.8,162208018.8
1121,2940,134,2023-2024,Clean Energy for Rural and Remote Communities Program - Capacity Building and Grants,BTM09,'Electricity Resources',Natural Resources Canada,551956740.7,225209973.8,162208018.8
1122,3613,134,2023-2024,Enabling Small Modular Reactor Program,BTM01,"'Clean Energy Technology Policy, Research and Engagement'",Natural Resources Canada,0.0,0.0,0.0
1123,1657,134,2023-2024,SmartWay Transportation Partnership,BTM13,'Energy Innovation and Clean Technology (EICT)',Natural Resources Canada,322381229.4,319518806.4,246270490.1
1124,2618,134,2023-2024,Emissions Reduction Fund - Onshore Program,BTM08,'Lower Carbon Transportation',Natural Resources Canada,521970552.2,431808389.8,102162042.5
1125,2918,134,2023-2024,Emissions Reduction Fund Offshore Deployment Program,BTM08,'Lower Carbon Transportation',Natural Resources Canada,521970552.2,431808389.8,102162042.5
1126,3215,134,2023-2024,Zero Emission Vehicles Infrastructure Program (ZEVIP),BTM08,'Lower Carbon Transportation',Natural Resources Canada,521970552.2,431808389.8,102162042.5
1127,3220,134,2023-2024,Zero Emission Vehicle Awareness Initiative (ZEVAI),BTM08,'Lower Carbon Transportation',Natural Resources Canada,521970552.2,431808389.8,102162042.5
1128,3221,134,2023-2024,Fuel Consumption Guide (FCG),BTM08,'Lower Carbon Transportation',Natural Resources Canada,521970552.2,431808389.8,102162042.5
1129,3222,134,2023-2024,Green Freight Program (GFP),BTM08,'Lower Carbon Transportation',Natural Resources Canada,521970552.2,431808389.8,102162042.5
1130,3223,134,2023-2024,Electric Charging and Alternative Fuel Station Locator,BTM08,'Lower Carbon Transportation',Natural Resources Canada,521970552.2,431808389.8,102162042.5
1131,3229,134,2023-2024,EcoDriving,BTM08,'Lower Carbon Transportation',Natural Resources Canada,521970552.2,431808389.8,102162042.5
1132,3231,134,2023-2024,EnerGuide for Vehicles,BTM08,'Lower Carbon Transportation',Natural Resources Canada,521970552.2,431808389.8,102162042.5
1133,3233,134,2023-2024,Auto$mart driver training,BTM08,'Lower Carbon Transportation',Natural Resources Canada,521970552.2,431808389.8,102162042.5
1134,3236,134,2023-2024,Fuel-efficient driving techniques,BTM08,'Lower Carbon Transportation',Natural Resources Canada,521970552.2,431808389.8,102162042.5
1135,3242,134,2023-2024,SmartDriver,BTM08,'Lower Carbon Transportation',Natural Resources Canada,521970552.2,431808389.8,102162042.5
1136,3251,134,2023-2024,Clean Fuels Fund (CFF),BTM08,'Lower Carbon Transportation',Natural Resources Canada,521970552.2,431808389.8,102162042.5
1137,1675,134,2023-2024,Transportation Fuels website,BTO03,"'Energy Safety and Security, and Petroleum Resources'",Natural Resources Canada,15347928.45,14976824.66,13493582.12
1138,1260,134,2023-2024,Canada Lands Survey System,BTL05,'Canada Lands Survey System',Natural Resources Canada,15819280.51,15226298.93,13747247.42
1139,1521,134,2023-2024,Canadian Hazards Information Service (Targeted),BTL11,'Geoscience to Keep Canada Safe',Natural Resources Canada,18973802.9,19183010.82,18898426.44
1140,1522,134,2023-2024,Canadian Spatial Reference System,BTL01,'Canadian Geodetic Survey: Spatially Enabling Canada',Natural Resources Canada,6193661.88,5965807.73,5580297.21
1141,1588,134,2023-2024,Issuance of Kimberley Process certificates for the export of rough diamonds,BTO02,'Provision of Federal Leadership in the Minerals and Metals Sector',Natural Resources Canada,154294121.8,193671827.2,228527193.0
1142,1642,134,2023-2024,Analysis and Certification of Explosives,BTL10,'Explosives Safety and Security',Natural Resources Canada,12067675.79,13187253.76,7386475.5
1143,1674,134,2023-2024,Canadian Certified Reference Materials Project,BTO02,'Provision of Federal Leadership in the Minerals and Metals Sector',Natural Resources Canada,154294121.8,193671827.2,228527193.0
1144,2574,134,2023-2024,Extractive Sector Transparency Measures Act,BTO02,'Provision of Federal Leadership in the Minerals and Metals Sector',Natural Resources Canada,154294121.8,193671827.2,228527193.0
1145,2577,134,2023-2024,Contribution in support of Climate Change Adaptation,BTL09,'Climate Change Adaptation',Natural Resources Canada,19578477.92,22190029.41,23305830.05
1146,2602,134,2023-2024,Grants and Contributions in support of Geoscience,"BTL02,BTL06","""Geological Knowledge for Canada's Onshore and Offshore Land"", 'Geoscience for Sustainable Development of Natural Resources'",Natural Resources Canada,79279522.15,76481016.47,74267951.78
1147,2604,134,2023-2024,CIM's Our Earth's Riches Mineral Literacy Installation,BTO02,'Provision of Federal Leadership in the Minerals and Metals Sector',Natural Resources Canada,154294121.8,193671827.2,228527193.0
1148,2606,134,2023-2024,Mining Matters Educational Resources for Students,BTO02,'Provision of Federal Leadership in the Minerals and Metals Sector',Natural Resources Canada,154294121.8,193671827.2,228527193.0
1149,2608,134,2023-2024,Development and Delivery of Regional Mining Webinars,BTO02,'Provision of Federal Leadership in the Minerals and Metals Sector',Natural Resources Canada,154294121.8,193671827.2,228527193.0
1150,2609,134,2023-2024,National Youth Mining Career Awareness Strategy 2021-2026,BTO02,'Provision of Federal Leadership in the Minerals and Metals Sector',Natural Resources Canada,154294121.8,193671827.2,228527193.0
1151,2912,134,2023-2024,Canadian Hazards Information Service (Untargeted),BTL11,'Geoscience to Keep Canada Safe',Natural Resources Canada,18973802.9,19183010.82,18898426.44
1152,3193,134,2023-2024,"Administration of the Explosives Act and Explosives Regulations, 2013",BTL10,'Explosives Safety and Security',Natural Resources Canada,12067675.79,13187253.76,7386475.5
1153,2611,134,2023-2024,Contributions in support of Indigenous Natural Resource Partnerships,BTO06,'Indigenous Partnerships Office',Natural Resources Canada,0.0,0.0,0.0
1154,2612,134,2023-2024,Contributions in support of Indigenous Advisory & Monitoring Committees for EIPs (TMX & L3),BTO06,'Indigenous Partnerships Office',Natural Resources Canada,0.0,0.0,0.0
1155,2613,134,2023-2024,Contributions in support of Indigenous Participation in Dialogues,BTO07,'Nòkwewashk',Natural Resources Canada,0.0,0.0,0.0
1156,2614,134,2023-2024,Contributions in support of Accommodation Measures for Trans Mountain Expansion,BTO07,'Nòkwewashk',Natural Resources Canada,0.0,0.0,0.0
1157,2915,134,2023-2024,Youth Employment and Skills Strategy - S & T Internship Program - Green Jobs,BTO08,'Youth Employment and Skills Strategy - Science and Technology Internship Program (Green Jobs)',Natural Resources Canada,15277207.87,655448.42,654273.02
1158,2917,134,2023-2024,Open Science and Data Platform,"BTL06,BTM07","'Geoscience for Sustainable Development of Natural Resources', 'Cumulative Effects'",Natural Resources Canada,50362486.199999996,50061509.70999999,48346183.35
1159,1519,134,2023-2024,Earth Observation Data Service,BTL03,'Core Geospatial Data',Natural Resources Canada,54753923.31,50416437.45,50193427.91
1160,1709,134,2023-2024,National Air Photo Library,BTL03,'Core Geospatial Data',Natural Resources Canada,54753923.31,50416437.45,50193427.91
1161,2620,134,2023-2024,Canadian Geospatial Data Infrastructure: Geospatial Web Services,BTM12,'Innovative Geospatial Solutions',Natural Resources Canada,16663852.31,16696957.24,16244637.35
1162,2913,134,2023-2024,GeoConnections Program,BTM12,'Innovative Geospatial Solutions',Natural Resources Canada,16663852.31,16696957.24,16244637.35
1163,2936,134,2023-2024,Clean Growth Hub,BTM13,'Energy Innovation and Clean Technology (EICT)',Natural Resources Canada,322381229.4,319518806.4,246270490.1
1164,2937,134,2023-2024,Emergency geomatics and satellite mapping service,BTM12,'Innovative Geospatial Solutions',Natural Resources Canada,16663852.31,16696957.24,16244637.35
1165,2939,134,2023-2024,Canada Map Office,BTL03,'Core Geospatial Data',Natural Resources Canada,54753923.31,50416437.45,50193427.91
1166,757,230,2023-2024,Funding Decisions for Grants to Researchers,"BNR01,BNR02,BNR03","'Discovery Research', 'Research Training and Talent Development', 'Research Partnerships'",Natural Sciences and Engineering Research Council of Canada,1359044904.0,1369430026.0,1336871499.0
1167,758,230,2023-2024,Funding Decisions for Institutional Capacity,"BNR01,BNR02,BNR03","'Discovery Research', 'Research Training and Talent Development', 'Research Partnerships'",Natural Sciences and Engineering Research Council of Canada,1359044904.0,1369430026.0,1336871499.0
1168,169,230,2023-2024,Funding Decisions for Scholarships and Fellowships,BNR02,'Research Training and Talent Development',Natural Sciences and Engineering Research Council of Canada,171530649.0,171485732.0,171391192.0
1169,691,230,2023-2024,Funding Transfers to Administering Institutions,"BNR01,BNR02,BNR03","'Discovery Research', 'Research Training and Talent Development', 'Research Partnerships'",Natural Sciences and Engineering Research Council of Canada,1359044904.0,1369430026.0,1336871499.0
1170,690,230,2023-2024,Direct Funding Payments,BNR02,'Research Training and Talent Development',Natural Sciences and Engineering Research Council of Canada,171530649.0,171485732.0,171391192.0
1171,759,230,2023-2024,"Grant, Scholarship, Fellowship and Award Administration","BNR01,BNR02,BNR03","'Discovery Research', 'Research Training and Talent Development', 'Research Partnerships'",Natural Sciences and Engineering Research Council of Canada,1359044904.0,1369430026.0,1336871499.0
1172,SRV02829,238,2023-2024,Financial audits of territorial organizations,ISSA1,'Management and Oversight Services',Office of the Auditor General of Canada,0.0,0.0,0.0
1173,SRV02849,238,2023-2024,Financial audits of international organizations,ISSA1,'Management and Oversight Services',Office of the Auditor General of Canada,0.0,0.0,0.0
1174,SRV02850,238,2023-2024,Performance audits of territorial Organizations,ISSA1,'Management and Oversight Services',Office of the Auditor General of Canada,0.0,0.0,0.0
1175,SRV02851,238,2023-2024,International Relations Correspondence,BGX01,'Legislative Audit',Office of the Auditor General of Canada,127534214.0,128234214.0,126230714.0
1176,SRV02855,238,2023-2024,Public inquiries,BGX01,'Legislative Audit',Office of the Auditor General of Canada,127534214.0,128234214.0,126230714.0
1177,SRV02856,238,2023-2024,Media relations,BGX01,'Legislative Audit',Office of the Auditor General of Canada,127534214.0,128234214.0,126230714.0
1178,SRV02857,238,2023-2024,Technical accounting and audit advisory services,BGX01,'Legislative Audit',Office of the Auditor General of Canada,127534214.0,128234214.0,126230714.0
1179,SRV02852,238,2023-2024,Environmental petitions correspondence,BGX01,'Legislative Audit',Office of the Auditor General of Canada,127534214.0,128234214.0,126230714.0
1180,SRV02853,238,2023-2024,Environmental Petitions,ISS01,'Management and Oversight Services',Office of the Auditor General of Canada,0.0,0.0,0.0
1181,3698,240,2023-2024,Payment of judges' salaries,BNZ01,'Payments pursuant to the Judges Act',Office of the Commissioner for Federal Judicial Affairs Canada,774063257.0,820379348.0,857406747.0
1182,3699,240,2023-2024,Payment of judges' allowance claims,BNZ01,'Payments pursuant to the Judges Act',Office of the Commissioner for Federal Judicial Affairs Canada,774063257.0,820379348.0,857406747.0
1183,1879,240,2023-2024,Administration of the federal judicial appointment process,BNZ02,'Federal Judicial Affairs',Office of the Commissioner for Federal Judicial Affairs Canada,11075042.0,11108633.0,11111187.0
1184,1880,240,2023-2024,Judges' Language Training,BNZ02,'Federal Judicial Affairs',Office of the Commissioner for Federal Judicial Affairs Canada,11075042.0,11108633.0,11111187.0
1185,1881,240,2023-2024,Federal Courts Reports,BNZ02,'Federal Judicial Affairs',Office of the Commissioner for Federal Judicial Affairs Canada,11075042.0,11108633.0,11111187.0
1186,1882,240,2023-2024,Review judges' conduct complaints,BNZ03,'Canadian Judicial Council',Office of the Commissioner for Federal Judicial Affairs Canada,2934958.0,2936474.0,2935480.0
1187,1889,240,2023-2024,Administration of JUDICOM,BNZ01,'Payments pursuant to the Judges Act',Office of the Commissioner for Federal Judicial Affairs Canada,774063257.0,820379348.0,857406747.0
1188,2275,256,2023-2024,Respond to inquiries.,BRG01,'Promotion Program',Offices of the Information and Privacy Commissioners of Canada,0.0,0.0,0.0
1189,2330,256,2023-2024,Business Advisory Services.,BRG01,'Promotion Program',Offices of the Information and Privacy Commissioners of Canada,0.0,0.0,0.0
1190,2465,256,2023-2024,Media Relations.,BRG01,'Promotion Program',Offices of the Information and Privacy Commissioners of Canada,0.0,0.0,0.0
1191,2539,256,2023-2024,Respond to requests for information from Parliamentarians.,BRG01,'Promotion Program',Offices of the Information and Privacy Commissioners of Canada,0.0,0.0,0.0
1192,2550,256,2023-2024,Contributions Program of the Office of the Privacy Commissioner of Canada.,BRG01,'Promotion Program',Offices of the Information and Privacy Commissioners of Canada,0.0,0.0,0.0
1193,2552,256,2023-2024,Privacy Impact Assessment (PIAs) Reviews.,BRG01,'Promotion Program',Offices of the Information and Privacy Commissioners of Canada,0.0,0.0,0.0
1194,2553,256,2023-2024,Consultation services with federal institutions,BRG01,'Promotion Program',Offices of the Information and Privacy Commissioners of Canada,0.0,0.0,0.0
1195,2554,256,2023-2024,Review and Investigate complaints under the Privacy Act.,BRG02,'Compliance Program',Offices of the Information and Privacy Commissioners of Canada,0.0,0.0,0.0
1196,2556,256,2023-2024,Review and investigate complaints under PIPEDA.,BRG02,'Compliance Program',Offices of the Information and Privacy Commissioners of Canada,0.0,0.0,0.0
1197,2558,256,2023-2024,Receive and review breach reports under PIPEDA.,BRG02,'Compliance Program',Offices of the Information and Privacy Commissioners of Canada,0.0,0.0,0.0
1198,1220,253,2023-2024,Approvals,BVN03,'Regulatory Approvals and Legislative Precedents',Office of the Superintendent of Financial Institutions Canada,5321656.0,5459389.0,5515814.0
1199,1228,253,2023-2024,Rulings / Interpretations,BVN03,'Regulatory Approvals and Legislative Precedents',Office of the Superintendent of Financial Institutions Canada,5321656.0,5459389.0,5515814.0
1200,1249,253,2023-2024,Copies of Corporate Documents and Certificates,BVN03,'Regulatory Approvals and Legislative Precedents',Office of the Superintendent of Financial Institutions Canada,5321656.0,5459389.0,5515814.0
1201,1251,253,2023-2024,Capital Confirmations,BVN02,'Regulation and Guidance of Federally Regulated Financial Institutions',Office of the Superintendent of Financial Institutions Canada,36385632.0,37781603.0,38274858.0
1202,1326,253,2023-2024,Capital Model Approvals,BVN02,'Regulation and Guidance of Federally Regulated Financial Institutions',Office of the Superintendent of Financial Institutions Canada,36385632.0,37781603.0,38274858.0
1203,2119,253,2023-2024,"Monitoring and addressing events in the financial sector, response to liquidity","BVN01,BVN02","'Risk Assessment and Intervention – Federally Regulated Financial Institutions', 'Regulation and Guidance of Federally Regulated Financial Institutions'",Office of the Superintendent of Financial Institutions Canada,170316284.0,185487894.0,187091590.0
1204,SRV02954,253,2023-2024,OSFI External Website,"ISS06,ISS07","'Information Management Services', 'Information Technology Services'",Office of the Superintendent of Financial Institutions Canada,0.0,0.0,0.0
1205,SRV03457,560,2023-2024,Grants and Contribution Programs,"BYK01,BYK02,BYK03,BYK04","'Innovation', 'Business Growth', 'Business Services', 'Community Initiatives'",Pacific Economic Development Agency of Canada,111806519.0,107080242.0,101410753.0
1206,SRV03458,560,2023-2024,Web Inquiries,"BYK01,BYK02,BYK03,BYK04,ISS02","'Innovation', 'Business Growth', 'Business Services', 'Community Initiatives', 'Communications Services'",Pacific Economic Development Agency of Canada,111806519.0,107080242.0,101410753.0
1207,SRV03459,560,2023-2024,"Policy, Advocacy, and Coordination","BYK01,BYK02,BYK03,BYK04","'Innovation', 'Business Growth', 'Business Services', 'Community Initiatives'",Pacific Economic Development Agency of Canada,111806519.0,107080242.0,101410753.0
1208,SRV02886,263,2023-2024,Access to Places Administered by Parks Canada,BGW04,'Visitor Experience',Parks Canada,354923683.0,328322300.0,327321365.0
1209,SRV03390,263,2023-2024,Alerts and Advisories,"BGW04,BGW05","'Visitor Experience', 'Heritage Canals, Highways and Townsites Management'",Parks Canada,529458364.0,381574870.0,375927335.0
1210,SRV03449,263,2023-2024,Backcountry Avalanche Monitoring and Reporting,BGW05,"'Heritage Canals, Highways and Townsites Management'",Parks Canada,174534681.0,53252570.0,48605970.0
1211,SRV03392,263,2023-2024,Critical Construction Project Assurance,BGW05,"'Heritage Canals, Highways and Townsites Management'",Parks Canada,174534681.0,53252570.0,48605970.0
1212,SRV02891,263,2023-2024,Connecting Canadians to Canada’s Natural and Cultural Heritage,BGW04,'Visitor Experience',Parks Canada,354923683.0,328322300.0,327321365.0
1213,SRV02887,263,2023-2024,Emergency Dispatch,BGW02,'Heritage Places Conservation',Parks Canada,400043239.0,309180385.0,190091283.0
1214,SRV03425,263,2023-2024,Environmental Protection Services,BGW02,'Heritage Places Conservation',Parks Canada,400043239.0,309180385.0,190091283.0
1215,1225,263,2023-2024,Federal Heritage Buildings Review Office,"BGW01,BGW02","'Heritage Places Establishment', 'Heritage Places Conservation'",Parks Canada,490841283.0,369946227.0,212979060.0
1216,SRV03448,263,2023-2024,Frontline Avalanche Safety and Control Service,BGW05,"'Heritage Canals, Highways and Townsites Management'",Parks Canada,174534681.0,53252570.0,48605970.0
1217,1308,263,2023-2024,Grants and Contributions,BVD13,'Grants and Contributions Policy and Operations',Parks Canada,0.0,0.0,0.0
1218,1223,263,2023-2024,Heritage Designations,BGW01,'Heritage Places Establishment',Parks Canada,90798044.0,60765842.0,22887777.0
1219,2142,263,2023-2024,Highway Operations,BGW05,"'Heritage Canals, Highways and Townsites Management'",Parks Canada,174534681.0,53252570.0,48605970.0
1220,SRV03421,263,2023-2024,Human-Wildlife Coexistence- Incident Response and Safety Management,"BGW02,BGW04","'Heritage Places Conservation', 'Visitor Experience'",Parks Canada,754966922.0,637502685.0,517412648.0
1221,SRV02896,263,2023-2024,Issuance of Research and Collections Permits,BGW02,'Heritage Places Conservation',Parks Canada,400043239.0,309180385.0,190091283.0
1222,SRV02928,263,2023-2024,Law Enforcement,"BGW02,BGW04,BGW05","'Heritage Places Conservation', 'Visitor Experience', 'Heritage Canals, Highways and Townsites Management'",Parks Canada,929501603.0,690755255.0,566018618.0
1223,SRV03422,263,2023-2024,Library Services,"BGW03,BGW04","'Heritage Places Promotion and Public Support', 'Visitor Experience'",Parks Canada,428663468.0,396731049.0,393363678.0
1224,SRV03424,263,2023-2024,Media and Promotion of Canada's Natural and Cultural Heritage,BGW04,'Visitor Experience',Parks Canada,354923683.0,328322300.0,327321365.0
1225,SRV02881,263,2023-2024,National Information Services,BGW04,'Visitor Experience',Parks Canada,354923683.0,328322300.0,327321365.0
1226,SRV03431,263,2023-2024,Ontario Waterways and Water Management,BGW05,"'Heritage Canals, Highways and Townsites Management'",Parks Canada,174534681.0,53252570.0,48605970.0
1227,955,263,2023-2024,Townsite Management,BGW05,"'Heritage Canals, Highways and Townsites Management'",Parks Canada,174534681.0,53252570.0,48605970.0
1228,SRV02933,263,2023-2024,Value-Added Services Provided at Places Administered by Parks Canada,"BGW04,BGW05","'Visitor Experience', 'Heritage Canals, Highways and Townsites Management'",Parks Canada,529458364.0,381574870.0,375927335.0
1229,SRV02934,263,2023-2024,Visitor Safety and Search and Rescue,"BGW04,BGW05","'Visitor Experience', 'Heritage Canals, Highways and Townsites Management'",Parks Canada,529458364.0,381574870.0,375927335.0
1230,SRV02935,263,2023-2024,Water and Wastewater Treatment,"BGW02,BGW04,BGW05","'Heritage Places Conservation', 'Visitor Experience', 'Heritage Canals, Highways and Townsites Management'",Parks Canada,929501603.0,690755255.0,566018618.0
1231,2143,263,2023-2024,Waterways Safety and Reporting,BGW05,"'Heritage Canals, Highways and Townsites Management'",Parks Canada,174534681.0,53252570.0,48605970.0
1232,SRV02925,263,2023-2024,Wildfire Emergency Response,BGW02,'Heritage Places Conservation',Parks Canada,400043239.0,309180385.0,190091283.0
1233,SRV03435,263,2023-2024,Wildfire Prevention and Risk Mitigation,BGW02,'Heritage Places Conservation',Parks Canada,400043239.0,309180385.0,190091283.0
1234,1893,227,2023-2024,Application for Clemency,BUC01,'Record Suspension Decisions/Clemency Recommendations',Parole Board of Canada,13251955.0,10542057.0,10691316.0
1235,1892,227,2023-2024,Application for Record Suspension,BUC01,'Record Suspension Decisions/Clemency Recommendations',Parole Board of Canada,13251955.0,10542057.0,10691316.0
1236,1900,227,2023-2024,Application for Expungement,BUC01,'Record Suspension Decisions/Clemency Recommendations',Parole Board of Canada,13251955.0,10542057.0,10691316.0
1237,SRV02789,227,2023-2024,Application for Cannabis Record Suspension,BUC01,'Record Suspension Decisions/Clemency Recommendations',Parole Board of Canada,13251955.0,10542057.0,10691316.0
1238,1894,227,2023-2024,Decision Registry Requests,BUB01,'Conditional Release Openness and Accountability',Parole Board of Canada,5232835.0,5256310.0,5256259.0
1239,1931,227,2023-2024,Decision Registry: Research Requests,BUB01,'Conditional Release Openness and Accountability',Parole Board of Canada,5232835.0,5256310.0,5256259.0
1240,1895,227,2023-2024,Request to Attend a Hearing,BUB01,'Conditional Release Openness and Accountability',Parole Board of Canada,5232835.0,5256310.0,5256259.0
1241,1898,227,2023-2024,Services for Victims:  Providing Audio Recordings to Registered Victims,BUB01,'Conditional Release Openness and Accountability',Parole Board of Canada,5232835.0,5256310.0,5256259.0
1242,1897,227,2023-2024,Services for Victims:  Providing information and registration services to victims,BUB01,'Conditional Release Openness and Accountability',Parole Board of Canada,5232835.0,5256310.0,5256259.0
1243,1899,227,2023-2024,Victims Complaints Mechanism,BUA01,'Conditional Release Decisions',Parole Board of Canada,46247091.0,42923011.0,42101473.0
1244,1822,266,2023-2024,Public and media enquiries,BVM01,'Patented Medicine Price Regulation Program',Patented Medicine Prices Review Board Canada,12014521.0,12053187.0,12063851.0
1245,993,552,2023-2024,Transfer Payments to Support Research and Activities Relating to the Polar Region,BWX02,'Knowledge Management and Engagement',Polar Knowledge Canada,1994321.0,1921971.0,1986268.0
1246,994,552,2023-2024,Transfer Payments to Support the Advancement of Northern Science and Technology,BWX01,'Science and Technology',Polar Knowledge Canada,22934689.0,22102669.0,22842076.0
1247,3684,552,2023-2024,Research Support Process,BWX01,'Science and Technology',Polar Knowledge Canada,22934689.0,22102669.0,22842076.0
1248,21,140,2023-2024,Grants and Contribution Programs,"BYM01,BYM02,BYM03,BYM04","'Innovation', 'Business Growth', 'Business Services', 'Community Initiatives'",Prairies Economic Development Canada,307870826.0,200768785.0,143839088.0
1249,22,140,2023-2024,Web Inquiries,ISS02,'Communications Services',Prairies Economic Development Canada,0.0,0.0,0.0
1250,23,140,2023-2024,"Policy, Advocacy, and Coordination","BYM01,BYM02,BYM03,BYM04","'Innovation', 'Business Growth', 'Business Services', 'Community Initiatives'",Prairies Economic Development Canada,307870826.0,200768785.0,143839088.0
1251,2626,278,2023-2024,Public enquiries,BYI03,'Public Education and Information',Privy Council Office,0.0,0.0,0.0
1252,SRV02950,278,2023-2024,Congratulatory certificates from the Prime Minister,BYI03,'Public Education and Information',Privy Council Office,0.0,0.0,0.0
1253,SRV02951,278,2023-2024,Requests for certified copies of Orders in Council,BWW03,'Planning and Operation of Cabinet',Privy Council Office,46067627.0,46244353.0,46050826.0
1254,888,280,2023-2024,Grants and Contributions Services,"BVP01,BVP02,BVR01","'Health Promotion', 'Chronic Disease Prevention', 'Emergency Preparedness and Response'",Public Health Agency of Canada,567736895.0,490558984.0,384712254.0
1255,2293,280,2023-2024,COVID-19 Public Enquiries,ISS02,'Communications Services',Public Health Agency of Canada,12661294.0,11718114.0,11046480.0
1256,898,280,2023-2024,Public Enquiries,ISS02,'Communications Services',Public Health Agency of Canada,12661294.0,11718114.0,11046480.0
1257,899,280,2023-2024,Public Health Agency of Canada Publications,ISS02,'Communications Services',Public Health Agency of Canada,12661294.0,11718114.0,11046480.0
1258,1720,280,2023-2024,Request for assistance for outbreak or Federal public health surge support(s),BVR01,'Emergency Preparedness and Response',Public Health Agency of Canada,243779149.0,186622678.0,144997709.0
1259,890,280,2023-2024,National Emergency Strategic Stockpile: Request for Assistance (RFA),BVR01,'Emergency Preparedness and Response',Public Health Agency of Canada,243779149.0,186622678.0,144997709.0
1260,1870,280,2023-2024,Ship Sanitation Inspections,BVR03,'Border and Travel Health',Public Health Agency of Canada,20672971.0,16688792.0,8948758.0
1261,2265,280,2023-2024,Travel Health Advice,BVR03,'Border and Travel Health',Public Health Agency of Canada,20672971.0,16688792.0,8948758.0
1262,2268,280,2023-2024,Central Notification System,BVQ02,'Communicable Disease and Infection Control',Public Health Agency of Canada,137936853.0,100572902.0,84615852.0
1263,891,280,2023-2024,Authorization to Conduct Controlled Activities with Pathogens and Toxins,BVR02,'Biosecurity',Public Health Agency of Canada,19981417.0,20192336.0,8967957.0
1264,892,280,2023-2024,Human Pathogens and Toxins Act Security Clearance,BVR02,'Biosecurity',Public Health Agency of Canada,19981417.0,20192336.0,8967957.0
1265,2220,280,2023-2024,Rapid test kit provision,BVQ02,'Communicable Disease and Infection Control',Public Health Agency of Canada,137936853.0,100572902.0,84615852.0
1266,SRV02908,280,2023-2024,"Correspondence Referrals to other Departments (dep't email, contact us page)",ISS02,'Communications Services',Public Health Agency of Canada,12661294.0,11718114.0,11046480.0
1267,SRV02909,280,2023-2024,Departmental Correspondence (not including referrals),ISS02,'Communications Services',Public Health Agency of Canada,12661294.0,11718114.0,11046480.0
1268,SRV02910,280,2023-2024,Public Enquiries (not referrals),ISS02,'Communications Services',Public Health Agency of Canada,12661294.0,11718114.0,11046480.0
1269,SRV02911,280,2023-2024,Ministerial Correspondence (SPB),ISS02,'Communications Services',Public Health Agency of Canada,12661294.0,11718114.0,11046480.0
1270,896,280,2023-2024,Access to Information and Privacy (ATIP),ISS01,'Management and Oversight Services',Public Health Agency of Canada,60899977.0,57089803.0,39089544.0
1271,2254,280,2023-2024,COVID Vaccines Inventory Management,BVQ03,'Vaccination',Public Health Agency of Canada,707110775.0,667147843.0,491471389.0
1272,1132,280,2023-2024,Diagnostic Testing and Reference Services,BVQ01,'Laboratory Science Leadership and Services',Public Health Agency of Canada,165703942.0,118801569.0,116894337.0
1273,1142,280,2023-2024,Microbiological Emergency Response Team,BVQ01,'Laboratory Science Leadership and Services',Public Health Agency of Canada,165703942.0,118801569.0,116894337.0
1274,2274,248,2023-2024,Prosecutorial Legal Advice,BRD01,'Federal Prosecutions',Public Prosecution Service of Canada,178679052.0,178910322.0,178942962.0
1275,2278,248,2023-2024,National Fine Recovery Program (NFRP),BRE01,'Compliance and Enforcement',Public Prosecution Service of Canada,0.0,0.0,0.0
1276,810,135,2023-2024,Aboriginal Community Safety Development Contribution,BVT06,'Corrections',Public Safety Canada,35710656.0,35861627.0,30474836.0
1277,355,135,2023-2024,Avalanche Canada,BVU03,'Emergency Response/Recovery',Public Safety Canada,619229953.0,171028839.0,125018782.0
1278,817,135,2023-2024,Biology Casework Analysis Contribution Program,BVT02,'Law Enforcement and Policing',Public Safety Canada,77421435.0,33687155.0,30976513.0
1279,SRV02766,135,2023-2024,Building Safer Communities Fund,BVT01,'Crime Prevention',Public Safety Canada,236104641.0,203494911.0,147475369.0
1280,2300,135,2023-2024,Canadian Travel Number (CTN),BVT04,'Border Policy',Public Safety Canada,6509369.0,6548653.0,6556544.0
1281,344,135,2023-2024,Communities at Risk: Security Infrastructure Program,BVT01,'Crime Prevention',Public Safety Canada,236104641.0,203494911.0,147475369.0
1282,335,135,2023-2024,Community Resilience Fund,BVT01,'Crime Prevention',Public Safety Canada,236104641.0,203494911.0,147475369.0
1283,811,135,2023-2024,Contribution to Combat Serious and Organized Crime,BVT03,'Serious and Organized Crime',Public Safety Canada,57875197.0,42472271.0,40229204.0
1284,840,135,2023-2024,Coordination of Federal Emergency Management (Government Operations Centre),"BVU02,BVU03","'Emergency Preparedness', 'Emergency Response/Recovery'",Public Safety Canada,640422931.0,181345266.0,134961458.0
1285,278,135,2023-2024,COSPAS-SARSAT Secretariat Contribution,BVU03,'Emergency Response/Recovery',Public Safety Canada,619229953.0,171028839.0,125018782.0
1286,337,135,2023-2024,Crime Prevention Action Fund,BVT01,'Crime Prevention',Public Safety Canada,236104641.0,203494911.0,147475369.0
1287,822,135,2023-2024,Crime Prevention Inventory,BVT01,'Crime Prevention',Public Safety Canada,236104641.0,203494911.0,147475369.0
1288,SRV02876,135,2023-2024,Criminal Code Designations,BVT02,'Law Enforcement and Policing',Public Safety Canada,77421435.0,33687155.0,30976513.0
1289,792,135,2023-2024,Critical Infrastructure Exercises,"BVU01,BVU02,BVU03","'Emergency Prevention/Mitigation', 'Emergency Preparedness', 'Emergency Response/Recovery'",Public Safety Canada,673516974.0,211966867.0,158778520.0
1290,789,135,2023-2024,Critical Infrastructure Gateway,"BVU01,BVU02,BVU03","'Emergency Prevention/Mitigation', 'Emergency Preparedness', 'Emergency Response/Recovery'",Public Safety Canada,673516974.0,211966867.0,158778520.0
1291,2379,135,2023-2024,Cyber Security Assessments,"BVU01,BVU02,BVU03","'Emergency Prevention/Mitigation', 'Emergency Preparedness', 'Emergency Response/Recovery'",Public Safety Canada,673516974.0,211966867.0,158778520.0
1292,795,135,2023-2024,Cyber Security Cooperation Program,BVS03,'Cyber Security',Public Safety Canada,4369351.0,4436249.0,4442067.0
1293,285,135,2023-2024,Disaster Financial Assistance Arrangements,BVU03,'Emergency Response/Recovery',Public Safety Canada,619229953.0,171028839.0,125018782.0
1294,779,135,2023-2024,Emergency Management Exercises,"BVU02,BVU03","'Emergency Preparedness', 'Emergency Response/Recovery'",Public Safety Canada,640422931.0,181345266.0,134961458.0
1295,SRV03186,135,2023-2024,Federal Cyber Incident Response Plan (FCIRP),BVS03,'Cyber Security',Public Safety Canada,4369351.0,4436249.0,4442067.0
1296,882,135,2023-2024,First Nations and Inuit Policing Program (FNIPP),BVT05,'Indigenous Policing',Public Safety Canada,405482333.0,352444447.0,337004152.0
1297,352,135,2023-2024,Funding for First Nation and Inuit Policing Facilities Program (FNIPF),BVT05,'Indigenous Policing',Public Safety Canada,405482333.0,352444447.0,337004152.0
1298,2145,135,2023-2024,Government Resiliency and Continuity Management (Centre for Resiliency and Continuity Management),ISS01,'Management and Oversight Services',Public Safety Canada,26538085.0,25015534.0,22528498.0
1299,816,135,2023-2024,Grants and Contributions Program to National Voluntary Organizations,BVT06,'Corrections',Public Safety Canada,35710656.0,35861627.0,30474836.0
1300,351,135,2023-2024,Gun and Gang Violence Action Fund,"BVT01,BVT02","'Crime Prevention', 'Law Enforcement and Policing'",Public Safety Canada,313526076.0,237182066.0,178451882.0
1301,280,135,2023-2024,Heavy Urban Search and Rescue,BVU03,'Emergency Response/Recovery',Public Safety Canada,619229953.0,171028839.0,125018782.0
1302,790,135,2023-2024,Industrial Control Systems Symposiums and Technical Workshops,"BVU01,BVU02,BVU03","'Emergency Prevention/Mitigation', 'Emergency Preparedness', 'Emergency Response/Recovery'",Public Safety Canada,673516974.0,211966867.0,158778520.0
1303,339,135,2023-2024,International Association of Fire Fighters,BVU03,'Emergency Response/Recovery',Public Safety Canada,619229953.0,171028839.0,125018782.0
1304,SRV03333,135,2023-2024,International Relations and Border Policy,"BVS01,BVS03,BVT04","'National Security Leadership', 'Cyber Security', 'Border Policy'",Public Safety Canada,34226492.0,31830991.0,31874674.0
1305,813,135,2023-2024,Major International Events Security Cost Framework,BVT02,'Law Enforcement and Policing',Public Safety Canada,77421435.0,33687155.0,30976513.0
1306,356,135,2023-2024,Memorial Grant Program for First Responders,BVU03,'Emergency Response/Recovery',Public Safety Canada,619229953.0,171028839.0,125018782.0
1307,805,135,2023-2024,Ministerial Correspondence,ISS02,'Communications Services',Public Safety Canada,9971539.0,9098655.0,8985320.0
1308,1048,135,2023-2024,Ministerial Designations for Protective Services by the RCMP,BVT02,'Law Enforcement and Policing',Public Safety Canada,77421435.0,33687155.0,30976513.0
1309,SRV03389,135,2023-2024,National Emergency Management Governance,BVU03,'Emergency Response/Recovery',Public Safety Canada,619229953.0,171028839.0,125018782.0
1310,815,135,2023-2024,National Flagging System Class Grant,BVT06,'Corrections',Public Safety Canada,35710656.0,35861627.0,30474836.0
1311,818,135,2023-2024,National Office for Victims,BVT06,'Corrections',Public Safety Canada,35710656.0,35861627.0,30474836.0
1312,814,135,2023-2024,Nation's Capital Extraordinary Policing Costs,BVT02,'Law Enforcement and Policing',Public Safety Canada,77421435.0,33687155.0,30976513.0
1313,838,135,2023-2024,NewsDesk,ISS02,'Communications Services',Public Safety Canada,9971539.0,9098655.0,8985320.0
1314,341,135,2023-2024,Northern and Indigenous Crime Prevention Fund,BVT01,'Crime Prevention',Public Safety Canada,236104641.0,203494911.0,147475369.0
1315,767,135,2023-2024,Policy Development Contribution Program,BVU02,'Emergency Preparedness',Public Safety Canada,21192978.0,10316427.0,9942676.0
1316,SRV02776,135,2023-2024,Public Awareness Contribution Program (PACP),BVU02,'Emergency Preparedness',Public Safety Canada,21192978.0,10316427.0,9942676.0
1317,845,135,2023-2024,Regional Resilience Assessments,"BVU01,BVU02,BVU03","'Emergency Prevention/Mitigation', 'Emergency Preparedness', 'Emergency Response/Recovery'",Public Safety Canada,673516974.0,211966867.0,158778520.0
1318,SRV03170,135,2023-2024,Research Security Centre,BVS01,'National Security Leadership',Public Safety Canada,23347772.0,20846089.0,20876063.0
1319,282,135,2023-2024,Search and Rescue New Initiatives Fund,BVU03,'Emergency Response/Recovery',Public Safety Canada,619229953.0,171028839.0,125018782.0
1320,283,135,2023-2024,Search and Rescue Volunteer Association of Canada Contribution,BVU03,'Emergency Response/Recovery',Public Safety Canada,619229953.0,171028839.0,125018782.0
1321,SRV02765,135,2023-2024,Supporting a Humanitarian Workforce to Respond to COVID-19 and Other Large-Scale Emergencies,"BVU02,BVU03","'Emergency Preparedness', 'Emergency Response/Recovery'",Public Safety Canada,640422931.0,181345266.0,134961458.0
1322,2297,135,2023-2024,"Supporting the Canadian Red Cross' Urgent Relief Efforts Related to COVID-19, Floods and Wildfires","BVU02,BVU03","'Emergency Preparedness', 'Emergency Response/Recovery'",Public Safety Canada,640422931.0,181345266.0,134961458.0
1323,284,135,2023-2024,Workers Compensation Program,BVU03,'Emergency Response/Recovery',Public Safety Canada,619229953.0,171028839.0,125018782.0
1324,288,135,2023-2024,Youth Gang Prevention Fund,BVT01,'Crime Prevention',Public Safety Canada,236104641.0,203494911.0,147475369.0
1325,1195,282,2023-2024,Public Service Resourcing System (PSRS); PSRS Help desk,BWB02,'Recruitment and Assessment Services',Public Service Commission of Canada,37937023.0,37713240.0,37410538.0
1326,1158,282,2023-2024,Official Language proficiency: Exclusions on medical grounds,BWB01,'Policy Direction and Support',Public Service Commission of Canada,9325276.0,9270268.0,9195861.0
1327,1042,282,2023-2024,Orientation sessions for persons with a priority entitlement.,BWB01,'Policy Direction and Support',Public Service Commission of Canada,9325276.0,9270268.0,9195861.0
1328,1154,282,2023-2024,Registration of persons with a priority entitlement,"BWB01,BWB02","'Policy Direction and Support', 'Recruitment and Assessment Services'",Public Service Commission of Canada,47262299.0,46983508.0,46606399.0
1329,1155,282,2023-2024,Identification of persons with a priority entitlement to vacant positions,"BWB01,BWB02","'Policy Direction and Support', 'Recruitment and Assessment Services'",Public Service Commission of Canada,47262299.0,46983508.0,46606399.0
1330,1372,282,2023-2024,Priority Entitlement; Support of medically released veterans with a priority entitlement,"BWB01,BWB02","'Policy Direction and Support', 'Recruitment and Assessment Services'",Public Service Commission of Canada,47262299.0,46983508.0,46606399.0
1331,1172,282,2023-2024,FSWEP; Ongoing student recruitment inventory for hiring managers,BWB02,'Recruitment and Assessment Services',Public Service Commission of Canada,37937023.0,37713240.0,37410538.0
1332,1176,282,2023-2024,Post-secondary Co-op / Internship Program (CO-OP); Recruitment options for managers,BWB02,'Recruitment and Assessment Services',Public Service Commission of Canada,37937023.0,37713240.0,37410538.0
1333,1179,282,2023-2024,Research Affiliate Program (RAP); Recruitment options for managers,BWB02,'Recruitment and Assessment Services',Public Service Commission of Canada,37937023.0,37713240.0,37410538.0
1334,1180,282,2023-2024,Post-Secondary Recruitment Program (PSR); Recruitment options for managers,BWB02,'Recruitment and Assessment Services',Public Service Commission of Canada,37937023.0,37713240.0,37410538.0
1335,1183,282,2023-2024,Recruitment of Policy leaders (RPL); Recruitment options for managers,BWB02,'Recruitment and Assessment Services',Public Service Commission of Canada,37937023.0,37713240.0,37410538.0
1336,1792,282,2023-2024,FSWEP; Inventory of student employment opportunities in Public Service,BWB02,'Recruitment and Assessment Services',Public Service Commission of Canada,37937023.0,37713240.0,37410538.0
1337,1793,282,2023-2024,Research Affiliate Program (RAP); Job opportunities for post-secondary students,BWB02,'Recruitment and Assessment Services',Public Service Commission of Canada,37937023.0,37713240.0,37410538.0
1338,1794,282,2023-2024,PSR; Job opportunities for college and university graduates,BWB02,'Recruitment and Assessment Services',Public Service Commission of Canada,37937023.0,37713240.0,37410538.0
1339,1796,282,2023-2024,"Recruitment of Policy Leaders (RPL); Job opportunities for professionals, academics and scientist",BWB02,'Recruitment and Assessment Services',Public Service Commission of Canada,37937023.0,37713240.0,37410538.0
1340,1397,282,2023-2024,Investigations; Conduct investigations on staffing irregularities and improper political activities.,BWB03,'Oversight and Monitoring',Public Service Commission of Canada,16581219.0,16483409.0,16351107.0
1341,1202,282,2023-2024,Personnel Psychology Centre; Assessment accommodation,BWB02,'Recruitment and Assessment Services',Public Service Commission of Canada,37937023.0,37713240.0,37410538.0
1342,1204,282,2023-2024,Personnel Psychology Centre; Test Services,BWB02,'Recruitment and Assessment Services',Public Service Commission of Canada,37937023.0,37713240.0,37410538.0
1343,1210,282,2023-2024,Personnel Psychology Centre;Consultation Services,BWB02,'Recruitment and Assessment Services',Public Service Commission of Canada,37937023.0,37713240.0,37410538.0
1344,13,136,2023-2024,Information and Education Services to Businesses,BVV03,'Procurement Program',Public Services and Procurement Canada,181701564.0,182571725.0,157224483.0
1345,10,136,2023-2024,Procurement,BVV03,'Procurement Program',Public Services and Procurement Canada,181701564.0,182571725.0,157224483.0
1346,942,136,2023-2024,Business Dispute Management Services,BVY08,'Security and Oversight Services',Public Services and Procurement Canada,41729942.0,38338410.0,35596291.0
1347,940,136,2023-2024,"Controlled Goods (Company Registration, Security Assessments, Exemption Applications for Visitors,  Temporary Workers and International Students)",BVY08,'Security and Oversight Services',Public Services and Procurement Canada,41729942.0,38338410.0,35596291.0
1348,938,136,2023-2024,"Contract Security (Company Registration, Personal Security Screening, Call Centre)",BVY08,'Security and Oversight Services',Public Services and Procurement Canada,41729942.0,38338410.0,35596291.0
1349,844,136,2023-2024,GCcase,"BVY03,ISS07","'Government-wide Corporate Services', 'Information Technology Services'",Public Services and Procurement Canada,113097210.0,90424934.0,89861325.0
1350,843,136,2023-2024,GCdocs,"BVY03,ISS06","'Government-wide Corporate Services', 'Information Management Services'",Public Services and Procurement Canada,28511801.0,25186259.0,24678572.0
1351,1130,136,2023-2024,GCshare,"BVY03,ISS07","'Government-wide Corporate Services', 'Information Technology Services'",Public Services and Procurement Canada,113097210.0,90424934.0,89861325.0
1352,1103,136,2023-2024,IT Interoperability  - GC Interop,"BVY03,ISS07","'Government-wide Corporate Services', 'Information Technology Services'",Public Services and Procurement Canada,113097210.0,90424934.0,89861325.0
1353,1095,136,2023-2024,National Print Services,BVY03,'Government-wide Corporate Services',Public Services and Procurement Canada,10008792.0,10263160.0,10205578.0
1354,960,136,2023-2024,Shared Travel Services,"BVY03,ISS06","'Government-wide Corporate Services', 'Information Management Services'",Public Services and Procurement Canada,28511801.0,25186259.0,24678572.0
1355,909,136,2023-2024,"Advertising – Coordination, Advisory and Training Services",BVY02,'Communication Services',Public Services and Procurement Canada,17154058.0,16223977.0,16222921.0
1356,911,136,2023-2024,"Canada Gazette – Publication of Official Notices, Laws and Regulations",BVY02,'Communication Services',Public Services and Procurement Canada,17154058.0,16223977.0,16222921.0
1357,905,136,2023-2024,Canadian General Standards Board,BVY07,'Canadian General Standards Board',Public Services and Procurement Canada,1347917.0,1251039.0,1240188.0
1358,913,136,2023-2024,Centralized Electronic Access to Government of Canada Publications,BVY02,'Communication Services',Public Services and Procurement Canada,17154058.0,16223977.0,16222921.0
1359,903,136,2023-2024,Common Departmental Financial System,BVW05,'Government-Wide Accounting and Reporting',Public Services and Procurement Canada,16759461.0,16750692.0,16410763.0
1360,916,136,2023-2024,Copyright Media Clearance Program,BVY02,'Communication Services',Public Services and Procurement Canada,17154058.0,16223977.0,16222921.0
1361,904,136,2023-2024,Document Imaging Services,BVY04,'Document Imaging Services',Public Services and Procurement Canada,4509705.0,3645208.0,3554397.0
1362,908,136,2023-2024,GCSurplus,BVY05,'Asset Disposal',Public Services and Procurement Canada,2915307.0,2599738.0,2679254.0
1363,900,136,2023-2024,Pension Administration – Pension Payments and Services,BVW02,'Federal pension Administration',Public Services and Procurement Canada,14554979.0,14903062.0,15292974.0
1364,910,136,2023-2024,"Public Opinion Research – Coordination, Advisory and Knowledge Management Services",BVY02,'Communication Services',Public Services and Procurement Canada,17154058.0,16223977.0,16222921.0
1365,902,136,2023-2024,Receiver General Services – Issuing payments,BVW04,'Payments and Revenue Collection',Public Services and Procurement Canada,136127338.0,137976224.0,146428462.0
1366,901,136,2023-2024,Receiver General Services – Management of Government of Canada Deposits,BVW04,'Payments and Revenue Collection',Public Services and Procurement Canada,136127338.0,137976224.0,146428462.0
1367,914,136,2023-2024,Reference Services for Government of Canada Publications,BVY02,'Communication Services',Public Services and Procurement Canada,17154058.0,16223977.0,16222921.0
1368,906,136,2023-2024,Seized Property Management Directorate,BVY05,'Asset Disposal',Public Services and Procurement Canada,2915307.0,2599738.0,2679254.0
1369,2029,136,2023-2024,Accessibility and Inclusivity in the Built Environment,BVX01,'Federal Accommodation and Infrastructure',Public Services and Procurement Canada,2926435520.0,3244727761.0,2526795984.0
1370,2033,136,2023-2024,Appraisal and Valuation Services,BVX02,'Real Property Services',Public Services and Procurement Canada,20800000.0,5400000.0,-1800000.0
1371,969,136,2023-2024,Architecture and Engineering,BVX01,'Federal Accommodation and Infrastructure',Public Services and Procurement Canada,2926435520.0,3244727761.0,2526795984.0
1372,973,136,2023-2024,"Environment, Health and Safety Services for Real Property",BVX01,'Federal Accommodation and Infrastructure',Public Services and Procurement Canada,2926435520.0,3244727761.0,2526795984.0
1373,968,136,2023-2024,Events and Conference Management,BVX02,'Real Property Services',Public Services and Procurement Canada,20800000.0,5400000.0,-1800000.0
1374,SRV03195,136,2023-2024,GC Accommodation Booking system,BVX01,'Federal Accommodation and Infrastructure',Public Services and Procurement Canada,2926435520.0,3244727761.0,2526795984.0
1375,966,136,2023-2024,GC Accommodations space management system,BVX01,'Federal Accommodation and Infrastructure',Public Services and Procurement Canada,2926435520.0,3244727761.0,2526795984.0
1376,974,136,2023-2024,Geomatics Services,BVX01,'Federal Accommodation and Infrastructure',Public Services and Procurement Canada,2926435520.0,3244727761.0,2526795984.0
1377,2030,136,2023-2024,Green and Sustainable Government for Real Property,BVX01,'Federal Accommodation and Infrastructure',Public Services and Procurement Canada,2926435520.0,3244727761.0,2526795984.0
1378,970,136,2023-2024,Payments in Lieu of Taxes,BVW03,'Payments Instead of Property Taxes to Local Governments',Public Services and Procurement Canada,6549166.0,6625321.0,6640680.0
1379,SRV02780,136,2023-2024,Project Management,BVX02,'Real Property Services',Public Services and Procurement Canada,20800000.0,5400000.0,-1800000.0
1380,967,136,2023-2024,Property and Facility Management,BVX02,'Real Property Services',Public Services and Procurement Canada,20800000.0,5400000.0,-1800000.0
1381,971,136,2023-2024,Real Estate Services,BVX02,'Real Property Services',Public Services and Procurement Canada,20800000.0,5400000.0,-1800000.0
1382,SRV02779,136,2023-2024,Real Property Contract Oversight Services,BVX01,'Federal Accommodation and Infrastructure',Public Services and Procurement Canada,2926435520.0,3244727761.0,2526795984.0
1383,SRV03400,136,2023-2024,Waste Diversion of Office Supplies,BVX01,'Federal Accommodation and Infrastructure',Public Services and Procurement Canada,2926435520.0,3244727761.0,2526795984.0
1384,3590,136,2023-2024,Procurement Options Analysis / Procurement Triage Tool/Ongoing Procurement Support and Advisory,BVX02,'Real Property Services',Public Services and Procurement Canada,20800000.0,5400000.0,-1800000.0
1385,3591,136,2023-2024,Real Property Disposals Sector,BVX02,'Real Property Services',Public Services and Procurement Canada,20800000.0,5400000.0,-1800000.0
1386,871,136,2023-2024,Interpretation,BVY01,'Linguistic services',Public Services and Procurement Canada,78751567.0,73264979.0,72532253.0
1387,872,136,2023-2024,Terminology Standardization,BVY01,'Linguistic services',Public Services and Procurement Canada,78751567.0,73264979.0,72532253.0
1388,870,136,2023-2024,Translation,BVY01,'Linguistic services',Public Services and Procurement Canada,78751567.0,73264979.0,72532253.0
1389,1144,136,2023-2024,Pay and Benefits,BVW01,'Federal Pay Administration',Public Services and Procurement Canada,581635669.0,175388541.0,169397261.0
1390,3589,136,2023-2024,Shared Human Resources Services,BVY03,'Government-wide Corporate Services',Public Services and Procurement Canada,10008792.0,10263160.0,10205578.0
1391,1147,136,2023-2024,My Government of Canada Human Resources (MyGCHR),ISS04,'Human Resources Management Services',Public Services and Procurement Canada,49868381.0,43612356.0,43011690.0
1392,2446,295,2023-2024,Youth Leadership Workshop (YLW),BXI04,'Contract and Indigenous Policing Operations Support',Royal Canadian Mounted Police,85451160.0,83764168.0,82700528.0
1393,2445,295,2023-2024,RCMPTalks,BXI04,'Contract and Indigenous Policing Operations Support',Royal Canadian Mounted Police,85451160.0,83764168.0,82700528.0
1394,2444,295,2023-2024,Youth Officer Training (YOT) (online and in-person),BXI04,'Contract and Indigenous Policing Operations Support',Royal Canadian Mounted Police,85451160.0,83764168.0,82700528.0
1395,SRV02976,295,2023-2024,Operational Systems Service Centre   (OSSC) :,BXI03,'Indigenous Policing',Royal Canadian Mounted Police,32082969.0,34449986.0,36809343.0
1396,SRV02981,295,2023-2024,Canadian Air Carrier Protective Program,BXG03,'Protective Services',Royal Canadian Mounted Police,176016448.0,179365182.0,182695976.0
1397,SRV02987,295,2023-2024,Interpol/Europol,BXG05,'International Policing',Royal Canadian Mounted Police,49220206.0,47998289.0,24771462.0
1398,SRV02984,295,2023-2024,Project Seahorse,BXG03,'Protective Services',Royal Canadian Mounted Police,176016448.0,179365182.0,182695976.0
1399,SRV02982,295,2023-2024,Protective Policing,BXG03,'Protective Services',Royal Canadian Mounted Police,176016448.0,179365182.0,182695976.0
1400,SRV02993,295,2023-2024,International Deployment Services,BXG05,'International Policing',Royal Canadian Mounted Police,49220206.0,47998289.0,24771462.0
1401,SRV02978,295,2023-2024,Federal Policing Criminal Operations (FPCO),BXG06,'Federal Operations Support',Royal Canadian Mounted Police,0.0,0.0,0.0
1402,SRV02985,295,2023-2024,National Intelligence,BXG02,'Intelligence',Royal Canadian Mounted Police,97348294.0,96651004.0,97631328.0
1403,SRV02979,295,2023-2024,National Security,BXG02,'Intelligence',Royal Canadian Mounted Police,97348294.0,96651004.0,97631328.0
1404,SRV02960,295,2023-2024,Commissioners Office,ISS01,'Management and Oversight Services',Royal Canadian Mounted Police,106643834.0,106839568.0,101373088.0
1405,SRV02967,295,2023-2024,Communication Services,ISS02,'Communications Services',Royal Canadian Mounted Police,35811468.0,36089334.0,36470830.0
1406,2442,295,2023-2024,RCMP Operations Coordination Centre (ROCC),BXG06,'Federal Operations Support',Royal Canadian Mounted Police,0.0,0.0,0.0
1407,2454,295,2023-2024,Information sharing service between INTERPOL/Europol and Canadian Law Enforcement,BXG05,'International Policing',Royal Canadian Mounted Police,49220206.0,47998289.0,24771462.0
1408,926,295,2023-2024,Canadian Firearms Program (CFP) - Firearms Licensing for individuals,BXH09,'Firearms Licensing and Registration',Royal Canadian Mounted Police,63235387.0,61962699.0,60300059.0
1409,927,295,2023-2024,Canadian Firearms Program (CFP) - Firearms Licensing for businesses,BXH09,'Firearms Licensing and Registration',Royal Canadian Mounted Police,63235387.0,61962699.0,60300059.0
1410,1873,295,2023-2024,Canadian Firearms Program (CFP) - Firearms Registration,BXH09,'Firearms Licensing and Registration',Royal Canadian Mounted Police,63235387.0,61962699.0,60300059.0
1411,1872,295,2023-2024,Canadian Firearms Program (CFP) - Support to Law Enforcement,BXH09,'Firearms Licensing and Registration',Royal Canadian Mounted Police,63235387.0,61962699.0,60300059.0
1412,928,295,2023-2024,National Forensic Laboratory Services (NFLS),BXH03,'Forensic Science and Identification Services',Royal Canadian Mounted Police,86887938.0,87758479.0,88258140.0
1413,929,295,2023-2024,Certified Criminal Record Checks,BXH03,'Forensic Science and Identification Services',Royal Canadian Mounted Police,86887938.0,87758479.0,88258140.0
1414,930,295,2023-2024,Canadian Criminal Real Time Identification Services (CCRTIS) -  Accreditation Services,BXH03,'Forensic Science and Identification Services',Royal Canadian Mounted Police,86887938.0,87758479.0,88258140.0
1415,2136,295,2023-2024,Canadian Criminal Real Time Identification Services (CCRTIS) -  Biometric Business Solutions (BBS) Certification Services.,BXH03,'Forensic Science and Identification Services',Royal Canadian Mounted Police,86887938.0,87758479.0,88258140.0
1416,931,295,2023-2024,Integrated Forensic Identification Services (IFIS)- Disaster Victim Identification (DVI),BXH03,'Forensic Science and Identification Services',Royal Canadian Mounted Police,86887938.0,87758479.0,88258140.0
1417,932,295,2023-2024,National DNA Data Bank (NDDB) Indices Comparison,BXH03,'Forensic Science and Identification Services',Royal Canadian Mounted Police,86887938.0,87758479.0,88258140.0
1418,SRV02974,295,2023-2024,Operational Communication Centers    (OCC),BXI04,'Contract and Indigenous Policing Operations Support',Royal Canadian Mounted Police,85451160.0,83764168.0,82700528.0
1419,SRV03010,295,2023-2024,Digital Systems and Solutions Delivery,BXH08,'RCMP Operational IM/IT Services',Royal Canadian Mounted Police,149355491.0,129647730.0,126253543.0
1420,SRV03009,295,2023-2024,Operations and Platform Support,BXH08,'RCMP Operational IM/IT Services',Royal Canadian Mounted Police,149355491.0,129647730.0,126253543.0
1421,SRV03008,295,2023-2024,National Radio Services  (NRS),BXH08,'RCMP Operational IM/IT Services',Royal Canadian Mounted Police,149355491.0,129647730.0,126253543.0
1422,934,295,2023-2024,Canadian Police Information Centre (CPI Centre),ISS07,'Information Technology Services',Royal Canadian Mounted Police,86130445.0,91100085.0,90986142.0
1423,2449,295,2023-2024,Canadian Police Information Centre (CPIC) System including the Public Safety Portal (PSP),ISS07,'Information Technology Services',Royal Canadian Mounted Police,86130445.0,91100085.0,90986142.0
1424,935,295,2023-2024,Canadian Police College (CPC),BXH04,'Canadian Police College',Royal Canadian Mounted Police,7710274.0,7867868.0,7988459.0
1425,1866,295,2023-2024,Law Enforcement Records Checks,BXH07,'RCMP Departmental Security',Royal Canadian Mounted Police,49775116.0,44890363.0,44353462.0
1426,2137,295,2023-2024,Sensitive and Specialized Investigative Services (SSIS),BXH06,'RCMP Specialized Technical Investigative Services',Royal Canadian Mounted Police,274714708.0,281781789.0,263912279.0
1427,SRV03000,295,2023-2024,Air Services,BXH06,'RCMP Specialized Technical Investigative Services',Royal Canadian Mounted Police,274714708.0,281781789.0,263912279.0
1428,SRV03004,295,2023-2024,Behavioural Sciences Investigative Services (BSIS),BXH06,'RCMP Specialized Technical Investigative Services',Royal Canadian Mounted Police,274714708.0,281781789.0,263912279.0
1429,SRV03005,295,2023-2024,National Centre for Missing Persons and Unidentified Remains (NCMPUR),BXH06,'RCMP Specialized Technical Investigative Services',Royal Canadian Mounted Police,274714708.0,281781789.0,263912279.0
1430,SRV03006,295,2023-2024,National Child Exploitation Crime Centre (NCECC),BXH06,'RCMP Specialized Technical Investigative Services',Royal Canadian Mounted Police,274714708.0,281781789.0,263912279.0
1431,2138,295,2023-2024,Criminal Intelligence Service Canada (CISC),BXH02,'Criminal Intelligence Service Canada',Royal Canadian Mounted Police,9443915.0,8877465.0,8882467.0
1432,SRV02975,295,2023-2024,Strategic Policing Agreements and Service,BXI03,'Indigenous Policing',Royal Canadian Mounted Police,32082969.0,34449986.0,36809343.0
1433,2456,295,2023-2024,Support to employees and veterans experiencing symptoms of or who have been diagnosed with an operational stress injury,ISS04,'Human Resources Management Services',Royal Canadian Mounted Police,281003864.0,287847639.0,275889115.0
1434,936,295,2023-2024,National Law Enforcement Training (NLET),BXI05,'Force Generation',Royal Canadian Mounted Police,184882233.0,187165531.0,187792240.0
1435,SRV02916,295,2023-2024,Departmental Security Management System (DSMS) - Service name updated to :Security Screening Management System (SSMS),BXH07,'RCMP Departmental Security',Royal Canadian Mounted Police,49775116.0,44890363.0,44353462.0
1436,3649,295,2023-2024,Digital Communications – Web Communications,ISS02,'Communications Services',Royal Canadian Mounted Police,35811468.0,36089334.0,36470830.0
1437,3650,295,2023-2024,Cyber Flipbook,ISS02,'Communications Services',Royal Canadian Mounted Police,35811468.0,36089334.0,36470830.0
1438,3651,295,2023-2024,"Canadian Anti-Fraud Centre-
Online Fraud Reporting Systems",BXH10,'National Cybercrime Coordination Unit',Royal Canadian Mounted Police,16593005.0,16774015.0,16860270.0
1439,3652,295,2023-2024,Indigenous Policing Services - National Directorate,BXI03,'Indigenous Policing',Royal Canadian Mounted Police,32082969.0,34449986.0,36809343.0
1440,SRV3735,295,2023-2024,Federal Policing Security Intelligence,BXG06,'Federal Operations Support',Royal Canadian Mounted Police,0.0,0.0,0.0
1441,3735,295,2023-2024,Federal Policing Security Intelligence,BXG06,'Federal Operations Support',Royal Canadian Mounted Police,0.0,0.0,0.0
1442,15,305,2023-2024,Mobile Devices,BYE04,'Telecommunications',Shared Services Canada,354303417.0,324442843.0,366146965.0
1443,1987,305,2023-2024,Solutions Integration Service,BYE07,'Enterprise Services Design and Delivery',Shared Services Canada,203931687.0,190574327.0,208366923.0
1444,1989,305,2023-2024,Conferencing Services,BYE04,'Telecommunications',Shared Services Canada,354303417.0,324442843.0,366146965.0
1445,34,305,2023-2024,Fixed Line Phones,BYE04,'Telecommunications',Shared Services Canada,354303417.0,324442843.0,366146965.0
1446,36,305,2023-2024,Internal Credential Management,BYE06,'Security',Shared Services Canada,261669833.0,301148576.0,288901628.0
1447,37,305,2023-2024,External Credential Management,BYE06,'Security',Shared Services Canada,261669833.0,301148576.0,288901628.0
1448,38,305,2023-2024,Secure Remote Access,BYE06,'Security',Shared Services Canada,261669833.0,301148576.0,288901628.0
1449,46,305,2023-2024,Cloud Brokering,BYE02,'Cloud',Shared Services Canada,16742648.0,14573672.0,14946779.0
1450,47,305,2023-2024,Classified Infrastructure,BYE06,'Security',Shared Services Canada,261669833.0,301148576.0,288901628.0
1451,48,305,2023-2024,Workplace Technology Devices Provisioning,BYE01,'Workplace Technologies',Shared Services Canada,200757323.0,191916321.0,179705725.0
1452,8,305,2023-2024,Email,BYE01,'Workplace Technologies',Shared Services Canada,200757323.0,191916321.0,179705725.0
1453,425,306,2023-2024,Direct Funding Payments,BNT02,'Research Training and Talent Development',Social Sciences and Humanities Research Council of Canada,127723061.0,127523101.0,126398725.0
1454,655,306,2023-2024,"Grant, Scholarship and Fellowship Funding Transfers to Administering Institution","BNT01,BNT02,BNT03,BNT04,BNT06,BNU01","'Insight Research', 'Research Training and Talent Development', 'Research Partnerships', 'New Frontiers in Research Fund', 'Canada Biomedical Research Fund', 'Research Support Fund'",Social Sciences and Humanities Research Council of Canada,1179583744.0,1174210239.0,1161146331.0
1455,656,306,2023-2024,"Grant, Scholarship, Fellowship and Award Administration","BNT01,BNT02,BNT03,BNT04,BNT06,BNU01","'Insight Research', 'Research Training and Talent Development', 'Research Partnerships', 'New Frontiers in Research Fund', 'Canada Biomedical Research Fund', 'Research Support Fund'",Social Sciences and Humanities Research Council of Canada,1179583744.0,1174210239.0,1161146331.0
1456,357,306,2023-2024,Funding Decisions for Institutional Capacity,"BNT01,BNT03,BNT06,BNU01","'Insight Research', 'Research Partnerships', 'Canada Biomedical Research Fund', 'Research Support Fund'",Social Sciences and Humanities Research Council of Canada,924862786.0,919708011.0,883746549.0
1457,SRV03385,306,2023-2024,New Frontiers in Research Fund,BNT04,'New Frontiers in Research Fund',Social Sciences and Humanities Research Council of Canada,126997897.0,126979127.0,151001057.0
1458,178,306,2023-2024,Funding Decisions for Grants to Researchers,"BNT01,BNT03","'Insight Research', 'Research Partnerships'",Social Sciences and Humanities Research Council of Canada,396580271.0,391556942.0,390381449.0
1459,173,306,2023-2024,Funding Decisions for Scholarships and Fellowships,BNT02,'Research Training and Talent Development',Social Sciences and Humanities Research Council of Canada,127723061.0,127523101.0,126398725.0
1460,995,313,2023-2024,Access to Information and Privacy,BNV05,'Centres of Expertise',Statistics Canada,188665900.0,182465042.0,179976808.0
1461,1415,313,2023-2024,Access our Statistical Data,"BNV01,BNV02,BNV03,BNV04","'Economic and Environmental Statistics', 'Socio-economic Statistics', 'Censuses', 'Cost-Recovered Statistical Services'",Statistics Canada,465477513.0,515855060.0,784082173.0
1462,1354,313,2023-2024,Client Services- Custom Products,BNV04,'Cost-Recovered Statistical Services',Statistics Canada,11757540.0,12420000.0,12420000.0
1463,1330,313,2023-2024,Consumer Price Index (CPI),"BNV01,BNV02,BNV03,BNV04","'Economic and Environmental Statistics', 'Socio-economic Statistics', 'Censuses', 'Cost-Recovered Statistical Services'",Statistics Canada,465477513.0,515855060.0,784082173.0
1464,1299,313,2023-2024,Contact Us- General Information to Data Users and Technical Support to Survey Respondents,"BNV01,BNV02,BNV03,BNV04","'Economic and Environmental Statistics', 'Socio-economic Statistics', 'Censuses', 'Cost-Recovered Statistical Services'",Statistics Canada,465477513.0,515855060.0,784082173.0
1465,1414,313,2023-2024,Information about Surveys and for Survey Participants,"BNV02,BNV03","'Socio-economic Statistics', 'Censuses'",Statistics Canada,269556807.0,327906051.0,596556899.0
1466,1352,313,2023-2024,Labour Force Survey,BNV02,'Socio-economic Statistics',Statistics Canada,178966891.0,157090888.0,156077101.0
1467,1309,313,2023-2024,My StatCan,"BNV01,BNV02,BNV03,BNV04","'Economic and Environmental Statistics', 'Socio-economic Statistics', 'Censuses', 'Cost-Recovered Statistical Services'",Statistics Canada,465477513.0,515855060.0,784082173.0
1468,1047,313,2023-2024,Release of Statistical Data on Balance of Payment,BNV01,'Economic and Environmental Statistics',Statistics Canada,184163166.0,175529009.0,175105274.0
1469,1351,313,2023-2024,Release of Statistical Data on Census of Population,BNV03,'Censuses',Statistics Canada,90589916.0,170815163.0,440479798.0
1470,1353,313,2023-2024,"Release of Statistical Data on Employment, Payroll and Hours","BNV02,BNV04","'Socio-economic Statistics', 'Cost-Recovered Statistical Services'",Statistics Canada,190724431.0,169510888.0,168497101.0
1471,1321,313,2023-2024,Release of Statistical Data on Enterprise Finances,BNV01,'Economic and Environmental Statistics',Statistics Canada,184163166.0,175529009.0,175105274.0
1472,1343,313,2023-2024,Release of Statistical Data on Industrial Product Index (IPPI),BNV01,'Economic and Environmental Statistics',Statistics Canada,184163166.0,175529009.0,175105274.0
1473,1046,313,2023-2024,Release of Statistical Data on International Trade,BNV01,'Economic and Environmental Statistics',Statistics Canada,184163166.0,175529009.0,175105274.0
1474,1319,313,2023-2024,Release of Statistical Data on Manufacturing Sector,BNV01,'Economic and Environmental Statistics',Statistics Canada,184163166.0,175529009.0,175105274.0
1475,1320,313,2023-2024,Release of Statistical Data on Retail Trade,BNV01,'Economic and Environmental Statistics',Statistics Canada,184163166.0,175529009.0,175105274.0
1476,1317,313,2023-2024,Release of Statistical Data on the Monthly Gross Domestic Product (GDP) by Industry,BNV01,'Economic and Environmental Statistics',Statistics Canada,184163166.0,175529009.0,175105274.0
1477,1318,313,2023-2024,Release of Statistical Data on the Quarterly Gross Domestic Product (GDP),"BNV01,BNV02","'Economic and Environmental Statistics', 'Socio-economic Statistics'",Statistics Canada,363130057.0,332619897.0,331182375.0
1478,1327,313,2023-2024,Release of Statistical Data on Wholesale Trade,BNV01,'Economic and Environmental Statistics',Statistics Canada,184163166.0,175529009.0,175105274.0
1479,1393,313,2023-2024,Read our Analysis,"BNV01,BNV02,BNV03,BNV04","'Economic and Environmental Statistics', 'Socio-economic Statistics', 'Censuses', 'Cost-Recovered Statistical Services'",Statistics Canada,465477513.0,515855060.0,784082173.0
1480,1002,313,2023-2024,Research Data Centres (RDC),"BNV01,BNV02,BNV03,BNV04","'Economic and Environmental Statistics', 'Socio-economic Statistics', 'Censuses', 'Cost-Recovered Statistical Services'",Statistics Canada,465477513.0,515855060.0,784082173.0
1481,1355,313,2023-2024,"Statistical Capacity Building – Workshops, Training and Conferences","BNV01,BNV02,BNV03,BNV04","'Economic and Environmental Statistics', 'Socio-economic Statistics', 'Censuses', 'Cost-Recovered Statistical Services'",Statistics Canada,465477513.0,515855060.0,784082173.0
1482,1391,313,2023-2024,View our Reference Resources,"BNV01,BNV02,BNV03,BNV04","'Economic and Environmental Statistics', 'Socio-economic Statistics', 'Censuses', 'Cost-Recovered Statistical Services'",Statistics Canada,465477513.0,515855060.0,784082173.0
1483,1824,247,2023-2024,Access to Information and Privacy,ISS01,'Management and Oversight Services',The Correctional Investigator Canada,0.0,0.0,0.0
1484,1823,247,2023-2024,Investigate Federal Offender Concerns,BVL01,'Ombuds for federally sentenced individuals',The Correctional Investigator Canada,5223687.0,5586003.0,5588572.0
1485,1825,247,2023-2024,Public and Media Enquiries,ISS02,'Communications Services',The Correctional Investigator Canada,0.0,0.0,0.0
1486,25,218,2023-2024,"Access to the natural, historic and recreational site (no fee)",BFO01,'Maintenance of infrastructure and security',The National Battlefields Commission,14180000.0,5200000.0,5200000.0
1487,26,218,2023-2024,Access to the Plains of Abraham Museum,BFY01,"'Educational, cultural and heritage activities'",The National Battlefields Commission,3200000.0,3000000.0,3000000.0
1488,3690,218,2023-2024,Access to activities at the Plains of Abraham Museum,BFY01,"'Educational, cultural and heritage activities'",The National Battlefields Commission,3200000.0,3000000.0,3000000.0
1489,3695,218,2023-2024,"Access to social, cultural, heritage and sports activities for the public at large (no fee)",BFY01,"'Educational, cultural and heritage activities'",The National Battlefields Commission,3200000.0,3000000.0,3000000.0
1490,27,218,2023-2024,"Access to historic, thematic and educational activities",BFY01,"'Educational, cultural and heritage activities'",The National Battlefields Commission,3200000.0,3000000.0,3000000.0
1491,3691,218,2023-2024,"Access to social, cultural and heritage content online (no fee)",BFY01,"'Educational, cultural and heritage activities'",The National Battlefields Commission,3200000.0,3000000.0,3000000.0
1492,3692,218,2023-2024,Access to a parking space,BFO01,'Maintenance of infrastructure and security',The National Battlefields Commission,14180000.0,5200000.0,5200000.0
1493,30,218,2023-2024,Access to information and the protection of personal information,BSJ03,'Access to information and privacy',The National Battlefields Commission,0.0,0.0,0.0
1494,324,218,2023-2024,Receipt of requests to use the territory,BFO01,'Maintenance of infrastructure and security',The National Battlefields Commission,14180000.0,5200000.0,5200000.0
1495,29,218,2023-2024,Commemorative program (no fee),BFY01,"'Educational, cultural and heritage activities'",The National Battlefields Commission,3200000.0,3000000.0,3000000.0
1496,3693,218,2023-2024,Access to archives (no fee),BFY01,"'Educational, cultural and heritage activities'",The National Battlefields Commission,3200000.0,3000000.0,3000000.0
1497,3694,218,2023-2024,Receipt of requests from the media and public at large (no fee),BFY01,"'Educational, cultural and heritage activities'",The National Battlefields Commission,3200000.0,3000000.0,3000000.0
1498,SRV03540,138,2023-2024,Access Motor Vehicle Safety Best practices information,BTW16,'Multi-Modal and Road Safety Regulatory Framework',Transport Canada,14925146.0,11662855.0,8051145.0
1499,SRV03527,138,2023-2024,Access National Collision Database (NCDB),BTW16,'Multi-Modal and Road Safety Regulatory Framework',Transport Canada,14925146.0,11662855.0,8051145.0
1500,SRV03531,138,2023-2024,Administration of the Marine War Risk Act and the agreement with the Canadian Shipowners Mutual Assurance Association,BTY01,'Transportation Marketplace Frameworks',Transport Canada,135506546.0,23711271.0,23990481.0
1501,SRV03472,138,2023-2024,Air cargo screening equipment certification,BTW05,'Aviation Security Oversight',Transport Canada,64536918.0,64828834.0,47162316.0
1502,SRV03528,138,2023-2024,Air transportation merger and acquisition review and authorization process,BTY01,'Transportation Marketplace Frameworks',Transport Canada,135506546.0,23711271.0,23990481.0
1503,SRV03562,138,2023-2024,"Authorization to take possession under the Wrecked, Abandoned or Hazardous Vessels Act",BTX06,'Navigation Protection Program',Transport Canada,13983859.0,13837452.0,5733213.0
1504,SRV03476,138,2023-2024,Education and awareness on rail and intermodal transportation security,BTW19,'Intermodal Surface Security Oversight',Transport Canada,5138125.0,4549191.0,2679949.0
1505,SRV03513,138,2023-2024,Canadian Airline Designations and Airline Capacity Allocation,BTY01,'Transportation Marketplace Frameworks',Transport Canada,135506546.0,23711271.0,23990481.0
1506,SRV03519,138,2023-2024,Canadian Transport Emergency Centre (CANUTEC),BTW22,'Transportation of Dangerous Goods Technical Support',Transport Canada,7802602.0,7741876.0,4084088.0
1507,SRV03520,138,2023-2024,Canadian Transport Emergency Centre (CANUTEC)  - Publication of the Emergency Response Guidebook (ERG),BTW22,'Transportation of Dangerous Goods Technical Support',Transport Canada,7802602.0,7741876.0,4084088.0
1508,SRV03482,138,2023-2024,Certification for a seafarer,BTW08,'Marine Safety Oversight',Transport Canada,49561475.0,46827695.0,46726707.0
1509,SRV03564,138,2023-2024,Certification of a flight training unit,BTW02,'Aviation Safety Oversight',Transport Canada,128205499.0,125950401.0,119471351.0
1510,SRV03471,138,2023-2024,Coasting Trade inspections : Letters of Compliance Issued,BTW08,'Marine Safety Oversight',Transport Canada,49561475.0,46827695.0,46726707.0
1511,SRV03495,138,2023-2024,Dangerous Goods inspection,BTW08,'Marine Safety Oversight',Transport Canada,49561475.0,46827695.0,46726707.0
1512,SRV03544,138,2023-2024,Declarations of Conformity (DOC),BTW08,'Marine Safety Oversight',Transport Canada,49561475.0,46827695.0,46726707.0
1513,SRV03546,138,2023-2024,Delegated Statutory Inspection Program (DSIP) exemption request applications received,BTW08,'Marine Safety Oversight',Transport Canada,49561475.0,46827695.0,46726707.0
1514,SRV03515,138,2023-2024,Equivalency and Temporary Certificates,BTW20,'Transportation of Dangerous Goods Regulatory Framework',Transport Canada,7810150.0,7773667.0,3356477.0
1515,SRV03467,138,2023-2024,General Terminal: Domestic and International,BTY03,'Transportation Infrastructure',Transport Canada,809577481.0,681925682.0,714444536.0
1516,SRV03492,138,2023-2024,Marine Insurance Certificate for a Vessel,BTW08,'Marine Safety Oversight',Transport Canada,49561475.0,46827695.0,46726707.0
1517,SRV03523,138,2023-2024,Maritime Labour Convention Certificates,BTW08,'Marine Safety Oversight',Transport Canada,49561475.0,46827695.0,46726707.0
1518,SRV03534,138,2023-2024,Medical certificates for aviation personnel,BTW02,'Aviation Safety Oversight',Transport Canada,128205499.0,125950401.0,119471351.0
1519,SRV03536,138,2023-2024,Ports & Marine Facilities Security Certification,BTW11,'Marine Security Oversight',Transport Canada,10657598.0,10073615.0,10347768.0
1520,SRV03557,138,2023-2024,Prewash Endorsement,BTW08,'Marine Safety Oversight',Transport Canada,49561475.0,46827695.0,46726707.0
1521,SRV03560,138,2023-2024,Report a safety defect,BTW17,'Multi-Modal and Road Safety Oversight',Transport Canada,34406014.0,34702847.0,24073305.0
1522,SRV03483,138,2023-2024,Search for Sea Service,BTW08,'Marine Safety Oversight',Transport Canada,49561475.0,46827695.0,46726707.0
1523,SRV03533,138,2023-2024,Small Vessel Compliance Program (SVCP),BTW08,'Marine Safety Oversight',Transport Canada,49561475.0,46827695.0,46726707.0
1524,SRV03558,138,2023-2024,Verification of Shipper's procedures,BTW08,'Marine Safety Oversight',Transport Canada,49561475.0,46827695.0,46726707.0
1525,SRV03488,138,2023-2024,Vessel History,BTW08,'Marine Safety Oversight',Transport Canada,49561475.0,46827695.0,46726707.0
1526,SRV03479,138,2023-2024,Vessel Plan Document Review,BTW08,'Marine Safety Oversight',Transport Canada,49561475.0,46827695.0,46726707.0
1527,SRV03551,138,2023-2024,Aircraft registration,BTW02,'Aviation Safety Oversight',Transport Canada,128205499.0,125950401.0,119471351.0
1528,SRV03532,138,2023-2024,Approval of Air Cargo Security Program Participants,BTW05,'Aviation Security Oversight',Transport Canada,64536918.0,64828834.0,47162316.0
1529,SRV03518,138,2023-2024,Approval of Emergency Response Assistance Plans (ERAP),BTW21,'Transportation of Dangerous Goods Oversight',Transport Canada,29846024.0,30286327.0,14530382.0
1530,SRV03517,138,2023-2024,Reservation of an aircraft registration mark,BTW02,'Aviation Safety Oversight',Transport Canada,128205499.0,125950401.0,119471351.0
1531,SRV03555,138,2023-2024,Restricted certification authority for an individual,BTW02,'Aviation Safety Oversight',Transport Canada,128205499.0,125950401.0,119471351.0
1532,SRV03549,138,2023-2024,Access Driver Assistance Technologies information,BTW16,'Multi-Modal and Road Safety Regulatory Framework',Transport Canada,14925146.0,11662855.0,8051145.0
1533,SRV03504,138,2023-2024,Access Importation and Manufacturing protocols and guidance,BTW17,'Multi-Modal and Road Safety Oversight',Transport Canada,34406014.0,34702847.0,24073305.0
1534,SRV03490,138,2023-2024,Access Public Ports Facilities,BTY03,'Transportation Infrastructure',Transport Canada,809577481.0,681925682.0,714444536.0
1535,SRV03539,138,2023-2024,Access Road Safety standards information,BTW16,'Multi-Modal and Road Safety Regulatory Framework',Transport Canada,14925146.0,11662855.0,8051145.0
1536,SRV03477,138,2023-2024,Access to Information and Privacy,ISSA1,'Management and Oversight Services',Transport Canada,0.0,0.0,0.0
1537,SRV03506,138,2023-2024,Air carrier joint venture review and authorization process,BTY01,'Transportation Marketplace Frameworks',Transport Canada,135506546.0,23711271.0,23990481.0
1538,SRV03568,138,2023-2024,Air operator certificate,BTW02,'Aviation Safety Oversight',Transport Canada,128205499.0,125950401.0,119471351.0
1539,SRV03465,138,2023-2024,Aircraft Parking,BTY03,'Transportation Infrastructure',Transport Canada,809577481.0,681925682.0,714444536.0
1540,SRV03541,138,2023-2024,Approval of ‘works’ under the Canadian Navigable Waters Act,BTX06,'Navigation Protection Program',Transport Canada,13983859.0,13837452.0,5733213.0
1541,SRV03554,138,2023-2024,Approval of an aircraft maintenance schedule,BTW02,'Aviation Safety Oversight',Transport Canada,128205499.0,125950401.0,119471351.0
1542,SRV03521,138,2023-2024,CANUTEC Registration system,BTW22,'Transportation of Dangerous Goods Technical Support',Transport Canada,7802602.0,7741876.0,4084088.0
1543,SRV03545,138,2023-2024,Continuous Synopsis Records,BTW08,'Marine Safety Oversight',Transport Canada,49561475.0,46827695.0,46726707.0
1544,SRV03469,138,2023-2024,Emergency Response Services,BTY03,'Transportation Infrastructure',Transport Canada,809577481.0,681925682.0,714444536.0
1545,SRV03508,138,2023-2024,Exemption by Order under subsection 24(1) of the Canadian Navigable Waters Act,BTX06,'Navigation Protection Program',Transport Canada,13983859.0,13837452.0,5733213.0
1546,SRV03552,138,2023-2024,Flight authority,BTW02,'Aviation Safety Oversight',Transport Canada,128205499.0,125950401.0,119471351.0
1547,SRV03516,138,2023-2024,"General Inquiries related to the TDG Program, including means of containment, regulations and legislation",BTW21,'Transportation of Dangerous Goods Oversight',Transport Canada,29846024.0,30286327.0,14530382.0
1548,SRV03484,138,2023-2024,Identity document for a seafarer,BTW08,'Marine Safety Oversight',Transport Canada,49561475.0,46827695.0,46726707.0
1549,SRV03556,138,2023-2024,Inspection of an amateur-built aircraft,BTW02,'Aviation Safety Oversight',Transport Canada,128205499.0,125950401.0,119471351.0
1550,SRV03491,138,2023-2024,"Issuance, in response to a request by industry, of an evaluation or authorization of industry training products.",BTW02,'Aviation Safety Oversight',Transport Canada,128205499.0,125950401.0,119471351.0
1551,SRV03565,138,2023-2024,Letter of acceptance for foreign maintenance organizations,BTW02,'Aviation Safety Oversight',Transport Canada,128205499.0,125950401.0,119471351.0
1552,SRV03563,138,2023-2024,Media enquiries,ISS02,'Communications Services',Transport Canada,17414795.0,15381756.0,14633229.0
1553,SRV03461,138,2023-2024,Ministerial exemption under subsection 5.9(2) of the Aeronautics Act,BTW02,'Aviation Safety Oversight',Transport Canada,128205499.0,125950401.0,119471351.0
1554,SRV03501,138,2023-2024,Repair design approval for an aeronautical product,BTW02,'Aviation Safety Oversight',Transport Canada,128205499.0,125950401.0,119471351.0
1555,SRV03510,138,2023-2024,Railway Operating Certificate,BTW14,'Rail Safety Oversight',Transport Canada,30666852.0,28198647.0,18805146.0
1556,SRV03463,138,2023-2024,Aviation Exams,BTW02,'Aviation Safety Oversight',Transport Canada,128205499.0,125950401.0,119471351.0
1557,SRV03498,138,2023-2024,Type certificate for an aeronautical product,BTW02,'Aviation Safety Oversight',Transport Canada,128205499.0,125950401.0,119471351.0
1558,SRV03466,138,2023-2024,Vehicle Parking,BTY03,'Transportation Infrastructure',Transport Canada,809577481.0,681925682.0,714444536.0
1559,SRV03493,138,2023-2024,Vessel Operations Restriction Regulation (VORR) Permit,BTW08,'Marine Safety Oversight',Transport Canada,49561475.0,46827695.0,46726707.0
1560,SRV03505,138,2023-2024,Access Connected and Automated Vehicles information,BTW16,'Multi-Modal and Road Safety Regulatory Framework',Transport Canada,14925146.0,11662855.0,8051145.0
1561,SRV03550,138,2023-2024,Access School bus safety information,BTW16,'Multi-Modal and Road Safety Regulatory Framework',Transport Canada,14925146.0,11662855.0,8051145.0
1562,SRV03468,138,2023-2024,Aircraft Landing and Flying Training,BTY03,'Transportation Infrastructure',Transport Canada,809577481.0,681925682.0,714444536.0
1563,SRV03530,138,2023-2024,Alternative means of compliance (AMOC) with an airworthiness directive,BTW02,'Aviation Safety Oversight',Transport Canada,128205499.0,125950401.0,119471351.0
1564,SRV03522,138,2023-2024,Approval for a marine training program or course provided by a marine training institution,BTW08,'Marine Safety Oversight',Transport Canada,49561475.0,46827695.0,46726707.0
1565,SRV03500,138,2023-2024,Canadian Technical Standard Order (CAN-TSO) for an appliance or part,BTW02,'Aviation Safety Oversight',Transport Canada,128205499.0,125950401.0,119471351.0
1566,SRV03494,138,2023-2024,Cargo Inspection,BTW08,'Marine Safety Oversight',Transport Canada,49561475.0,46827695.0,46726707.0
1567,SRV03507,138,2023-2024,Certificate of registration for a means of containment facility,BTW20,'Transportation of Dangerous Goods Regulatory Framework',Transport Canada,7810150.0,7773667.0,3356477.0
1568,SRV03542,138,2023-2024,Dispensation for a seafarer,BTW08,'Marine Safety Oversight',Transport Canada,49561475.0,46827695.0,46726707.0
1569,SRV03480,138,2023-2024,Licensing for aviation personnel,BTW02,'Aviation Safety Oversight',Transport Canada,128205499.0,125950401.0,119471351.0
1570,SRV03543,138,2023-2024,Manufacturer Identification Codes (MIC),BTW08,'Marine Safety Oversight',Transport Canada,49561475.0,46827695.0,46726707.0
1571,SRV03526,138,2023-2024,Marine Medical Certificate,BTW08,'Marine Safety Oversight',Transport Canada,49561475.0,46827695.0,46726707.0
1572,SRV03535,138,2023-2024,Marine Security Operations Centres : Pre-Arrival Information Report Screening,BTW11,'Marine Security Oversight',Transport Canada,10657598.0,10073615.0,10347768.0
1573,SRV03475,138,2023-2024,Ministerial and Deputy Correspondence,ISSA2,'Communications Services',Transport Canada,0.0,0.0,0.0
1574,SRV03509,138,2023-2024,Pleasure Craft Licence,BTW08,'Marine Safety Oversight',Transport Canada,49561475.0,46827695.0,46726707.0
1575,SRV03485,138,2023-2024,Register a vessel,BTW08,'Marine Safety Oversight',Transport Canada,49561475.0,46827695.0,46726707.0
1576,SRV03489,138,2023-2024,Replacement of a Canadian aviation document,BTW02,'Aviation Safety Oversight',Transport Canada,128205499.0,125950401.0,119471351.0
1577,SRV03561,138,2023-2024,Request a Motor Vehicle Transport Act Exemption,BTW16,'Multi-Modal and Road Safety Regulatory Framework',Transport Canada,14925146.0,11662855.0,8051145.0
1578,SRV03559,138,2023-2024,Rescinding detention of a foreign vessel,BTW08,'Marine Safety Oversight',Transport Canada,49561475.0,46827695.0,46726707.0
1579,SRV03524,138,2023-2024,Seafarer Recruitment and Placement Service (SRPS) provider licensing,BTW08,'Marine Safety Oversight',Transport Canada,49561475.0,46827695.0,46726707.0
1580,SRV03499,138,2023-2024,Supplemental type certificate for an aeronautical product,BTW02,'Aviation Safety Oversight',Transport Canada,128205499.0,125950401.0,119471351.0
1581,SRV03486,138,2023-2024,Transfer of Vessel Ownership,BTW08,'Marine Safety Oversight',Transport Canada,49561475.0,46827695.0,46726707.0
1582,SRV03511,138,2023-2024,Transportation Security Clearance,BTW24,'Security Screening Certification',Transport Canada,3675334.0,148830.0,148830.0
1583,3660,138,2023-2024,Administrative changes to amend documents under Schedule V,BTW02,'Aviation Safety Oversight',Transport Canada,128205499.0,125950401.0,119471351.0
1584,3661,138,2023-2024,Ministerial exemption to an airworthiness directive pursuant to 605.84(3),BTW02,'Aviation Safety Oversight',Transport Canada,128205499.0,125950401.0,119471351.0
1585,3665,138,2023-2024,Flight Tests Conducted by the Department of Transport,BTW02,'Aviation Safety Oversight',Transport Canada,128205499.0,125950401.0,119471351.0
1586,SRV03538,138,2023-2024,Access defect and recall information,BTW17,'Multi-Modal and Road Safety Oversight',Transport Canada,34406014.0,34702847.0,24073305.0
1587,SRV03566,138,2023-2024,Aircraft leasing,BTW02,'Aviation Safety Oversight',Transport Canada,128205499.0,125950401.0,119471351.0
1588,SRV03470,138,2023-2024,Annual Mobile Equipment Registration,BTY03,'Transportation Infrastructure',Transport Canada,809577481.0,681925682.0,714444536.0
1589,SRV03529,138,2023-2024,Approved training organization certificate,BTW02,'Aviation Safety Oversight',Transport Canada,128205499.0,125950401.0,119471351.0
1590,SRV03496,138,2023-2024,Canadian Flagged Vessels (SOLAS & Domestic Ferries) Security Certification,BTW11,'Marine Security Oversight',Transport Canada,10657598.0,10073615.0,10347768.0
1591,SRV03553,138,2023-2024,Certificate of approval for a maintenance or manufacturing organization,BTW02,'Aviation Safety Oversight',Transport Canada,128205499.0,125950401.0,119471351.0
1592,SRV03514,138,2023-2024,Education and Awareness,BTW21,'Transportation of Dangerous Goods Oversight',Transport Canada,29846024.0,30286327.0,14530382.0
1593,SRV03548,138,2023-2024,Explosives Detection Dog and Handler Teams (EDDHT) Certification,BTW05,'Aviation Security Oversight',Transport Canada,64536918.0,64828834.0,47162316.0
1594,SRV03473,138,2023-2024,Inspection on a domestic vessel,BTW08,'Marine Safety Oversight',Transport Canada,49561475.0,46827695.0,46726707.0
1595,SRV03502,138,2023-2024,Licensing for air traffic controllers,BTW02,'Aviation Safety Oversight',Transport Canada,128205499.0,125950401.0,119471351.0
1596,SRV03512,138,2023-2024,Licensing for aircraft maintenance engineers,BTW02,'Aviation Safety Oversight',Transport Canada,128205499.0,125950401.0,119471351.0
1597,SRV03547,138,2023-2024,Marine Technical Review Board Decision,BTW08,'Marine Safety Oversight',Transport Canada,49561475.0,46827695.0,46726707.0
1598,SRV03503,138,2023-2024,Part design approval for an aeronautical product,BTW02,'Aviation Safety Oversight',Transport Canada,128205499.0,125950401.0,119471351.0
1599,SRV03487,138,2023-2024,Register a mortgage for a vessel,BTW08,'Marine Safety Oversight',Transport Canada,49561475.0,46827695.0,46726707.0
1600,SRV03478,138,2023-2024,Safe Manning Document Review,BTW08,'Marine Safety Oversight',Transport Canada,49561475.0,46827695.0,46726707.0
1601,SRV03481,138,2023-2024,Seafarer examination and/or assessment of qualification,BTW08,'Marine Safety Oversight',Transport Canada,49561475.0,46827695.0,46726707.0
1602,SRV03567,138,2023-2024,Special flight operations certificate,BTW02,'Aviation Safety Oversight',Transport Canada,128205499.0,125950401.0,119471351.0
1603,SRV03462,138,2023-2024,Statement of aerobatic competency,BTW02,'Aviation Safety Oversight',Transport Canada,128205499.0,125950401.0,119471351.0
1604,SRV03525,138,2023-2024,TC Situation Centre (SitCen),BTW25,'Emergency Management',Transport Canada,4525678.0,4580519.0,4139065.0
1605,SRV03497,138,2023-2024,Verification of outstanding deficiencies for foreign vessels,BTW08,'Marine Safety Oversight',Transport Canada,49561475.0,46827695.0,46726707.0
1606,3657,138,2023-2024,Transportation Data and Information Hub,BTY02,'Transportation Analysis',Transport Canada,21560555.0,16696825.0,16731734.0
1607,3658,138,2023-2024,Motor Vehicle Safety Call Centre,BTW16,'Multi-Modal and Road Safety Regulatory Framework',Transport Canada,14925146.0,11662855.0,8051145.0
1608,3663,138,2023-2024,Marine Pilotage Licence or Pilotage Certificate,BTW08,'Marine Safety Oversight',Transport Canada,49561475.0,46827695.0,46726707.0
1609,3659,138,2023-2024,Assistance for a formal application for certification,BTW02,'Aviation Safety Oversight',Transport Canada,128205499.0,125950401.0,119471351.0
1610,3654,138,2023-2024,Surface Transportation Merger and Acquisition Review and Assessment Process,BTY01,'Transportation Marketplace Frameworks',Transport Canada,135506546.0,23711271.0,23990481.0
1611,3662,138,2023-2024,Marine Medical Examiner Designation,BTW08,'Marine Safety Oversight',Transport Canada,49561475.0,46827695.0,46726707.0
1612,3664,138,2023-2024,Marking and lighting of obstacles to air navigation,BTW02,'Aviation Safety Oversight',Transport Canada,128205499.0,125950401.0,119471351.0
1613,3653,138,2023-2024,Issuance of Discharge Books,BTW08,'Marine Safety Oversight',Transport Canada,49561475.0,46827695.0,46726707.0
1614,SRV03537,138,2023-2024,Grants and Contributions,BTY03,'Transportation Infrastructure',Transport Canada,809577481.0,681925682.0,714444536.0
1615,2019,326,2023-2024,Directory of Federal Real Property (DFRP),BXB05,'Acquired Services and Assets Policies and Initiatives',Treasury Board of Canada Secretariat,0.0,0.0,0.0
1616,1348,326,2023-2024,Treasury Board of Canada Secretariat’s Claims Office,"BXB01,BXC01","'Financial Management Policies and Initiatives', 'Employee Relations and Total Compensation'",Treasury Board of Canada Secretariat,0.0,0.0,0.0
1617,1349,326,2023-2024,Open Government Portal -  Access to data and information,"BXA02,BXA04,BXB01,BXB02,ISS04,ISS07","'Expenditure Data, Analysis, Results, and Reviews', 'Government-wide Funds', 'Financial Management Policies and Initiatives', 'Digital Policy', 'Human Resources Management Services', 'Information Technology Services'",Treasury Board of Canada Secretariat,5164772712.0,5151197420.0,5145642941.0
1618,1347,326,2023-2024,Access to Information and Privacy,ISS01,'Management and Oversight Services',Treasury Board of Canada Secretariat,21535725.0,21549451.0,20169554.0
1619,2020,326,2023-2024,Federal Contaminated Sites Inventory (FCSI),BXB05,'Acquired Services and Assets Policies and Initiatives',Treasury Board of Canada Secretariat,0.0,0.0,0.0
1620,2024,326,2023-2024,Treasury Board Submission Centre,BXA01,'Oversight and Treasury Board Support',Treasury Board of Canada Secretariat,26272502.0,26563882.0,26627509.0
1621,2035,326,2023-2024,GCcollab,"BXB03,ISS02","'Digital Strategy, Planning, and Oversight', 'Communications Services'",Treasury Board of Canada Secretariat,11760060.0,11458504.0,11408813.0
1622,2262,326,2023-2024,Project Risk and Complexity Assessment (Callipers),BXB05,'Acquired Services and Assets Policies and Initiatives',Treasury Board of Canada Secretariat,0.0,0.0,0.0
1623,2230,326,2023-2024,COVID-19 Tracking System (CTS),"BXC01,BXC06","'Employee Relations and Total Compensation', 'People Management Systems and Processes'",Treasury Board of Canada Secretariat,0.0,0.0,0.0
1624,2016,326,2023-2024,Interchange Canada,ISS04,'Human Resources Management Services',Treasury Board of Canada Secretariat,13296915.0,13269329.0,13297569.0
1625,2242,326,2023-2024,Executive Talent Management,BXC05,'Executive and Leadership Development',Treasury Board of Canada Secretariat,0.0,0.0,0.0
1626,2022,326,2023-2024,Performance Management for Employees,"BXC01,BXC03,BXC06","'Employee Relations and Total Compensation', 'Workplace Policies and Services', 'People Management Systems and Processes'",Treasury Board of Canada Secretariat,0.0,0.0,0.0
1627,1350,326,2023-2024,Classification Program,"BXC01,ISS04","'Employee Relations and Total Compensation', 'Human Resources Management Services'",Treasury Board of Canada Secretariat,13296915.0,13269329.0,13297569.0
1628,2036,326,2023-2024,Application Portfolio Management (APM) submission,BXB03,"'Digital Strategy, Planning, and Oversight'",Treasury Board of Canada Secretariat,0.0,0.0,0.0
1629,1297,326,2023-2024,ATIP Online request platform,"BXB02,ISS07","'Digital Policy', 'Information Technology Services'",Treasury Board of Canada Secretariat,13588883.0,13170879.0,13006926.0
1630,1094,326,2023-2024,People Information Management Automated Request Tracker - Information/Data Request Service,ISS04,'Human Resources Management Services',Treasury Board of Canada Secretariat,13296915.0,13269329.0,13297569.0
1631,2239,326,2023-2024,Expenditure Management Component,"BXA04,BXB01,BXB06,ISS05","'Government-wide Funds', 'Financial Management Policies and Initiatives', 'Digital Comptrollership Program', 'Financial Management Services'",Treasury Board of Canada Secretariat,10925676.0,11160801.0,11283723.0
1632,2261,326,2023-2024,Repository of Federal Public Sector (Core Public Administration) Collective Agreements,"BXA01,ISS01","'Oversight and Treasury Board Support', 'Management and Oversight Services'",Treasury Board of Canada Secretariat,47808227.0,48113333.0,46797063.0
1633,2253,326,2023-2024,GC Integrated Planning submission,"BXA01,BXB03,BXD01,ISS01,ISS07,ISS08,ISS09","'Oversight and Treasury Board Support', 'Digital Strategy, Planning, and Oversight', 'Regulatory Policy, Oversight, and Cooperation', 'Management and Oversight Services', 'Information Technology Services', 'Real Property Management Services', 'Materiel Management Services'",Treasury Board of Canada Secretariat,79181621.0,76715155.0,75260847.0
1634,SRV02815,326,2023-2024,GCXchange,ISS02,'Communications Services',Treasury Board of Canada Secretariat,11760060.0,11458504.0,11408813.0
1635,SRV03456,326,2023-2024,Tracker,"BXB02,ISS07","'Digital Policy', 'Information Technology Services'",Treasury Board of Canada Secretariat,13588883.0,13170879.0,13006926.0
1636,SRV03454,326,2023-2024,Cyber Maturity Self-Assessment (CMSA),"BXB02,ISS07","'Digital Policy', 'Information Technology Services'",Treasury Board of Canada Secretariat,13588883.0,13170879.0,13006926.0
1637,3678,326,2023-2024,Human resources statistics,ISS04,'Human Resources Management Services',Treasury Board of Canada Secretariat,13296915.0,13269329.0,13297569.0
1638,3677,326,2023-2024,Student Experience Survey,"BXC06,ISS04","'People Management Systems and Processes', 'Human Resources Management Services'",Treasury Board of Canada Secretariat,13296915.0,13269329.0,13297569.0
1639,3676,326,2023-2024,Diversity and inclusion statistics,ISS04,'Human Resources Management Services',Treasury Board of Canada Secretariat,13296915.0,13269329.0,13297569.0
1640,3675,326,2023-2024,Finance Data Innovation Radar,ISS05,'Financial Management Services',Treasury Board of Canada Secretariat,10925676.0,11160801.0,11283723.0
1641,3674,326,2023-2024,Job Classification Data,"BXC01,BXC06","'Employee Relations and Total Compensation', 'People Management Systems and Processes'",Treasury Board of Canada Secretariat,0.0,0.0,0.0
1642,3673,326,2023-2024,System for Official Languages Obligations (SOLO),ISS01,'Management and Oversight Services',Treasury Board of Canada Secretariat,21535725.0,21549451.0,20169554.0
1643,SRV03455,326,2023-2024,GC Digital Talent,BXB03,"'Digital Strategy, Planning, and Oversight'",Treasury Board of Canada Secretariat,0.0,0.0,0.0
1644,1114,326,2023-2024,Public Enquiries,ISS02,'Communications Services',Treasury Board of Canada Secretariat,11760060.0,11458504.0,11408813.0
1645,SRV03453,326,2023-2024,Public Service Employee Survey (PSES),"BXC06,ISS04","'People Management Systems and Processes', 'Human Resources Management Services'",Treasury Board of Canada Secretariat,13296915.0,13269329.0,13297569.0
1646,2257,326,2023-2024,Treasury Board Policy Suite Website,"BXA01,ISS01","'Oversight and Treasury Board Support', 'Management and Oversight Services'",Treasury Board of Canada Secretariat,47808227.0,48113333.0,46797063.0
1647,2005,139,2023-2024,Additional Pain and Suffering Compensation,"BWI02,BWI16","'Disability Awards, Critical Injury and Death Benefits', 'Disability Benefits'",Veterans Affairs Canada,3043430988.0,2812490436.0,2428588409.0
1648,1264,139,2023-2024,Attendance Allowance,"BWI01,BWI16","'Disability Pension Benefits and Allowances', 'Disability Benefits'",Veterans Affairs Canada,3043430988.0,2812490436.0,2428588409.0
1649,1368,139,2023-2024,Canadian Forces Income Support Benefit,BWI12,'Income Support',Veterans Affairs Canada,1378739071.0,1476581814.0,1385028810.0
1650,1277,139,2023-2024,Care and Maintenance of Veterans' Graves,BWJ02,'Funeral and Burial Program',Veterans Affairs Canada,8064676.0,8155247.0,8117454.0
1651,1283,139,2023-2024,Career Transition Services,BWI07,'Transition Services',Veterans Affairs Canada,178701207.0,183284352.0,179491848.0
1652,1527,139,2023-2024,Case Management,BWI16,'Disability Benefits',Veterans Affairs Canada,3043430988.0,2812490436.0,2428588409.0
1653,SRV03063,139,2023-2024,Clothing Allowance,"BWI01,BWI02","'Disability Pension Benefits and Allowances', 'Disability Awards, Critical Injury and Death Benefits'",Veterans Affairs Canada,0.0,0.0,0.0
1654,1280,139,2023-2024,Commemorative Partnerships,BWJ01,'Canada Remembers Program',Veterans Affairs Canada,44367608.0,35129040.0,32455340.0
1655,1325,139,2023-2024,Critical Injury Benefit,"BWI02,BWI16","'Disability Awards, Critical Injury and Death Benefits', 'Disability Benefits'",Veterans Affairs Canada,3043430988.0,2812490436.0,2428588409.0
1656,1257,139,2023-2024,Disability Pension and Pain and Suffering Compensation,"BWI01,BWI02,BWI16","'Disability Pension Benefits and Allowances', 'Disability Awards, Critical Injury and Death Benefits', 'Disability Benefits'",Veterans Affairs Canada,3043430988.0,2812490436.0,2428588409.0
1657,1272,139,2023-2024,Educational Assistance for Children,"BWI01,BWI02,BWI16","'Disability Pension Benefits and Allowances', 'Disability Awards, Critical Injury and Death Benefits', 'Disability Benefits'",Veterans Affairs Canada,3043430988.0,2812490436.0,2428588409.0
1658,1284,139,2023-2024,Emergency Financial Support for Veterans,BWI13,'Veterans Emergency Fund',Veterans Affairs Canada,1225108.0,1227249.0,1199598.0
1659,1262,139,2023-2024,Exceptional Incapacity Allowance,"BWI01,BWI16","'Disability Pension Benefits and Allowances', 'Disability Benefits'",Veterans Affairs Canada,3043430988.0,2812490436.0,2428588409.0
1660,1628,139,2023-2024,Financial Recognition for Veterans' Caregivers,BWI10,'Caregiver Recognition Benefit',Veterans Affairs Canada,31443714.0,40502104.0,31238964.0
1661,1269,139,2023-2024,Financial Support for Long Term Care,BWI08,'Long Term Care',Veterans Affairs Canada,162786037.0,158368119.0,163821667.0
1662,1532,139,2023-2024,Funds to Support Education and Training for Veterans,BWI07,'Transition Services',Veterans Affairs Canada,178701207.0,183284352.0,179491848.0
1663,1281,139,2023-2024,Funeral and Burial,BWJ02,'Funeral and Burial Program',Veterans Affairs Canada,8064676.0,8155247.0,8117454.0
1664,1270,139,2023-2024,Healthcare Costs and Supports,BWI06,'Health Care Benefits',Veterans Affairs Canada,828605470.0,888847189.0,871624310.0
1665,1973,139,2023-2024,Honours and Awards,BWJ01,'Canada Remembers Program',Veterans Affairs Canada,44367608.0,35129040.0,32455340.0
1666,1996,139,2023-2024,Income Replacement Benefit,BWI12,'Income Support',Veterans Affairs Canada,1378739071.0,1476581814.0,1385028810.0
1667,1561,139,2023-2024,"Legal Advice, Counsel, and Representation for Veterans",BWI16,'Disability Benefits',Veterans Affairs Canada,3043430988.0,2812490436.0,2428588409.0
1668,2375,139,2023-2024,National Contact Centre Network (NCCN),"BWI16,BWJ01","'Disability Benefits', 'Canada Remembers Program'",Veterans Affairs Canada,3087798596.0,2847619476.0,2461043749.0
1669,1279,139,2023-2024,Public Recognition and Awareness,BWJ01,'Canada Remembers Program',Veterans Affairs Canada,44367608.0,35129040.0,32455340.0
1670,1419,139,2023-2024,Rehabilitation Services and Vocational Assistance,BWI07,'Transition Services',Veterans Affairs Canada,178701207.0,183284352.0,179491848.0
1671,1263,139,2023-2024,Treatment Allowance,"BWI01,BWI16","'Disability Pension Benefits and Allowances', 'Disability Benefits'",Veterans Affairs Canada,3043430988.0,2812490436.0,2428588409.0
1672,1286,139,2023-2024,Veteran and Family Well-being Fund,BWI15,'Veteran and Family Well Being Fund',Veterans Affairs Canada,0.0,0.0,0.0
1673,1633,139,2023-2024,Veteran Family Program,BWI07,'Transition Services',Veterans Affairs Canada,178701207.0,183284352.0,179491848.0
1674,1271,139,2023-2024,Veterans Independence Grants & Reimbursements,BWI09,'Veterans Independence Program',Veterans Affairs Canada,383292039.0,389275209.0,368256324.0
1675,SRV03062,139,2023-2024,Veterans Ombud Intervention Services,BWK01,'Veterans Ombudsperson',Veterans Affairs Canada,4853337.0,4877565.0,4948923.0
1676,1273,139,2023-2024,War Veterans Allowance,BWI11,'War Veterans Allowance',Veterans Affairs Canada,3901650.0,3626318.0,4045185.0
1677,53,333,2023-2024,Review and Appeal hearings,BWL01,'Review and Appeal',Veterans Review and Appeal Board,22575341.0,22628122.0,22334538.0
1678,2104,246,2023-2024,Women's Program,BXR02,'Community Action and Innovation',Women and Gender Equality Canada,327328918.0,327113840.0,206220750.0
1679,2105,246,2023-2024,Gender-Based Violence Program,BXR02,'Community Action and Innovation',Women and Gender Equality Canada,327328918.0,327113840.0,206220750.0
1680,2106,246,2023-2024,"Equality for Sex, Sexual Orientation, Gender Identity and Expression Program",BXR02,'Community Action and Innovation',Women and Gender Equality Canada,327328918.0,327113840.0,206220750.0
