;fiscal_yr;service_id;service_name_en;service_name_fr;service_standard_id;service_standard_en;service_standard_fr;type;gcss_tool_fiscal_yr;channel;channel_comments_en;channel_comments_fr;target_type;target;volume_meeting_target;total_volume;performance;comments_en;comments_fr;target_met;standards_targets_uri_en;standards_targets_uri_fr;performance_results_uri_en;performance_results_uri_fr;org_name_variant;org_id;department_en;department_fr;fy_org_id_service_id
10427;2023-2024;SRV03054;African Swine Fever Industry Preparedness Program: Prevention and Preparedness Stream;Programme de préparation de l’industrie à la peste porcine africaine : Volet Prévention et préparation;5583;Send you an approval or a rejection notification letter within 100 business days of receiving a fully complete applicant package;Vous adresser une lettre d'avis d'approbation ou de rejet dans les 100 jours ouvrables suivant la réception du dossier de demande complet;TML;;EML;;;;0.8;23.0;23.0;1.0;;;Y;https://agriculture.canada.ca/en/programs/african-swine-fever-industry-preparedness-prevention-stream/step-4-after-you-apply;https://agriculture.canada.ca/fr/programmes/preparation-lindustrie-peste-porcine-africaine-volet-prevention/etape-4-apres-avoir-presente-votre-demande;https://agriculture.canada.ca/en/agricultural-programs-and-services/african-swine-fever-industry-preparedness-program-prevention-and-preparedness-stream/step-3-how-to-apply;https://agriculture.canada.ca/fr/programmes-services-agricoles/programme-preparation-lindustrie-peste-porcine-africaine-volet-prevention-preparation/etape-3-comment-presenter-une-demande;aafc-aac;1.0;Agriculture and Agri-Food Canada;Agriculture et Agroalimentaire Canada;2023-2024_1_SRV03054
10428;2023-2024;SRV03054;African Swine Fever Industry Preparedness Program: Prevention and Preparedness Stream;Programme de préparation de l’industrie à la peste porcine africaine : Volet Prévention et préparation;5584;Send you a payment within 30 business days of receipt of a duly completed and documented claim;Vous expédier un paiement dans les 30 jours ouvrables suivant la réception d'une demande de règlement dûment remplie et justifiée;TML;;ONL;;;;0.8;6.0;6.0;1.0;;;Y;https://agriculture.canada.ca/en/programs/african-swine-fever-industry-preparedness-prevention-stream/step-4-after-you-apply;https://agriculture.canada.ca/fr/programmes/preparation-lindustrie-peste-porcine-africaine-volet-prevention/etape-4-apres-avoir-presente-votre-demande;https://agriculture.canada.ca/en/agricultural-programs-and-services/african-swine-fever-industry-preparedness-program-prevention-and-preparedness-stream/step-3-how-to-apply;https://agriculture.canada.ca/fr/programmes-services-agricoles/programme-preparation-lindustrie-peste-porcine-africaine-volet-prevention-preparation/etape-3-comment-presenter-une-demande;aafc-aac;1.0;Agriculture and Agri-Food Canada;Agriculture et Agroalimentaire Canada;2023-2024_1_SRV03054
10429;2023-2024;SRV03055;African Swine Fever Industry Preparedness Program: Welfare Slaughter and Disposal Stream;Programme de préparation de l’industrie à la peste porcine africaine : Volet Abattage par compassion et élimination;5585;Respond to general inquiries made to our email address  before the end of the next business day;Répondre aux demandes de renseignements générales reçues par courriel avant la fin du jour ouvrable suivant;TML;;EML;;;;0.8;10.0;12.0;0.8333;;;Y;https://agriculture.canada.ca/en/programs/african-swine-fever-industry-preparedness-welfare-slaughter-disposal-stream/step-4-after-you-apply;https://agriculture.canada.ca/fr/programmes/preparation-lindustrie-peste-porcine-africaine-volet-abattage-compassion-elimination/etape-4-apres-avoir-presente-votre-demande;https://agriculture.canada.ca/en/agricultural-programs-and-services/african-swine-fever-industry-preparedness-program-welfare-slaughter-and-disposal-stream/step-3-how-to-apply;https://agriculture.canada.ca/fr/programmes-services-agricoles/programme-preparation-lindustrie-peste-porcine-africaine-volet-abattage-compassion-elimination/etape-3-comment-presenter-une-demande;aafc-aac;1.0;Agriculture and Agri-Food Canada;Agriculture et Agroalimentaire Canada;2023-2024_1_SRV03055
10430;2023-2024;SRV03055;African Swine Fever Industry Preparedness Program: Welfare Slaughter and Disposal Stream;Programme de préparation de l’industrie à la peste porcine africaine : Volet Abattage par compassion et élimination;5587;Send you an approval or a rejection notification letter within 100 business days of receiving a fully complete applicant package;Vous adresser une lettre d'avis d'approbation ou de rejet dans les 100 jours ouvrables suivant la réception du dossier de demande complet;TML;;EML;;;;0.8;24.0;25.0;0.96;;;Y;https://agriculture.canada.ca/en/programs/african-swine-fever-industry-preparedness-welfare-slaughter-disposal-stream/step-4-after-you-apply;https://agriculture.canada.ca/fr/programmes/preparation-lindustrie-peste-porcine-africaine-volet-abattage-compassion-elimination/etape-4-apres-avoir-presente-votre-demande;https://agriculture.canada.ca/en/agricultural-programs-and-services/african-swine-fever-industry-preparedness-program-welfare-slaughter-and-disposal-stream/step-3-how-to-apply;https://agriculture.canada.ca/fr/programmes-services-agricoles/programme-preparation-lindustrie-peste-porcine-africaine-volet-abattage-compassion-elimination/etape-3-comment-presenter-une-demande;aafc-aac;1.0;Agriculture and Agri-Food Canada;Agriculture et Agroalimentaire Canada;2023-2024_1_SRV03055
10431;2023-2024;SRV03055;African Swine Fever Industry Preparedness Program: Welfare Slaughter and Disposal Stream;Programme de préparation de l’industrie à la peste porcine africaine : Volet Abattage par compassion et élimination;5588;Send you a payment within 30 business days of receipt of a duly completed and documented claim;Vous expédier un paiement dans les 30 jours ouvrables suivant la réception d'une demande de règlement dûment remplie et justifiée;TML;;ONL;;;;0.8;4.0;4.0;1.0;;;Y;https://agriculture.canada.ca/en/programs/african-swine-fever-industry-preparedness-welfare-slaughter-disposal-stream/step-4-after-you-apply;https://agriculture.canada.ca/fr/programmes/preparation-lindustrie-peste-porcine-africaine-volet-abattage-compassion-elimination/etape-4-apres-avoir-presente-votre-demande;https://agriculture.canada.ca/en/agricultural-programs-and-services/african-swine-fever-industry-preparedness-program-welfare-slaughter-and-disposal-stream/step-3-how-to-apply;https://agriculture.canada.ca/fr/programmes-services-agricoles/programme-preparation-lindustrie-peste-porcine-africaine-volet-abattage-compassion-elimination/etape-3-comment-presenter-une-demande;aafc-aac;1.0;Agriculture and Agri-Food Canada;Agriculture et Agroalimentaire Canada;2023-2024_1_SRV03055
10439;2023-2024;SRV03056;AgriCommunication;Programme Agri-communication;5590;Send you an approval or a rejection notification letter within 100 business days of receiving a fully complete applicant package;Vous adresser une lettre d'avis d'approbation ou de rejet dans les 100 jours ouvrables suivant la réception du dossier de demande complet;TML;;EML;;;;0.8;7.0;7.0;1.0;;;Y;https://agriculture.canada.ca/en/programs/agricommunication/step-4-after-you-apply;https://agriculture.canada.ca/fr/programmes/agri-communication/etape-4-apres-avoir-presente-votre-demande;https://agriculture.canada.ca/en/programs/agricommunication/step-3-how-apply;https://agriculture.canada.ca/fr/programmes/agri-communication/etape-3-comment-presenter-demande;aafc-aac;1.0;Agriculture and Agri-Food Canada;Agriculture et Agroalimentaire Canada;2023-2024_1_SRV03056
10448;2023-2024;SRV03057;Agricultural Clean Technology:Research and Innovation Stream;Programme des technologies propres en agriculture : Volet Recherche et innovation;5592;Send you a payment within 30 business days of receipt of a duly completed and documented claim;Vous expédier un paiement dans les 30 jours ouvrables suivant la réception d'une demande de règlement dûment remplie et justifiée;TML;;ONL;;;;0.8;23.0;32.0;0.7188;;;N;https://agriculture.canada.ca/en/programs/agricultural-clean-technology-research-innovation-stream/step-4-after-you-apply;https://agriculture.canada.ca/fr/programmes/technologies-propres-agriculture-volet-recherche-innovation/etape-4-apres-avoir-presente-votre-demande;https://agriculture.canada.ca/en/programs/agricultural-clean-technology-research-innovation-stream/step-3-how-apply;https://agriculture.canada.ca/fr/programmes/technologies-propres-agriculture-volet-recherche-innovation/etape-3-comment-presenter-demande;aafc-aac;1.0;Agriculture and Agri-Food Canada;Agriculture et Agroalimentaire Canada;2023-2024_1_SRV03057
10449;2023-2024;2223;Agriculture Climate Solutions;Solutions agricoles pour le climat;5048;Send an approval or a rejection notification letter within 70 business days of the close of the application process;Vous adresser une lettre d'avis d'approbation ou de rejet dans les 70 jours ouvrables suivant la réception du dossier de demande complet;TML;;EML;;;;0.8;7.0;7.0;1.0;;;Y;https://agriculture.canada.ca/en/agricultural-programs-and-services/agricultural-climate-solutions-program-living-labs-step-1-what-program-offers/step-4-after-you-apply;https://agriculture.canada.ca/fr/programmes-services-agricoles/solutions-agricoles-climat-etape-1-ce-quoffre-ce-programme/etape-4-apres-avoir-presente-votre-demande;https://agriculture.canada.ca/en/agricultural-programs-and-services/agricultural-climate-solutions-program-living-labs-step-1-what-program-offers/step-3-how-apply;https://agriculture.canada.ca/fr/programmes-services-agricoles/solutions-agricoles-climat-etape-1-ce-quoffre-ce-programme/etape-3-comment-presenter-demande;aafc-aac;1.0;Agriculture and Agri-Food Canada;Agriculture et Agroalimentaire Canada;2023-2024_1_2223
10450;2023-2024;2223;Agriculture Climate Solutions;Solutions agricoles pour le climat;5049;Send you a payment within 30 business days of receipt of a duly completed and documented claim;Vous expédier un paiement dans les 30 jours ouvrables suivant la réception d'une demande de règlement dûment remplie et justifiée;TML;;ONL;;;;0.8;20.0;22.0;0.9091;;;Y;https://agriculture.canada.ca/en/agricultural-programs-and-services/agricultural-climate-solutions-program-living-labs-step-1-what-program-offers/step-4-after-you-apply;https://agriculture.canada.ca/fr/programmes-services-agricoles/solutions-agricoles-climat-etape-1-ce-quoffre-ce-programme/etape-4-apres-avoir-presente-votre-demande;https://agriculture.canada.ca/en/agricultural-programs-and-services/agricultural-climate-solutions-program-living-labs-step-1-what-program-offers/step-3-how-apply;https://agriculture.canada.ca/fr/programmes-services-agricoles/solutions-agricoles-climat-etape-1-ce-quoffre-ce-programme/etape-3-comment-presenter-demande;aafc-aac;1.0;Agriculture and Agri-Food Canada;Agriculture et Agroalimentaire Canada;2023-2024_1_2223
10462;2023-2024;134;AgriStability;Agri-stabilité;457;Percent of applications processed to the issuance of a Calculation of Program Benefits statement in 75 days or less;Pourcentage des demandes traitées avec émission d'un avis de dépôt en 75 jours ou moins;TML;;ONL;;;;0.75;4285.0;4773.0;0.8978;;;Y;https://agriculture.canada.ca/en/programs/agristability/step-4-after-you-apply;https://agriculture.canada.ca/fr/programmes/agri-stabilite/etape-4-apres-avoir-presente-votre-demande;https://agriculture.canada.ca/en/programs/agristability/step-3-how-apply;https://agriculture.canada.ca/fr/programmes/agri-stabilite/etape-3-comment-presenter-demande;aafc-aac;1.0;Agriculture and Agri-Food Canada;Agriculture et Agroalimentaire Canada;2023-2024_1_134
10500;2023-2024;SRV02746;Market Development Program for Turkey and Chicken;Programme de développement des marchés du dindon et du poulet;5052;Send approval or rejection notification letter within 100 business days after the application has been deemed complete;Vous adresser une lettre d'avis d'approbation ou de rejet dans les 100 jours ouvrables suivant la réception du dossier de demande complet;TML;;EML;;;;0.8;1.0;1.0;1.0;;;Y;https://agriculture.canada.ca/en/agricultural-programs-and-services/market-development-program-turkey-and-chicken;https://agriculture.canada.ca/fr/programmes-services-agricoles/programme-developpement-marches-du-dindon-du-poulet;https://agriculture.canada.ca/en/agricultural-programs-and-services/market-development-program-turkey-and-chicken;https://agriculture.canada.ca/fr/programmes-services-agricoles/programme-developpement-marches-du-dindon-du-poulet;aafc-aac;1.0;Agriculture and Agri-Food Canada;Agriculture et Agroalimentaire Canada;2023-2024_1_SRV02746
10512;2023-2024;SRV02748;Supply Management Processing Investment Fund;Fonds d’investissement pour la transformation des produits sous la gestion de l’offre;5055;Respond to general inquiries made to our email address before the end of the next business day;Répondre aux demandes de renseignements générales reçues par courriel avant la fin du jour ouvrable suivant;TML;;EML;;;;0.8;44.0;48.0;0.9167;;;Y;https://agriculture.canada.ca/en/agricultural-programs-and-services/supply-management-processing-investment-fund/supply-management-processing-investment-fund-step-4-after-you-apply;https://agriculture.canada.ca/fr/programmes-services-agricoles/fonds-dinvestissement-transformation-produits-gestion-loffre/fonds-dinvestissement-transformation-produits-gestion-loffre-etape-4-apres-avoir-presente-votre;https://agriculture.canada.ca/en/agricultural-programs-and-services/supply-management-processing-investment-fund/supply-management-processing-investment-fund-step-3-how-apply;https://agriculture.canada.ca/fr/programmes-services-agricoles/fonds-dinvestissement-transformation-produits-gestion-loffre/fonds-dinvestissement-transformation-produits-gestion-loffre-etape-3-comment-presenter-demande;aafc-aac;1.0;Agriculture and Agri-Food Canada;Agriculture et Agroalimentaire Canada;2023-2024_1_SRV02748
10513;2023-2024;SRV02748;Supply Management Processing Investment Fund;Fonds d’investissement pour la transformation des produits sous la gestion de l’offre;5057;Send approval or rejection notification letter within 100 business days after the application has been deemed complete;Vous adresser une lettre d'avis d'approbation ou de rejet dans les 100 jours ouvrables suivant la réception du dossier de demande complet;TML;;EML;;;;0.8;29.0;36.0;0.8056;;;Y;https://agriculture.canada.ca/en/agricultural-programs-and-services/supply-management-processing-investment-fund/supply-management-processing-investment-fund-step-4-after-you-apply;https://agriculture.canada.ca/fr/programmes-services-agricoles/fonds-dinvestissement-transformation-produits-gestion-loffre/fonds-dinvestissement-transformation-produits-gestion-loffre-etape-4-apres-avoir-presente-votre;https://agriculture.canada.ca/en/agricultural-programs-and-services/supply-management-processing-investment-fund/supply-management-processing-investment-fund-step-3-how-apply;https://agriculture.canada.ca/fr/programmes-services-agricoles/fonds-dinvestissement-transformation-produits-gestion-loffre/fonds-dinvestissement-transformation-produits-gestion-loffre-etape-3-comment-presenter-demande;aafc-aac;1.0;Agriculture and Agri-Food Canada;Agriculture et Agroalimentaire Canada;2023-2024_1_SRV02748
10514;2023-2024;SRV02748;Supply Management Processing Investment Fund;Fonds d’investissement pour la transformation des produits sous la gestion de l’offre;5058;Send you a payment within 30 business days of receipt of a duly completed and documented claim;Vous expédier un paiement dans les 30 jours ouvrables suivant la réception d'une demande de règlement dûment remplie et justifiée;TML;;ONL;;;;0.8;58.0;63.0;0.9206;;;Y;https://agriculture.canada.ca/en/agricultural-programs-and-services/supply-management-processing-investment-fund/supply-management-processing-investment-fund-step-4-after-you-apply;https://agriculture.canada.ca/fr/programmes-services-agricoles/fonds-dinvestissement-transformation-produits-gestion-loffre/fonds-dinvestissement-transformation-produits-gestion-loffre-etape-4-apres-avoir-presente-votre;https://agriculture.canada.ca/en/agricultural-programs-and-services/supply-management-processing-investment-fund/supply-management-processing-investment-fund-step-3-how-apply;https://agriculture.canada.ca/fr/programmes-services-agricoles/fonds-dinvestissement-transformation-produits-gestion-loffre/fonds-dinvestissement-transformation-produits-gestion-loffre-etape-3-comment-presenter-demande;aafc-aac;1.0;Agriculture and Agri-Food Canada;Agriculture et Agroalimentaire Canada;2023-2024_1_SRV02748
10515;2023-2024;SRV02747;The Poultry and Egg-On Farm Investment Program;Programme d’investissement à la ferme pour la volaille et les œufs;5060;Respond to general inquiries made to our email address before the end of the next business day;Répondre aux demandes de renseignements générales reçues par courriel avant la fin du jour ouvrable suivant;TML;;EML;;;;0.8;470.0;562.0;0.8363;;;Y;https://agriculture.canada.ca/en/programs/poultry-egg-farm-investment/step-6-after-apply;https://agriculture.canada.ca/fr/programmes/investissement-ferme-volaille-oeufs/etape-6-apres-avoir-presente-demande;https://agriculture.canada.ca/en/programs/poultry-egg-farm-investment/step-4-how-apply;https://agriculture.canada.ca/fr/programmes/investissement-ferme-volaille-oeufs/etape-4-comment-presenter-demande;aafc-aac;1.0;Agriculture and Agri-Food Canada;Agriculture et Agroalimentaire Canada;2023-2024_1_SRV02747
10516;2023-2024;SRV02747;The Poultry and Egg-On Farm Investment Program;Programme d’investissement à la ferme pour la volaille et les œufs;5061;Process your application within 100 business days;De traiter votre demande de projet dans un délai de 100 jours ouvrables;TML;;EML;;;;0.8;189.0;901.0;0.2098;;;N;https://agriculture.canada.ca/en/programs/poultry-egg-farm-investment/step-6-after-apply;https://agriculture.canada.ca/fr/programmes/investissement-ferme-volaille-oeufs/etape-6-apres-avoir-presente-demande;https://agriculture.canada.ca/en/programs/poultry-egg-farm-investment/step-4-how-apply;https://agriculture.canada.ca/fr/programmes/investissement-ferme-volaille-oeufs/etape-4-comment-presenter-demande;aafc-aac;1.0;Agriculture and Agri-Food Canada;Agriculture et Agroalimentaire Canada;2023-2024_1_SRV02747
10517;2023-2024;SRV02747;The Poultry and Egg-On Farm Investment Program;Programme d’investissement à la ferme pour la volaille et les œufs;5062;Process your payment within 30 business days upon receipt of a completed claim form and signed Contribution Agreement;De verser votre remboursement dans les 30 jours ouvrables suivant la réception d'un entente de contribution signée (projets rétroactifs) ou d'une formulaire de demande de remboursement dûment rempli (projets non rétroactifs);TML;;ONL;;;;0.8;1491.0;1515.0;0.9842;;;Y;https://agriculture.canada.ca/en/programs/poultry-egg-farm-investment/step-6-after-apply;https://agriculture.canada.ca/fr/programmes/investissement-ferme-volaille-oeufs/etape-6-apres-avoir-presente-demande;https://agriculture.canada.ca/en/programs/poultry-egg-farm-investment/step-4-how-apply;https://agriculture.canada.ca/fr/programmes/investissement-ferme-volaille-oeufs/etape-4-comment-presenter-demande;aafc-aac;1.0;Agriculture and Agri-Food Canada;Agriculture et Agroalimentaire Canada;2023-2024_1_SRV02747
10520;2023-2024;SRV03058;Wine Sector Support Program;Programme d'aide au secteur du vin;5602;Send approval or rejection notification letter within 100 business days after the application has been deemed complete;Vous adresser une lettre d'avis d'approbation ou de rejet dans les 100 jours ouvrables suivant la réception du dossier de demande complet;TML;;EML;;;;0.8;457.0;457.0;1.0;;;Y;https://agriculture.canada.ca/en/programs/wine-sector-support/step-6-after-apply;https://agriculture.canada.ca/fr/programmes/aide-au-secteur-du-vin/etape-6-apres-avoir-presente-demande;https://agriculture.canada.ca/en/programs/wine-sector-support/step-4-how-apply;https://agriculture.canada.ca/fr/programmes/aide-secteur-vin/etape-4-comment-presenter-demande;aafc-aac;1.0;Agriculture and Agri-Food Canada;Agriculture et Agroalimentaire Canada;2023-2024_1_SRV03058
10526;2023-2024;3685;Grants and Contributions Programs;Programmes de subventions et contributions;8744;ACOA will render a payment decision within 25 days of receiving a signed and completed claim.;L’APECA rendra une décision de paiement dans les 25 jours suivant la réception d’une demande de paiement signée et remplie.;TML;;EML;;;;0.9;4999.0;5467.0;0.9144;;;Y;www.canada.ca/en/atlantic-canada-opportunities/corporate/service.html;www.canada.ca/fr/promotion-economique-canada-atlantique/organisation/service.html;;;acoa-apeca;12.0;Atlantic Canada Opportunities Agency;Agence de promotion économique du Canada atlantique;2023-2024_12_3685
10527;2023-2024;3685;Grants and Contributions Programs;Programmes de subventions et contributions;8745;ACOA will issue a written notification of a funding decision (i.e., approval and rejection) within 75 days of receiving a signed and completed application as per the program’s requirements.;L'APECA enverra un avis écrit concernant sa décision à l’égard d’une demande de financement (c'est-à-dire approbation ou rejet) dans les 75 jours suivant la réception d'une demande signée et remplie conformément aux exigences du programme.;TML;;EML;;;;0.9;697.0;1124.0;0.6201;;;N;www.canada.ca/en/atlantic-canada-opportunities/corporate/service.html;www.canada.ca/fr/promotion-economique-canada-atlantique/organisation/service.html;;;acoa-apeca;12.0;Atlantic Canada Opportunities Agency;Agence de promotion économique du Canada atlantique;2023-2024_12_3685
10528;2023-2024;3685;Grants and Contributions Programs;Programmes de subventions et contributions;8746;ACOA will acknowledge receipt of an application within 10 days of receiving a signed application for assistance.;L’APECA accusera réception d’une demande dans les dix jours suivant la réception d’une demande d’aide signée.;TML;;EML;;;;0.9;1240.0;1327.0;0.9344;;;Y;www.canada.ca/en/atlantic-canada-opportunities/corporate/service.html;www.canada.ca/fr/promotion-economique-canada-atlantique/organisation/service.html;;;acoa-apeca;12.0;Atlantic Canada Opportunities Agency;Agence de promotion économique du Canada atlantique;2023-2024_12_3685
10572;2023-2024;851;Grant and Contribution Programs;Programmes de subventions et contributions;8357;An acknowledgment of receipt and a request for additional information, if required, will be sent within 15 business days of the filing of an application for funding under QEDP or the REGI.;Un accusé de réception et une demande d'informations complémentaires, si requis, sera transmis dans les 15 jours ouvrables suivant le dépôt d'une demande de financement pour les programmes PDEQ et CERI.;TML;;ONL;EML, ONL;ONL;;0.9;493.0;517.0;0.9536;;;Y;https://ced.canada.ca/en/about-ced/service-standards-and-results/;https://dec.canada.ca/fr/a-propos-de-dec/normes-de-service-et-resultats/;Not applicable;Not applicable;ced-dec;141.0;Canada Economic Development for Quebec Regions;Développement économique Canada pour les régions du Québec;2023-2024_141_851
10573;2023-2024;851;Grant and Contribution Programs;Programmes de subventions et contributions;8359;The decision in the case of a complete application for funding under the QEDP or the REGI will be made within 75 business days.;La décision relative à une demande de financement complète liée aux programmes PDEQ et CERI sera rendue dans un délai de 75 jours ouvrables.;TML;;ONL;EML, ONL;ONL;;0.9;423.0;448.0;0.9442;;;Y;https://ced.canada.ca/en/about-ced/service-standards-and-results/;https://dec.canada.ca/fr/a-propos-de-dec/normes-de-service-et-resultats/;Not applicable;Not applicable;ced-dec;141.0;Canada Economic Development for Quebec Regions;Développement économique Canada pour les régions du Québec;2023-2024_141_851
10574;2023-2024;851;Grant and Contribution Programs;Programmes de subventions et contributions;8361;Complete claims associated with the QEDP, the REGI or the CFP will be processed in under 25 business days.;Les demandes de réclamation complètes pour les programmes PDEQ, CERI et PDC seront traitées en moins de 25 jours ouvrables.;TML;;ONL;EML, ONL;ONL;;0.9;2221.0;2467.0;0.9003;;;Y;https://ced.canada.ca/en/about-ced/service-standards-and-results/;https://dec.canada.ca/fr/a-propos-de-dec/normes-de-service-et-resultats/;Not applicable;Not applicable;ced-dec;141.0;Canada Economic Development for Quebec Regions;Développement économique Canada pour les régions du Québec;2023-2024_141_851
10575;2023-2024;3585;Business Information Services;Services d'informations aux entreprises;8418;An acknowledgement of receipt by e-mail or online will be sent within 24 hours of the request.;Un accusé de réception par courriel ou en ligne sera envoyé dans un délai de 24 heures suivant la demande.;TML;;ONL;Email, Online, Telephone;Email, Online, Telephone;;0.9;2028.0;2158.0;0.9398;This is a new service offered directly by CED employees since October 1, 2023. The satisfaction rate obtained from the feedback form sent to customers is 96%.;Il s'agit d’un nouveau service offert directement par les employés de DEC depuis le 1er octobre 2023.  Le taux de satisfaction obtenu du formulaire de rétroaction transmis à la clientèle est de 96 %.;Y;https://ced.canada.ca/en/about-ced/service-standards-and-results/;https://dec.canada.ca/fr/a-propos-de-dec/normes-de-service-et-resultats/;Not applicable;Not applicable;ced-dec;141.0;Canada Economic Development for Quebec Regions;Développement économique Canada pour les régions du Québec;2023-2024_141_3585
10576;2023-2024;3585;Business Information Services;Services d'informations aux entreprises;8419;Requests for information about the referral service will be answered within a maximum of 2 working days.;Les demandes d'informations relatives au service d'aiguillage seront répondues dans un délai maximal de 2 jours ouvrables.;TML;;ONL;Email, Online, Telephone;Email, Online, Telephone;;0.9;1091.0;1173.0;0.9301;This is a new service offered directly by CED employees since October 1, 2023. The satisfaction rate obtained from the feedback form sent to customers is 96%.;Il s'agit d’un nouveau service offert directement par les employés de DEC depuis le 1er octobre 2023.  Le taux de satisfaction obtenu du formulaire de rétroaction transmis à la clientèle est de 96 %.;Y;https://ced.canada.ca/en/about-ced/service-standards-and-results/;https://dec.canada.ca/fr/a-propos-de-dec/normes-de-service-et-resultats/;Not applicable;Not applicable;ced-dec;141.0;Canada Economic Development for Quebec Regions;Développement économique Canada pour les régions du Québec;2023-2024_141_3585
10577;2023-2024;3585;Business Information Services;Services d'informations aux entreprises;8420;Requests for information relating to the market information service will be answered within a maximum of 5 working days.;Les demandes d'informations relative au service d'information de marché seront répondues dans un délai maximal de 5 jours ouvrables.;TML;;ONL;Email, Online, Telephone;Email, Online, Telephone;;0.9;803.0;882.0;0.9104;This is a new service offered directly by CED employees since October 1, 2023. The satisfaction rate obtained from the feedback form sent to customers is 96%.;Il s'agit d’un nouveau service offert directement par les employés de DEC depuis le 1er octobre 2023.  Le taux de satisfaction obtenu du formulaire de rétroaction transmis à la clientèle est de 96 %.;Y;https://ced.canada.ca/en/about-ced/service-standards-and-results/;https://dec.canada.ca/fr/a-propos-de-dec/normes-de-service-et-resultats/;Not applicable;Not applicable;ced-dec;141.0;Canada Economic Development for Quebec Regions;Développement économique Canada pour les régions du Québec;2023-2024_141_3585
10607;2023-2024;1113;Formal Review Request Low Complexity (Objections);Demande de vérification officielle Faible complexité  (Oppositions);STAN00001495;Low complexity - Our goal is to resolve a low-complexity objection within 180 calendar days from the date the objection was received by the CRA.;Faible complexité: Notre objectif est de résoudre les oppositions de faible complexité dans un délai de 180 jours civils à partir de la date à laquelle l’opposition a été reçue par l’ARC.;TML;;OTH;This standard is applicable to the Online, Postal Mail, and Fax channels. However, total annual volume and total volume satisfying the standard are not available by channel.;Cette norme s’applique aux canaux postaux, en ligne ou par télécopieur. Cependant, le volume annuel total et le volume total qui respecte la norme ne sont pas disponibles par canal.;;0.8;20324.0;33528.0;0.6062;"1. The real-time peformance information is a timed update on a monthly basis that indicates the current average level of service in days for the month broken down by Income Tax objections and GST/HST objections.

2. This service standard was introduced in 2017-2018  and modified in 2020-2021. It is continuously reviewed for potential improvement.

3. This figure is the closing inventory at the end of fiscal year 2022-2023.

4. This figure is the average days it took to resolve an objection from the date the objection was received at the CRA in the 2022-2023 fiscal year.";"1. L’information sur le rendement en temps réel est une mise à jour périodique mensuelle qui indique le niveau moyen actuel de service en jours pour le mois, ventilé par les oppositions en matière d'impôt sur le revenu et les oppositions de la TPS/TVH. 

2. Cette norme de service a été introduite en 2017-2018 et modifiée en 2020-2021. Il est continuellement examiné pour une amélioration potentielle. 

3. Ce chiffre représente l’inventaire de clôture à la fin de l’exercice 2022-2023, soit le nombre d’oppositions en attente de résolution. 

4. Ce chiffre représente le nombre moyen de jours nécessaires pour régler une opposition à compter de la date à laquelle l’opposition a été reçue à l’ARC au cours de l’exercice 2022-2023.";N;https://www.canada.ca/en/revenue-agency/services/about-canada-revenue-agency-cra/complaints-disputes/complexity-level-processing-time.html;https://www.canada.ca/en/revenue-agency/services/about-canada-revenue-agency-cra/complaints-disputes/complexity-level-processing-time.html;https://www.canada.ca/en/revenue-agency/services/about-canada-revenue-agency-cra/complaints-disputes/complexity-level-processing-time.html;https://www.canada.ca/fr/agence-revenu/services/a-propos-agence-revenu-canada-arc/plaintes-differends/complexite-niveau-temps-traitement.html;cra-arc;46.0;Canada Revenue Agency;Agence du revenu du Canada;2023-2024_46_1113
10608;2023-2024;1113;Formal Review Request Medium Complexity (Objections);Demande de vérification officielle Complexité  Moyenne (Oppositions);STAN00001496;Medium complexity - Our goal is to resolve a medium-complexity objection within 365 calendar days from the date the objection was received by the CRA.;Complexité moyenne - Notre objectif est de résoudre les oppositions de complexité moyenne dans un délai de 365 jours civils à partir de la date à laquelle l’opposition a été reçue par l’ARC.;TML;;OTH;This standard is applicable to the Online, Postal Mail, and Fax channels. However, total annual volume and total volume satisfying the standard are not available by channel.;Cette norme s’applique aux canaux postaux, en ligne ou par télécopieur. Cependant, le volume annuel total et le volume total qui respecte la norme ne sont pas disponibles par canal.;;0.8;18901.0;26250.0;0.72;"1. The real-time peformance information is a timed update on a monthly basis that indicates the current average level of service in days for the month broken down by Income Tax objections and GST/HST objections.

2. This service standard was introduced in 2017-2018  and modified in 2020-2021. It is continuously reviewed for potential improvement.

3. This figure is the closing inventory at the end of fiscal year 2022-2023.

4. This figure is the average days it took to resolve an objection from the date the objection was received at the CRA in the 2022-2023 fiscal year.";"1. L’information sur le rendement en temps réel est une mise à jour périodique mensuelle qui indique le niveau moyen actuel de service en jours pour le mois, ventilé par les oppositions en matière d'impôt sur le revenu et les oppositions de la TPS/TVH. 

2. Cette norme de service a été introduite en 2017-2018 et modifiée en 2020-2021. Il est continuellement examiné pour une amélioration potentielle. 

3. Ce chiffre représente l’inventaire de clôture à la fin de l’exercice 2022-2023, soit le nombre d’oppositions en attente de résolution. 

4. Ce chiffre représente le nombre moyen de jours nécessaires pour régler une opposition à compter de la date à laquelle l’opposition a été reçue à l’ARC au cours de l’exercice 2022-2023.";N;https://www.canada.ca/en/revenue-agency/services/about-canada-revenue-agency-cra/complaints-disputes/complexity-level-processing-time.html;https://www.canada.ca/en/revenue-agency/services/about-canada-revenue-agency-cra/complaints-disputes/complexity-level-processing-time.html;https://www.canada.ca/en/revenue-agency/services/about-canada-revenue-agency-cra/complaints-disputes/complexity-level-processing-time.html;https://www.canada.ca/fr/agence-revenu/services/a-propos-agence-revenu-canada-arc/plaintes-differends/complexite-niveau-temps-traitement.html;cra-arc;46.0;Canada Revenue Agency;Agence du revenu du Canada;2023-2024_46_1113
10609;2023-2024;1098;Authorize a Representative;Autoriser un Représentant;STAN00001044;Our goal is to update your account information within three business days of receiving your digital request to authorize or cancel a representative.;Notre objectif est de mettre à jour les renseignements de votre compte dans les trois jours ouvrables suivant la réception de votre demande électronique en vue d’autoriser ou d’annuler un représentant;TML;;ONL;;S.O.;;0.95;3421841.0;3487906.0;0.9811;"Consistent with the info submitted for the DRR 
(PMPS ID3610)";"Conforme aux renseignements soumis pour le RRM 
(SPMR ID3610)";Y;https://www.canada.ca/en/revenue-agency/services/about-canada-revenue-agency-cra/service-standards-cra/service-standards-2023-24.html;https://www.canada.ca/fr/agence-revenu/services/a-propos-agence-revenu-canada-arc/normes-service-a-arc/normes-service-2023-24.html;;S.O.;cra-arc;46.0;Canada Revenue Agency;Agence du revenu du Canada;2023-2024_46_1098
10610;2023-2024;1141;"Business Enquiries 
(Contact Centre)";Demandes de renseignements des entreprises (Centre de contact);STAN00003912;Our goal is to respond to your call within 15 minutes or less of opting to speak with an agent.;Notre objectif est de répondre à votre appel téléphonique dans un délai de 15 minutes ou moins à partir du moment où vous choisissez de parler à un agent.;TML;;TEL;Composite indicator: The service standard is calculated by the total number of calls entering the agent queue that are answered in 15 minutes or less.;Indicateur composite : La norme de service est calculée par le nombre total d’appels qui entrent dans la file d’attente des agents et qui sont répondus dans les 15 minutes ou moins.;;0.65;0.0;2259557.0;0.0;the measurements marked N/A do not fit the metric being reported;Les mesures indiquées S/O ne correspondent pas à celles rapportées;N;https://www.canada.ca/en/revenue-agency/services/about-canada-revenue-agency-cra/service-standards-cra/service-standards-2023-24.html;https://www.canada.ca/fr/agence-revenu/services/a-propos-agence-revenu-canada-arc/normes-service-a-arc/normes-service-2023-24.html;Contact the Canada Revenue Agency - Canada.ca;Communiquez avec l’Agence du revenu du Canada - Canada.ca;cra-arc;46.0;Canada Revenue Agency;Agence du revenu du Canada;2023-2024_46_1141
10611;2023-2024;1143;"Benefit Enquiries 
(Contact Centre)";Demandes de renseignements sur les prestations (Centre de contact);STAN00003913;Our goal is to respond to your call within 15 minutes or less of opting to speak with an agent.;Notre objectif est de répondre à votre appel téléphonique dans un délai de 15 minutes ou moins à partir du moment où vous choisissez de parler à un agent.;TML;;TEL;Composite indicator: The service standard is calculated by the total number of calls entering the agent queue that are answered in 15 minutes or less.;Indicateur composite : La norme de service est calculée par le nombre total d’appels qui entrent dans la file d’attente des agents et qui sont répondus dans les 15 minutes ou moins.;;0.65;0.0;1678800.0;0.0;the measurements marked N/A do not fit the metric being reported;Les mesures indiquées S/O ne correspondent pas à celles rapportées;N;https://www.canada.ca/en/revenue-agency/services/about-canada-revenue-agency-cra/service-standards-cra/service-standards-2023-24.html;https://www.canada.ca/fr/agence-revenu/services/a-propos-agence-revenu-canada-arc/normes-service-a-arc/normes-service-2023-24.html;Contact the Canada Revenue Agency - Canada.ca;Communiquez avec l’Agence du revenu du Canada - Canada.ca;cra-arc;46.0;Canada Revenue Agency;Agence du revenu du Canada;2023-2024_46_1143
10612;2023-2024;1107;Canada child benefit (CCB) Digital applications;Les demandes numérique d'Allocation canadienne pour enfants (ACE);STAN00003906;Our goal is to issue your notice and payment, if applicable, within eight weeks of receiving your digital Canada child benefit application;Notre objectif est d’émettre votre avis et votre paiement, s’il y a lieu, dans les huit semaines suivant la réception de votre demande d’allocation canadienne pour enfants par voie électronique.;TML;;ONL;Target type: A valid statistical sample is used for the service standard result.;Type de cible: Un échantillon de statistique valide est utilisé pour le résultat des normes de service.;;0.95;488643.0;542093.0;0.9014;A valid statistical sample with a confidence level of 98% is used for the service standard result;Un échantillon statistique valide avec un niveau de confiance de 98 % est utilisé pour le résultat de la norme de service;N;https://www.canada.ca/en/revenue-agency/services/about-canada-revenue-agency-cra/service-standards-cra/service-standards-2023-24.html;https://www.canada.ca/fr/agence-revenu/services/a-propos-agence-revenu-canada-arc/normes-service-a-arc/normes-service-2023-24.html;;S.O.;cra-arc;46.0;Canada Revenue Agency;Agence du revenu du Canada;2023-2024_46_1107
10613;2023-2024;1107;Canada child benefit (CCB) Paper applications;Les demandes papier d'Allocation canadienne pour enfants (ACE);STAN00003907;Our goal is to issue your notice and payment, if applicable, within eleven weeks of receiving your paper Canada child benefit application;Notre objectif est d’émettre votre avis et votre paiement, s’il y a lieu, dans les onze semaines suivant la réception de votre demande d’allocation canadienne pour enfants par voie papier.;TML;;POST;Target type: A valid statistical sample is used for the service standard result.;Type de cible: Un échantillon de statistique valide est utilisé pour le résultat des normes de service.;;0.95;92253.0;125875.0;0.7329;A valid statistical sample with a confidence level of 98% is used for the service standard result;Un échantillon statistique valide avec un niveau de confiance de 98 % est utilisé pour le résultat de la norme de service;N;https://www.canada.ca/en/revenue-agency/services/about-canada-revenue-agency-cra/service-standards-cra/service-standards-2023-24.html;https://www.canada.ca/fr/agence-revenu/services/a-propos-agence-revenu-canada-arc/normes-service-a-arc/normes-service-2023-24.html;;S.O.;cra-arc;46.0;Canada Revenue Agency;Agence du revenu du Canada;2023-2024_46_1107
10614;2023-2024;1146;Disability Tax Credit;Crédit d'impôt pour personnes handicapées;STAN00003914;Our goal is to issue your notice of determination of eligibility within eight weeks of receiving your Disability Tax Credit  applications;Notre objectif est d’émettre votre avis de détermination de l’admissibilité de votre demande dans les huit semaines suivant la réception de votre  demande pour le crédit d’impôt pour personnes handicapées.;TML;;POST;Target type: A valid statistical sample is used for the service standard result.;Type de cible: Un échantillon de statistique valide est utilisé pour le résultat des normes de service.;;0.95;234020.0;300880.0;0.7778;A valid statistical sample with a confidence level of 98% is used for the service standard result;Un échantillon statistique valide avec un niveau de confiance de 98 % est utilisé pour le résultat de la norme de service;N;https://www.canada.ca/en/revenue-agency/services/about-canada-revenue-agency-cra/service-standards-cra/service-standards-2023-24.html;https://www.canada.ca/fr/agence-revenu/services/a-propos-agence-revenu-canada-arc/normes-service-a-arc/normes-service-2023-24.html;;S.O.;cra-arc;46.0;Canada Revenue Agency;Agence du revenu du Canada;2023-2024_46_1146
10615;2023-2024;1099;GST/HST Returns;Production d'une déclaration de la TPS/TVH;STAN00001052;Our goal is to issue your notice of assessment, if applicable, within four weeks of receiving your digital GST/HST return.;Notre objectif est d’émettre votre avis de cotisation, s’il y a lieu, dans les quatre semaines suivant la réception de votre déclaration de TPS/TVH par voie électronique.;TML;;ONL;;S.O.;;0.95;7385946.0;7685423.0;0.961;"Consistent with the info submitted for the DRR 
(PMPS IID3517)";"Conforme aux renseignements soumis pour le RRM 
(SPMR IID3517)";Y;https://www.canada.ca/en/revenue-agency/services/about-canada-revenue-agency-cra/service-standards-cra/service-standards-2023-24.html;https://www.canada.ca/fr/agence-revenu/services/a-propos-agence-revenu-canada-arc/normes-service-a-arc/normes-service-2023-24.htm;;S.O.;cra-arc;46.0;Canada Revenue Agency;Agence du revenu du Canada;2023-2024_46_1099
10616;2023-2024;1097;Digital Individual Income Tax Returns;Déclaration d'impôt électronique sur le revenus des particuliers;STAN00001050;Our goal is to issue your notice of assessment within two weeks of receiving your on-time filed digital individual income tax return;Notre objectif est d’émettre votre avis de cotisation dans les deux semaines suivant la réception de votre déclaration de revenus des particuliers en format électronique produite à temps;TML;;ONL;;S.O.;;0.95;23770460.0;24391388.0;0.9745;The timelines for the service standards are only valid for returns received on or before filing due date.;Les échéanciers pour les normes de service ne sont valides que pour les déclarations reçues au plus tard à la date d’échéance de production.;Y;https://www.canada.ca/en/revenue-agency/services/about-canada-revenue-agency-cra/service-standards-cra/service-standards-2023-24.html;https://www.canada.ca/fr/agence-revenu/services/a-propos-agence-revenu-canada-arc/normes-service-a-arc/normes-service-2023-24.html;;S.O.;cra-arc;46.0;Canada Revenue Agency;Agence du revenu du Canada;2023-2024_46_1097
10617;2023-2024;1097;Paper Individual Income Tax Returns;Déclaration d'impôt papier sur le revenus des particuliers;STAN00003814;Our goal is to issue your notice of assessment within eight weeks of receiving your on-time filed paper individual income tax return;Notre objectif est d’émettre votre avis de cotisation dans les huite semaines suivant la réception de votre déclaration de revenus des particuliers en format papier produite à temps;TML;;POST;;S.O.;;0.95;1288326.0;1340012.0;0.9614;The timelines for the service standards are only valid for returns received on or before filing due date.;Les échéanciers pour les normes de service ne sont valides que pour les déclarations reçues au plus tard à la date d’échéance de production.;Y;https://www.canada.ca/en/revenue-agency/services/about-canada-revenue-agency-cra/service-standards-cra/service-standards-2023-24.html;https://www.canada.ca/fr/agence-revenu/services/a-propos-agence-revenu-canada-arc/normes-service-a-arc/normes-service-2023-24.html;;;cra-arc;46.0;Canada Revenue Agency;Agence du revenu du Canada;2023-2024_46_1097
10618;2023-2024;1139;"Individual Tax Enquiries 
(Contact Centre)";Demandes de renseignements sur l'impôt des particuliers (Centre de contact);STAN00003912;Our goal is to respond to your call within 15 minutes or less of opting to speak with an agent.;Notre objectif est de répondre à votre appel téléphonique dans un délai de 15 minutes ou moins à partir du moment où vous choisissez de parler à un agent.;TML;;TEL;Composite indicator: The service standard is calculated by the total number of calls entering the agent queue that are answered in 15 minutes or less.;Indicateur composite : La norme de service est calculée par le nombre total d’appels qui entrent dans la file d’attente des agents et qui sont répondus dans les 15 minutes ou moins.;;0.65;0.0;8545875.0;0.0;The measurements marked N/A do not fit the metric being reported;Les mesures indiquées S/O ne correspondent pas à celles rapportées;N;https://www.canada.ca/en/revenue-agency/services/about-canada-revenue-agency-cra/service-standards-cra/service-standards-2023-24.html;https://www.canada.ca/fr/agence-revenu/services/a-propos-agence-revenu-canada-arc/normes-service-a-arc/normes-service-2023-24.html;Contact the Canada Revenue Agency - Canada.ca;Communiquez avec l’Agence du revenu du Canada - Canada.ca;cra-arc;46.0;Canada Revenue Agency;Agence du revenu du Canada;2023-2024_46_1139
10619;2023-2024;1101;T2 Corporation Income Tax Returns;Déclaration de revenus des sociétés T2;STAN00001383;Our goal is to issue your notice of assessment within six weeks of receiving your digital corporation income tax return.;Notre objectif est d’émettre votre avis de cotisation dans les six semaines suivant la réception de votre déclaration de revenus des sociétés par voie électronique.;TML;;ONL;;S.O.;;0.95;2716995.0;2792142.0;0.9731;"Consistent with the info submitted for the DRR 
(PMPS IID3515)";"Conforme aux renseignements soumis pour le RRM 
(SPMR IID3515)";Y;https://www.canada.ca/en/revenue-agency/services/about-canada-revenue-agency-cra/service-standards-cra/service-standards-2023-24.html;https://www.canada.ca/fr/agence-revenu/services/a-propos-agence-revenu-canada-arc/normes-service-a-arc/normes-service-2023-24.html;;S.O.;cra-arc;46.0;Canada Revenue Agency;Agence du revenu du Canada;2023-2024_46_1101
10620;2023-2024;1115;Trust Income Tax Returns;Dépôt des déclarations de revenus des fiducies;STAN00001071;Our goal is to issue your notice of assessment within seventeen weeks of receiving your trust return.;Notre objectif est d’émettre votre avis de cotisation dans les dix-sept semaines suivant la réception de votre déclaration de revenus.;TML;;OTH;This standard is applicable to the Online and Postal Mail channels. However, total annual volume and total volume satisfying the standard are not available by channel.;Cette norme s’applique aux canaux postaux ou en ligne. Cependant, le volume annuel total et le volume total qui respecte la norme ne sont pas disponibles par canal.;;0.95;332367.0;343660.0;0.9671;Service standard applies to all returns;La norme de service s'applique à tous les retours;Y;https://www.canada.ca/en/revenue-agency/services/about-canada-revenue-agency-cra/service-standards-cra/service-standards-2023-24.html;https://www.canada.ca/fr/agence-revenu/services/a-propos-agence-revenu-canada-arc/normes-service-a-arc/normes-service-2023-24.html;;S.O.;cra-arc;46.0;Canada Revenue Agency;Agence du revenu du Canada;2023-2024_46_1115
10635;2023-2024;1104;Income Tax Rulings;Décisions en Impôt;STAN00003905;The ITRD’s target is to issue advance income tax rulings within 90 business days from when all information is received, as set out in Appendix A and Appendix A.1 of the current version of Information Circular IC 70-6. In circumstances where this standard must be adjusted, the Directorate will inform the requestor in advance and establish an alternate mutually agreed upon service target date (MAUSTD).;La Direction a pour objectif de rendre une décision anticipée dans les 90 jours ouvrables suivant l’obtention de tous les renseignements indiqués dans les annexes A et A.1 de la version courante de la Circulaire d’information IC70-6. Dans les cas où ce délai doit être rajusté, la Direction en informera le requérant à l’avance et conviendra d’un commun accord d’une nouvelle date de service cible (CANDSC);TML;;EML;;S.O.;;0.8;127.0;137.0;0.927;The ITRD does not have pending applications per the definition. AITRs are not considered an application, they are a request for service that must be paid for. Rulings can take many months and even years to complete. Although they may meet service standards, external factors can put files on hold for long periods of time. Tracking of backlogs is not something the ITRD is doing as they are not seen as a backlog of workload.;La DDI n'a pas d’application en attente selon la définition. Les DAMI ne sont pas considérés comme une application, il s'agit d'une demande de service qui est payée. Les décisions peuvent prendre de nombreuses années. Bien qu'ils puissent respecter les normes de service, des facteurs externes peuvent mettre les dossiers en attente pendant de longues périodes. Le suivi des arriérés n'est pas assuré par la DDI, qui n'est pas considérée comme un arriéré de charge de travail.;Y;https://www.canada.ca/en/revenue-agency/services/about-canada-revenue-agency-cra/service-standards-cra/service-standards-2023-24.html;https://www.canada.ca/en/revenue-agency/services/about-canada-revenue-agency-cra/service-standards-cra/service-standards-2023-24.html;;S.O.;cra-arc;46.0;Canada Revenue Agency;Agence du revenu du Canada;2023-2024_46_1104
10636;2023-2024;1117;Access to Information and Privacy;Accès à l'information et à la protection des renseignements personnels;STAN00001502;The process may take up to 30 days.;Le processus peut prendre jusqu'à 30 jours.;TML;;OTH;This service standard is the Government of Canada standard.;La norme de service est la norme du gouvernement du Canada.;;0.0;13017.0;14906.0;0.8733;The service standard is the Government of Canada standard.;La norme de service est la norme du gouvernement du Canada.;;;;;S.O.;cra-arc;46.0;Canada Revenue Agency;Agence du revenu du Canada;2023-2024_46_1117
10638;2023-2024;2450;Service Feedback - Complaints;Rétroaction sur les services - plaintes,;STAN00003850;Our goal is to action the complaint, suggestion or compliment within 30 business days;Notre objectif est de traiter la plainte, la suggestion ou le compliment dans un délai de 30 jours ouvrables;TML;;OTH;This standard is applicable to the Online, Postal Mail, and Fax channels, however, the total annual volume satisfying the standard is not available by channel.;Cette norme s’applique aux canaux postaux, en ligne ou par télécopieur. Cependant, le volume annuel total qui respecte la norme ne sont pas disponibles par canal.;;0.8;3665.0;14900.0;0.246;The Service Feedback Program (SFP) results did not meet the target due to of a variety of uncontrollable and unanticipated factors. High volumes of service feedback and the complexity of cases recieved have affected the CRA's ability to meet the service standard. The CRA also experienced a service disruption during the early part of the year which caused delays in processing some cases in a timely manner. Additional temporary resources have been retained, and workflow efficiencies have been identified and are being prioritized and implemented to enable the Agency to improve its results in 2024-2025.;Les résultats du Programme de la rétroaction sur le service (PRS) n'ont pas atteint l'objectif en raison de divers facteurs incontrôlables et imprévus. Le volume élevé de rétroaction sur le service et la complexité des cas reçus ont eu une incidence sur la capacité de l'ARC à respecter la norme de service. L'ARC a également connu une interruption de service au début de l'année, ce qui a entraîné des retards dans le traitement de certains cas en temps opportun. Des ressources temporaires supplémentaires ont été conservées et des gains d'efficacité des flux de travail ont été identifiés et sont en cours de priorisation et de mise en œuvre pour permettre à l'Agence d'améliorer ses résultats en 2024-2025.;N;https://www.canada.ca/en/revenue-agency/services/about-canada-revenue-agency-cra/service-standards-cra/service-standards-2023-24.html;https://www.canada.ca/fr/agence-revenu/services/a-propos-agence-revenu-canada-arc/normes-service-a-arc/normes-service-2023-24.html;;S.O.;cra-arc;46.0;Canada Revenue Agency;Agence du revenu du Canada;2023-2024_46_2450
10653;2023-2024;SRV02665;Veterinary Biologics Serial Release;Mise en circulation des séries de produits biologiques vétérinaires;8350;Veterinary Biologics Serial Release (MyCFIA);Mise en circulation de série de produits biologiques vétérinaires (MonACIA);TML;;ONL;;;;0.9;100.0;100.0;1.0;;;Y;https://inspection.canada.ca/en/about-cfia/acts-and-regulations/service-standards/veterinary-biologics/serial-release;https://inspection.canada.ca/fr/propos-lacia/lois-reglements/normes-service/programme-relatif-aux-produits-biologiques-veterin/mise-circulation-series;Not applicable;Not applicable;cfia-acia;65.0;Canadian Food Inspection Agency;Agence canadienne d'inspection des aliments;2023-2024_65_SRV02665
10665;2023-2024;SRV02681;Import Veterinary Biologics;Importation de produits biologiques vétérinaires;8351;Import Veterinary Biologics (MyCFIA);Importation de produits biologiques vétérinaires;TML;;ONL;;;;0.9;9.0;9.0;1.0;;;Y;;;Not applicable;Not applicable;cfia-acia;65.0;Canadian Food Inspection Agency;Agence canadienne d'inspection des aliments;2023-2024_65_SRV02681
10667;2023-2024;SRV02651;Licence to operate a hatchery;Licence pour exploiter un couvoir;8352;Licence to operate a hatchery;Licence pour exploiter un couvoir;TML;;ONL;;;;0.9;70.0;79.0;0.8861;;;N;;;Not applicable;Not applicable;cfia-acia;65.0;Canadian Food Inspection Agency;Agence canadienne d'inspection des aliments;2023-2024_65_SRV02651
10668;2023-2024;SRV02661;Research Exemption with Safety - Research with Livestock Feeds;Dispense de recherche avec la sécurité - Recherche sur les aliments pour animaux de ferme;8353;Research Exemption with Safety - Research with Livestock Feeds;Dispense de recherche avec la sécurité - Recherche sur les aliments pour animaux de ferme;TML;;ONL;;;;0.9;8.0;8.0;1.0;;;Y;;;Not applicable;Not applicable;cfia-acia;65.0;Canadian Food Inspection Agency;Agence canadienne d'inspection des aliments;2023-2024_65_SRV02661
10669;2023-2024;SRV02662;Research Exemption - Research with Livestock Feeds;Dispense de recherche - Recherche sur les aliments pour animaux de ferme;8354;Research Exemption - Research with Livestock Feeds;Dispense de recherche - Recherche sur les aliments pour animaux de ferme;TML;;ONL;;;;0.9;2.0;2.0;1.0;;;Y;;;Not applicable;Not applicable;cfia-acia;65.0;Canadian Food Inspection Agency;Agence canadienne d'inspection des aliments;2023-2024_65_SRV02662
10670;2023-2024;SRV02738;General Enquiries;Demandez à l'ACIA;8737;AskCFIA;Demandez à l'ACIA;TML;;EML;;;;0.9;3581.0;3837.0;0.9333;;;Y;https://active.inspection.gc.ca/netapp/contactus/contactuse.aspx;https://active.inspection.gc.ca/netapp/contactus/contactusf.aspx;Not applicable;Not applicable;cfia-acia;65.0;Canadian Food Inspection Agency;Agence canadienne d'inspection des aliments;2023-2024_65_SRV02738
10671;2023-2024;SRV02666;Label review for major and or minor Veterinary Biologics;Évaluation de l'étiquette;8736;Label review (MyCFIA);Évaluation de l'étiquette (MonACIA);TML;;ONL;;;;0.9;46.0;46.0;1.0;;;Y;;;Not applicable;Not applicable;cfia-acia;65.0;Canadian Food Inspection Agency;Agence canadienne d'inspection des aliments;2023-2024_65_SRV02666
10672;2023-2024;SRV02664;Product Licensing Submissions for Veterinary Biologics;Demandes d'homologation de nouveaux produits;8738;Product Licensing Submissions for Veterinary Biologics;Demandes d'homologation de nouveaux produits;TML;;ONL;;;;0.9;12.0;12.0;1.0;;;Y;;;Not applicable;Not applicable;cfia-acia;65.0;Canadian Food Inspection Agency;Agence canadienne d'inspection des aliments;2023-2024_65_SRV02664
10674;2023-2024;3705;Import Admissibility;Exigences d'admissibilité des importations;8739;Import Admissibility;Exigences d'admissibilité des importations;TML;;ONL;;;;0.9;343835.0;369000.0;0.9318;;;Y;;;Not applicable;Not applicable;cfia-acia;65.0;Canadian Food Inspection Agency;Agence canadienne d'inspection des aliments;2023-2024_65_3705
10698;2023-2024;SRV03216;International Major Multisport Games;Grands Jeux internationaux multisports;8626;Canadian Heritage will issue a written notification of the funding decision within 26 weeks of the date we receive funding application or program deadline, provided we receive the funding application, duly completed as per the program's requirements.;Patrimoine canadien émettra un avis écrit de la décision de financement dans les 26 semaines qui suivent la réception de la demande ou le date limite établie par programme, sous réserve que nous ayons reçu votre demande de financement dûment remplie conformément aux exigences du programme.;TML;;EML;;;;0.8;1.0;1.0;1.0;;;Y;https://www.canada.ca/en/canadian-heritage/services/funding/service-standards.html;https://www.canada.ca/fr/patrimoine-canadien/services/financement/normes-service.html;;;pch;122.0;Canadian Heritage;Patrimoine canadien;2023-2024_122_SRV03216
10699;2023-2024;SRV03214;Support for Hosting - International Single Sport Events;Soutien pour l'acceuil - Manifestations internationales unisport;8628;Canadian Heritage will issue a written notification of the funding decision within 26 weeks of the date we receive funding application or program deadline, provided we receive the funding application, duly completed as per the program's requirements.;Patrimoine canadien émettra un avis écrit de la décision de financement dans les 26 semaines qui suivent la réception de la demande ou le date limite établie par programme, sous réserve que nous ayons reçu votre demande de financement dûment remplie conformément aux exigences du programme.;TML;;EML;;;;0.8;68.0;81.0;0.8395;;;Y;https://www.canada.ca/en/canadian-heritage/services/funding/service-standards.html;https://www.canada.ca/fr/patrimoine-canadien/services/financement/normes-service.html;;;pch;122.0;Canadian Heritage;Patrimoine canadien;2023-2024_122_SRV03214
10700;2023-2024;SRV03214;Support for Hosting - International Single Sport Events;Soutien pour l'acceuil - Manifestations internationales unisport;8631;"Grants: Once funding is approved, we will issue the first payment no later than 4 weeks after you have been notified of the funding decision.

Contributions: Once funding is approved, we will issue the first payment no later than 4 weeks after the successful fulfillment of the payment conditions outlined in your contribution agreement.";"Subvention : Une fois que le financement est approuvé, nous verserons le premier paiement dans un délai maximal de 4 semaines après que vous avez été avisé de la décision de financement.

Contribution : Une fois que le financement est approuvé, nous verserons le premier paiement dans un délai maximal de 4 semaines après que vous avez satisfait aux conditions de paiement indiquées dans votre accord de contribution.";TML;;EML;;;;0.8;56.0;56.0;1.0;;;Y;https://www.canada.ca/en/canadian-heritage/services/funding/service-standards.html;https://www.canada.ca/fr/patrimoine-canadien/services/financement/normes-service.html;;;pch;122.0;Canadian Heritage;Patrimoine canadien;2023-2024_122_SRV03214
10705;2023-2024;SRV03289;Indigenous Languages and Cultures - Northern Aboriginal Broadcasting;Langues et cultures autochtones - Radiodiffusion autochtone dans le Nord;8632;"Grants: Once funding is approved, we will issue the first payment no later than 4 weeks after you have been notified of the funding decision.

Contributions: Once funding is approved, we will issue the first payment no later than 4 weeks after the successful fulfillment of the payment conditions outlined in your contribution agreement.";"Subvention : Une fois que le financement est approuvé, nous verserons le premier paiement dans un délai maximal de 4 semaines après que vous avez été avisé de la décision de financement.

Contribution : Une fois que le financement est approuvé, nous verserons le premier paiement dans un délai maximal de 4 semaines après que vous avez satisfait aux conditions de paiement indiquées dans votre accord de contribution.";TML;;EML;;;;0.8;22.0;23.0;0.9565;;;Y;https://www.canada.ca/en/canadian-heritage/services/funding/service-standards.html;https://www.canada.ca/fr/patrimoine-canadien/services/financement/normes-service.html;;;pch;122.0;Canadian Heritage;Patrimoine canadien;2023-2024_122_SRV03289
10742;2023-2024;SRV03207;Canada Periodical Fund - Special Measures for Journalism;Fonds du Canada pour les périodiques - Mesures spéciales pour appuyer le journalisme;8639;"Grants: Once funding is approved, we will issue the first payment no later than 4 weeks after you have been notified of the funding decision.

Contributions: Once funding is approved, we will issue the first payment no later than 4 weeks after the successful fulfillment of the payment conditions outlined in your contribution agreement.";"Subvention : Une fois que le financement est approuvé, nous verserons le premier paiement dans un délai maximal de 4 semaines après que vous avez été avisé de la décision de financement.

Contribution : Une fois que le financement est approuvé, nous verserons le premier paiement dans un délai maximal de 4 semaines après que vous avez satisfait aux conditions de paiement indiquées dans votre accord de contribution.";TML;;OTH;Auto-deposit date stamp;Timbre de date de dépôt automatique;;0.8;565.0;647.0;0.8733;;;Y;https://www.canada.ca/en/canadian-heritage/services/funding/service-standards.html;https://www.canada.ca/fr/patrimoine-canadien/services/financement/normes-service.html;;;pch;122.0;Canadian Heritage;Patrimoine canadien;2023-2024_122_SRV03207
10818;2023-2024;SRV03216;International Major Multisport Games;Grands Jeux internationaux multisports;8708;We will acknowledge receipt of your application form within 2 weeks of the date the application is received by the Department.;Nous accuserons réception de votre formulaire de demande dans un délai de 2 semaines suivant la réception de la demande par le Ministère.;TML;;EML;;;;0.8;1.0;1.0;1.0;;;Y;https://www.canada.ca/en/canadian-heritage/services/funding/service-standards.html;https://www.canada.ca/fr/patrimoine-canadien/services/financement/normes-service.html;;;pch;122.0;Canadian Heritage;Patrimoine canadien;2023-2024_122_SRV03216
10819;2023-2024;SRV03214;Support for Hosting - International Single Sport Events;Soutien pour l'acceuil - Manifestations internationales unisport;8723;We will acknowledge receipt of your application form within 2 weeks of the date the application is received by the Department.;Nous accuserons réception de votre formulaire de demande dans un délai de 2 semaines suivant la réception de la demande par le Ministère.;TML;;EML;;;;0.8;68.0;87.0;0.7816;;;N;https://www.canada.ca/en/canadian-heritage/services/funding/service-standards.html;https://www.canada.ca/fr/patrimoine-canadien/services/financement/normes-service.html;;;pch;122.0;Canadian Heritage;Patrimoine canadien;2023-2024_122_SRV03214
10820;2023-2024;SRV03207;Canada Periodical Fund - Special Measures for Journalism;Fonds du Canada pour les périodiques - Mesures spéciales pour appuyer le journalisme;8724;We will acknowledge receipt of your application form within 2 weeks of the date the application is received by the Department;Nous accuserons réception de votre formulaire de demande dans un délai de 2 semaines suivant la réception de la demande par le Ministère.;TML;;EML;;;;0.8;692.0;692.0;1.0;;;Y;https://www.canada.ca/en/canadian-heritage/services/funding/service-standards.html;https://www.canada.ca/fr/patrimoine-canadien/services/financement/normes-service.html;;;pch;122.0;Canadian Heritage;Patrimoine canadien;2023-2024_122_SRV03207
10821;2023-2024;SRV03289;Indigenous Languages and Cultures - Northern Aboriginal Broadcasting;Langues et cultures autochtones - Radiodiffusion autochtone dans le Nord;8725;We will acknowledge receipt of your application form within 2 weeks of the date the application is received by the Department.;Nous accuserons réception de votre formulaire de demande dans un délai de 2 semaines suivant la réception de la demande par le Ministère.;TML;;EML;;;;0.8;24.0;26.0;0.9231;;;Y;https://www.canada.ca/en/canadian-heritage/services/funding/service-standards.html;https://www.canada.ca/fr/patrimoine-canadien/services/financement/normes-service.html;;;pch;122.0;Canadian Heritage;Patrimoine canadien;2023-2024_122_SRV03289
10822;2023-2024;SRV03296;Multiculturalism and Anti-Racism Initiatives - Organizational Capacity Building;Multiculturalisme et la lutte contre le racisme - Renforcement des capacités organisationnelles;8726;We will acknowledge receipt of your application form within 2 weeks of the date the application is received by the Department.;Nous accuserons réception de votre formulaire de demande dans un délai de 2 semaines suivant la réception de la demande par le Ministère.;TML;;EML;;;;0.8;7.0;7.0;1.0;;;Y;https://www.canada.ca/en/canadian-heritage/services/funding/service-standards.html;https://www.canada.ca/fr/patrimoine-canadien/services/financement/normes-service.html;;;pch;122.0;Canadian Heritage;Patrimoine canadien;2023-2024_122_SRV03296
10829;2023-2024;2155;Funding Programs for Health Research and Training;Programmes de financement de la recherche et de la formation en santé;5134;CIHR is committed to Initiating grant  payments  to administering institutions, within 30 business days of the issue date on the Authorization For Funding document.;Les IRSC s’engagent à entamer le paiement des subventions aux établissements administrateurs dans les 30 jours ouvrables suivant la date indiquée sur l’autorisation de financement.;TML;;OTH;The delivery channel is by the departmental financial management system or electronic payment.;Les paiements sont effectués au moyen du système de gestion financière de l’organisation ou par paiement électronique.;;0.85;1772.0;1790.0;0.9899;;;Y;https://cihr-irsc.gc.ca/e/53356.html;https://cihr-irsc.gc.ca/f/53356.html;Not applicable;Not applicable;cihr-irsc;74.0;Canadian Institutes of Health Research;Instituts de recherche en santé du Canada;2023-2024_74_2155
10830;2023-2024;2155;Funding Programs for Health Research and Training;Programmes de financement de la recherche et de la formation en santé;5135;CIHR is committed to initiating award  payments  to administering institutions, within15 business days of the issue date on the Authorization For Funding document.;Les IRSC s’engagent à entamer le paiement des bourses aux établissements administrateurs dans les 15 jours ouvrables suivant la date indiquée sur l’autorisation de financement.;TML;;OTH;The delivery channel is by the departmental financial management system or electronic payment.;Les paiements sont effectués au moyen du système de gestion financière de l’organisation ou par paiement électronique.;;0.85;1835.0;2134.0;0.8599;;;Y;https://cihr-irsc.gc.ca/e/53356.html;https://cihr-irsc.gc.ca/f/53356.html;Not applicable;Not applicable;cihr-irsc;74.0;Canadian Institutes of Health Research;Instituts de recherche en santé du Canada;2023-2024_74_2155
10831;2023-2024;2155;Funding Programs for Health Research and Training;Programmes de financement de la recherche et de la formation en santé;5136;CIHR is committed to initiating direct payments to grant recipients, within 30 business days of the issue date on the Authorization For Funding document.;Les IRSC s’engagent à entamer les paiements directs destinés aux titulaires de subventions dans les 30 jours ouvrables suivant la date indiquée sur l’autorisation de financement.;TML;;OTH;The delivery channel is by the departmental financial management system or electronic payment.;Les paiements sont effectués au moyen du système de gestion financière de l’organisation ou par paiement électronique.;;0.85;26.0;34.0;0.7647;;;N;https://cihr-irsc.gc.ca/e/53356.html;https://cihr-irsc.gc.ca/f/53356.html;Not applicable;Not applicable;cihr-irsc;74.0;Canadian Institutes of Health Research;Instituts de recherche en santé du Canada;2023-2024_74_2155
10832;2023-2024;2155;Funding Programs for Health Research and Training;Programmes de financement de la recherche et de la formation en santé;5137;CIHR is committed to initiating direct payments to award recipients, within 15 business days of the issue date on the Authorization For Funding document.;Les IRSC s’engagent à entamer les paiements directs destinés aux titulaires de bourses dans les 15 jours ouvrables suivant la date indiquée sur l’autorisation de financement.;TML;;OTH;The delivery channel is by the departmental financial management system or electronic payment.;Les paiements sont effectués au moyen du système de gestion financière de l’organisation ou par paiement électronique.;;0.85;39.0;45.0;0.8667;;;Y;https://cihr-irsc.gc.ca/e/53356.html;https://cihr-irsc.gc.ca/f/53356.html;Not applicable;Not applicable;cihr-irsc;74.0;Canadian Institutes of Health Research;Instituts de recherche en santé du Canada;2023-2024_74_2155
10852;2023-2024;1875;Canada's National Do Not Call List;Liste nationale de numéros de télécommunication exclus du Canada;8691;National Do Not Call List - Email support - This service is available from 8:30 AM to 4:30 PM in each Canadian time zone, Monday to Friday except statutory holidays.  This service has an 95% availability standard and allows telemarketers to ask questions.;Liste nationale de numéros de télécommunication exclus - Soutien par courriel : Ce service est disponible de 8 h 30 à 16 h 30 dans chaque fuseau horaire canadien, du lundi au vendredi, sauf les jours fériés. Ce service a une norme de disponibilité de 95 % et permet aux télévendeurs de poser des questions.;TML;;EML;This service is available for telemarketers only.;Ce service est disponible uniquement pour les télévendeurs.;;0.95;2391.0;2440.0;0.9799;;;Y;;;;;crtc;93.0;Canadian Radio-television and Telecommunications Commission;Conseil de la radiodiffusion et des télécommunications canadiennes;2023-2024_93_1875
10857;2023-2024;1474;Space-based Automated Identification of Ships (S-AIS) Data Services;Services de données du système d'identification automatique spatioporté (AIS);8621;Detection Level,  Global Maritime Area of Interest (GMAOI):  At least 223,253 unique detected vessels daily, for at least 50.0% of the days per year (i.e. 182.5 out of 365 days);Niveau de détection, zone maritime mondiale d'intérêt (GMAOI):  Au moins 223 253 navires uniques détectés chaque jour, pendant au moins 50,0 % des jours de l'année (soit 182,5 jours sur 365).;ACY;;ONL;;;;0.5;65.0;91.0;0.7143;;;Y;;;Not applicable;Not applicable;csa-asc;95.0;Canadian Space Agency;Agence spatiale canadienne;2023-2024_95_1474
10859;2023-2024;1474;Space-based Automated Identification of Ships (S-AIS) Data Services;Services de données du système d'identification automatique spatioporté (AIS);8623;Detection Level, Canadian Maritime Area of Interest (CMAOI): At least 7,279 unique vessels detected daily, for least 50.0% of the days per year (i.e. 182.5 out of 365 days);Niveau de détection, zone d'intérêt maritime canadienne (CMAOI) : Au moins 7 279 navires uniques détectés chaque jour, pendant au moins 50,0 % des jours de l'année (c'est-à-dire 182,5 jours sur 365);ACY;;ONL;;;;0.5;91.0;91.0;1.0;;;Y;;;Not applicable;Not applicable;csa-asc;95.0;Canadian Space Agency;Agence spatiale canadienne;2023-2024_95_1474
10861;2023-2024;1474;Space-based Automated Identification of Ships (S-AIS) Data Services;Services de données du système d'identification automatique spatioporté (AIS);8622;Messages received within 8.91 minutes daily, for at least 50.0% of the days per year (i.e. 182.5 out of 365 days);Messages reçus dans un délai de 8,91 minutes par jour, pendant au moins 50,0 % des jours de l'année (soit 182,5 jours sur 365).;TML;;ONL;;;;0.5;66.0;91.0;0.7253;;;Y;;;Not applicable;Not applicable;csa-asc;95.0;Canadian Space Agency;Agence spatiale canadienne;2023-2024_95_1474
10872;2023-2024;3638;Stratospheric Balloon Flight Opportunities (STRATOS);Opportunités de vols de ballons stratosphériques (STRATOS);8620;An answer is provided within 14 business following the request.;Une réponse est fournie dans les 14 jours ouvrables suivant la demande;TML;;ONL;;;;;;;;;;;;;Not applicable;Not applicable;csa-asc;95.0;Canadian Space Agency;Agence spatiale canadienne;2023-2024_95_3638
10878;2023-2024;SRV02880;Space imagery data for Space Surveillance (NEOSSAT);Données d’imagerie spatiale pour la surveillance de l’espace (NEOSSAT);8624;Data delivered within one hour of download.;Données livrées moins d'une heure après le téléchargement.;TML;;EML;;;;0.9;365.0;365.0;1.0;s/o;s/o;Y;;;Not applicable;Not applicable;csa-asc;95.0;Canadian Space Agency;Agence spatiale canadienne;2023-2024_95_SRV02880
10880;2023-2024;SRV02883;Earth Observation Data (R2);Données d’observation de la Terre (R2);8728;Submitted billable acquisition requests (not including requests cancelled by the user) are completed.;Les demandes d'acquisition facturables soumises (sans compter les demandes annulées par l'utilisateur) sont complétées.;OTH;;ONL;Requests can vary in recurrence, level of urgency and scope. The service measurement is therefore focused on the ability to deliver the service according to the customer request (request submitted versus request completed). It also gives us an indication of an anomaly when the target is not reached.;Les requêtes peuvent variées de récurrence, de niveau d'urgence et d'ampleur. La mesure du service est donc axée sur la capacité à fournir le service selon la requête du client (requête soumise versus requête complétée). Cela nous donne également une indication d'une anomalie lorsque la cible n'est pas atteinte.;;0.9;7516.0;7769.0;0.9674;Requests can vary in recurrence, level of urgency and scope. The service measurement is therefore focused on the ability to deliver the service according to the customer request (request submitted versus request completed). It also gives us an indication of an anomaly when the target is not reached.;Les requêtes peuvent variées de récurrence, de niveau d'urgence et d'ampleur. La mesure du service est donc axée sur la capacité à fournir le service selon la requête du client (requête soumise versus requête complétée). Cela nous donne également une indication d'une anomalie lorsque la cible n'est pas atteinte.;Y;;;Not applicable;Not applicable;csa-asc;95.0;Canadian Space Agency;Agence spatiale canadienne;2023-2024_95_SRV02883
10883;2023-2024;SRV03434;Ground support for space science (THEMIS);Soutien au sol des sciences spatiales (THEMIS);8727;No service standard established.;Aucune norme de service établie;OTH;;EML;By default, the service is provided to the client (NASA). The user does not need to submit a request.;Par défaut, le service est fourni au client (NASA) L’utilisateur n’a pas à soumettre de demande;;1.0;;;;;;;;;Not applicable;Not applicable;csa-asc;95.0;Canadian Space Agency;Agence spatiale canadienne;2023-2024_95_SRV03434
10884;2023-2024;SRV03429;Core geospatial observation sites in remote locations of Canada (GO Canada);Sites de base d'observation géospatiale en régions éloignées du Canada (GO Canada);8729;No service standard established.;Aucune norme de service établie;OTH;;EML;No service standard established.;Aucune norme de service établie;;;;;;;;;;;Not applicable;Not applicable;csa-asc;95.0;Canadian Space Agency;Agence spatiale canadienne;2023-2024_95_SRV03429
10897;2023-2024;3404;Incident Handling & Support;Intervention et soutien en cas d’incident;5914;Incidents assessed at C4 or higher severity are responded to within 4 hours.;Les incidents évalués au niveau C4 ou à un niveau supérieur font l’objet d’une intervention dans un délai de 4 h.;TML;;OTH;Online (Portal), Telephone, Email;En ligne (portail), par téléphone par courriel;;0.55;34.0;61.0;0.5574;This Service transitioned to a  Customer Relationship Management system in March 2024, and as a result, we cannot report on the full year for 2023/24. We can provide a sample result for March 2024. We will be able to report on the full year result for next year (FY 24/25);En mars 2024, ce service est devenu un système de gestion des relations avec la clientèle. Par conséquent, il n’est pas possible de fournir un rapport pour l’ensemble de l’année 2023-2024. Nous pouvons fournir un échantillon de résultats pour mars 2024. L’année prochaine (2024-2025), nous pourrons fournir un rapport qui couvrira la totalité de l’année.;Y;Not Available;n'est pas disponible;;;csec-cstc;110.0;Communications Security Establishment Canada;Centre de la sécurité des télécommunications Canada;2023-2024_110_3404
10900;2023-2024;3643;Cyber Centre Learning Hub - Learning Management System;Carrefour de l’apprentissage du Centre pour la cybersécurité – Système de gestion de l’apprentissage;6244;E-Learning Course Catalogue - 24/7/356 Access Online.;Catalogue des formations offertes en ligne - accessible en ligne 24 heures sur 24, 7 jours sur 7, 365 jours par année.;ACS;;ONL;;;;0.99;365.0;365.0;1.0;;;Y;Not Available;n'est pas disponible;;;csec-cstc;110.0;Communications Security Establishment Canada;Centre de la sécurité des télécommunications Canada;2023-2024_110_3643
10902;2023-2024;3648;Cyber Centre Learning Hub - Custom Course Development;Carrefour de l’apprentissage du Centre pour la cybersécurité – Élaboration de cours sur mesure;6243;Custom Course Development - delivery within 12 months.;Élaboration de cours sur mesure - délai de livraison de 12 mois.;TML;;PERSON;;;;0.9;10.0;10.0;1.0;;;Y;Not Available;n'est pas disponible;;;csec-cstc;110.0;Communications Security Establishment Canada;Centre de la sécurité des télécommunications Canada;2023-2024_110_3648
10904;2023-2024;3646;Compliance Reviews / Certifications - Cryptographic Module Validation Program (CMVP);Certifications/examens de conformité – Programme de validation des modules cryptographiques;8636;List of certified products is available on the NIST Website 24/7/365.;La liste des produits certifiés est disponible en tout temps sur le site Web du NIST.;ACS;;ONL;;;;0.99;365.0;365.0;1.0;;;Y;Not Available;n'est pas disponible;;;csec-cstc;110.0;Communications Security Establishment Canada;Centre de la sécurité des télécommunications Canada;2023-2024_110_3646
10905;2023-2024;3647;Compliance Reviews / Certifications - Common Criteria Recognition Arrangement (CCRA);Certifications/examens de conformité – Programme de validation des modules cryptographiques;8637;List of certified products is available on the Cyber Centre and NSA Website 24/7/365.;La liste des produits certifiés est disponible en tout temps sur le site Web du Centre pour la cybersécurité et de la NSA.;ACS;;ONL;;;;0.99;365.0;365.0;1.0;;;Y;Not Available;n'est pas disponible;;;csec-cstc;110.0;Communications Security Establishment Canada;Centre de la sécurité des télécommunications Canada;2023-2024_110_3647
10908;2023-2024;0849;Media Relations;Bureau des relations avec les médias;8633;Response timelines for media relations is within 24 hours or within a timeline negotiated between both parties;Pour ce qui est des relations avec les médias, le délai de réponse est de 24 heures ou dans un délai négocié entre les deux parties.;ACY;;EML;;;;1.0;251.0;251.0;1.0;;;Y;;s.o;;;csec-cstc;110.0;Communications Security Establishment Canada;Centre de la sécurité des télécommunications Canada;2023-2024_110_0849
10909;2023-2024;3645;Advice and Guidance - Supply Chain Integrity;Avis et conseils – Intégrité de la chaîne d’approvisionnement;8635;Respond to requests from Government of Canada partners with completed risk assessments within appropriate timeframes for the complexity of the request.;Respond to requests from Government of Canada partners with completed risk assessments within appropriate timeframes for the complexity of the request.;TML;;OTH;Email, Online, Person;par courriel, en ligne, personne;;0.95;987.0;987.0;1.0;;;Y;0;n'est pas disponible;;;csec-cstc;110.0;Communications Security Establishment Canada;Centre de la sécurité des télécommunications Canada;2023-2024_110_3645
10911;2023-2024;3411;Cybersecurity Advice & Guidance - System Security Architecture;Avis et conseils en matière de cybersécurité – Architecture de sécurité du système;8634;Technical Liaison tickets are resolved within two weeks (10 business days).;Technical Liaison tickets are resolved within two weeks (10 business days).;TML;;OTH;Online, Telephone, Email;En ligne, par téléphone,  par courriel;;0.7;378.0;487.0;0.7762;;;Y;Not Available;n'est pas disponible;;;csec-cstc;110.0;Communications Security Establishment Canada;Centre de la sécurité des télécommunications Canada;2023-2024_110_3411
10956;2023-2024;2515;Northern Contaminated Sites Program;Programme des sites contaminés du Nord;;The Northern Contaminated Sites Program manages contaminated sites in a cost-effective and consistent manner by reducing or eliminating, where possible, risks to human and environmental health, and decreasing the federal environmental liability associated with contaminated sites in the North, including Yukon, Nunavut, and the Northwest Territories. Priority is given to those sites posing the highest risks.;L'objectif du Programme des sites contaminés du Nord est de gérer les sites contaminés de façon rentable et uniforme. Le programme vise à réduire ou à éliminer, dans la mesure du possible, les risques pour la santé humaine et l'environnement et à réduire le passif environnemental fédéral associé aux sites contaminés dans le Nord. On accorde la priorité aux sites qui présentent les risques les plus élevés.;OTH;;OTH;Various terms and performance standards based on the specified contract terms and property (e.g. number of security patrols per week or month).;Diverses conditions et normes de performance basées sur les conditions contractuelles spécifiées et la propriété (par exemple, le nombre de patrouilles de sécurité par semaine ou par mois).;;1.0;21.0;21.0;1.0;Lands/properties managed according to service standards agreed to in specified contract terms.;Gestion des terrains/propriétés conformément aux normes de service convenues dans les conditions contractuelles spécifiées.;Y;http://;http://;http://;http://;aandc-aadnc;129.0;Crown-Indigenous Relations and Northern Affairs Canada;Relations Couronne-Autochtones et Affaires du Nord Canada;2023-2024_129_2515
10959;2023-2024;SRV03379;Residential Schools Legacy;Séquelles des pensionnats;SRV03379;"a) Respond to requests for program information within two (2) business days of receipt.

b) Commence engagements for funding requests between the Department and the partner/community within thirty (30) calendar days of receipt.";"a) Répondre aux demandes d'information sur le programme dans les deux (2) jours ouvrables suivant leur réception.

b) Débuter les engagements relatifs aux demandes de financement entre le ministère et le partenaire/la communauté dans un délai de trente (30) jours calendrier à compter de la réception de la demande.";TML;;EML;;;;0.85;;257.0;;"a) Total number of requests for information received in 2023-2024: 68

b) Total number of funding requests 189. 186 were under engagement within 30 days.


Target met
94% compliance with service standard where inquiries are responded to within 2 business days

98% compliance that the program engages with applicants  within 30 days";"a) Nombre total de demandes de renseignements recues en 2023-2024: 68

b) Nombre total de demandes de financement 189. 186 selon l'objectif (dans un délai de trente (30) jours calendrier à compter de la réception de la demande.)";;;;;;aandc-aadnc;129.0;Crown-Indigenous Relations and Northern Affairs Canada;Relations Couronne-Autochtones et Affaires du Nord Canada;2023-2024_129_SRV03379
10990;2023-2024;3570;Veteran Homelessness (VH);Programme de lutte contre l'itinérance chez les vétérans (PLIV);8346;Issuance of Payment;Émission du paiement;TML;;ONL;;;;0.8;0.0;0.0;;;;;https://housing-infrastructure.canada.ca/prog/service-eng.html;https://logement-infrastructure.canada.ca/prog/service-fra.html;;;infc;237.0;Housing, Infrastructure and Communities Canada;Logement, Infrastructure et Collectivités Canada;2023-2024_237_3570
10991;2023-2024;3570;Veteran Homelessness (VH);Programme de lutte contre l'itinérance chez les vétérans (PLIV);8347;Notification of Funding Decision;Notification de la décision de financement;TML;;ONL;;;;0.8;109.0;109.0;1.0;;;Y;https://housing-infrastructure.canada.ca/prog/service-eng.html;https://logement-infrastructure.canada.ca/prog/service-fra.html;;;infc;237.0;Housing, Infrastructure and Communities Canada;Logement, Infrastructure et Collectivités Canada;2023-2024_237_3570
10992;2023-2024;SRV03451;Access to Information and Privacy (ATIP);Demande d'accès à l'information et de protection des renseignements personnels (AIPRP);8348;Access to Information Requests;Demandes d'accès à l'information;TML;;OTH;;;;0.9;104.0;115.0;0.9043;;;Y;https://housing-infrastructure.canada.ca/prog/service-eng.html;https://logement-infrastructure.canada.ca/prog/service-fra.html;;;infc;237.0;Housing, Infrastructure and Communities Canada;Logement, Infrastructure et Collectivités Canada;2023-2024_237_SRV03451
10993;2023-2024;SRV03451;Access to Information and Privacy (ATIP);Demande d'accès à l'information et de protection des renseignements personnels (AIPRP);8349;Privacy Requests;Demandes de confidentialité;TML;;OTH;;;;0.9;25.0;27.0;0.9259;;;Y;https://housing-infrastructure.canada.ca/prog/service-eng.html;https://logement-infrastructure.canada.ca/prog/service-fra.html;;;infc;237.0;Housing, Infrastructure and Communities Canada;Logement, Infrastructure et Collectivités Canada;2023-2024_237_SRV03451
11178;2023-2024;3593;Climate Change Funding Programs - Low Carbon Economy Challenge 2023;Programmes de financement des changements climatiques - Défi économie à faibles émissions de carbone 2023;8414;Acknowledge the receipt of a completed and signed application package within 2 working days of reception;Accusera réception des demandes dûment remplies et signées dans les 2 jours ouvrables suivant la réception de la demande.;TML;;ONL;Grants and Contributions;Subventions et Contributions;;1.0;196.0;196.0;1.0;All 196 applicants received an acknowledgement notification within 1 business days that their completed application has been succesfully submitted and received.;Les 196 candidats ont reçu un accusé de réception dans un délai d'un jour ouvrable, les informant que leur demande avait été soumise et reçue avec succès.;Y;;;;;ec;137.0;Environment and Climate Change Canada;Environnement et Changement climatique Canada;2023-2024_137_3593
11179;2023-2024;3593;Climate Change Funding Programs - Low Carbon Economy Challenge 2023;Programmes de financement des changements climatiques - Défi économie à faibles émissions de carbone 2024;8415;Issue official written notification of the funding decision within 120 calendar days of the receipt of a completed proposal.;Émettre un avis écrit officiel de la décision de financement dans les 120 jours civils suivant leur réception de la proposition complète.;TML;;ONL;Grants and Contributions;Subventions et Contributions;;1.0;0.0;0.0;;The service standard for Challenge 2023 is 120 working days. No official funding decisions were made in FY 2023-24.;La norme de service pour le défi 2023 est de 120 jours ouvrables. Aucune décision officielle de financement n'a été prise au cours de l'exercice 2023-24.;;https://www.canada.ca/en/environment-climate-change/services/climate-change/low-carbon-economy-fund/challenge.html;https://www.canada.ca/fr/environnement-changement-climatique/services/changements-climatiques/fonds-economie-faibles-emissions-carbone/defi.html;;;ec;137.0;Environment and Climate Change Canada;Environnement et Changement climatique Canada;2023-2024_137_3593
11180;2023-2024;3593;Climate Change Funding Programs - Low Carbon Economy Challenge 2023;Programmes de financement des changements climatiques - Défi économie à faibles émissions de carbone 2025;8416;Send a letter to successful funding recipients within 5 working days of making the final funding decision;Parvenir une lettre aux bénéficiaires de financement retenus dans les 5 jours ouvrables suivant la décision finale concernant le financement.;TML;;ONL;Grants and Contributions;Subventions et Contributions;;1.0;0.0;0.0;;No official decisions were made in FY 2023-24.;Aucune décision officielle de financement n'a été prise au cours de l'exercice 2023-24.;;https://www.canada.ca/en/environment-climate-change/services/climate-change/low-carbon-economy-fund/challenge.html;https://www.canada.ca/fr/environnement-changement-climatique/services/changements-climatiques/fonds-economie-faibles-emissions-carbone/defi.html;;;ec;137.0;Environment and Climate Change Canada;Environnement et Changement climatique Canada;2023-2024_137_3593
11181;2023-2024;3593;Climate Change Funding Programs - Low Carbon Economy Challenge 2023;Programmes de financement des changements climatiques - Défi économie à faibles émissions de carbone 2026;8417;Provision of the funding agreement within 15 business days of notification of approval-in-principle;Fournira aux bénéficiaires de financement l’entente de contribution finale pour qu’ils la signent dans les 15 jours ouvrables suivant la négociation réussie de l’entente de contribution.;TML;;ONL;Grants and Contributions;Subventions et Contributions;;1.0;0.0;0.0;;No official decisions were made in FY 2023-24.;Aucune décision officielle de financement n'a été prise au cours de l'exercice 2023-24.;;https://www.canada.ca/en/environment-climate-change/services/climate-change/low-carbon-economy-fund/challenge.html;https://www.canada.ca/fr/environnement-changement-climatique/services/changements-climatiques/fonds-economie-faibles-emissions-carbone/defi.html;;;ec;137.0;Environment and Climate Change Canada;Environnement et Changement climatique Canada;2023-2024_137_3593
11184;2023-2024;975;Federal Identification Registry for Storage Tank Systems (FIRSTS);Registre fédéral d'identification des systèmes de stockage (RFISS);8692;The Federal Identification Registry for Storage Tank Systems generates a unique identification number for the tank system immediately upon submission of completed identification.;Le Registre fédéral d'identification des systèmes de stockage génère un numéro d’identification unique pour le système de réservoir immédiatement après la soumission de l’identification complétée.;ACS;;ONL;;;;1.0;;0.0;;;;;Not available;Not available;;;ec;137.0;Environment and Climate Change Canada;Environnement et Changement climatique Canada;2023-2024_137_975
11185;2023-2024;SRV02750;Disposal at sea emergency permits;Permis d'urgence pour l'immersion en mer;8693;Permit was issued within the requested timeline based on the specific emergency.;Le permis a été délivré dans le délai demandé en fonction de l'urgence spécifique.;OTH;;EML;;;;;;;;;;;Not available;Not available;;;ec;137.0;Environment and Climate Change Canada;Environnement et Changement climatique Canada;2023-2024_137_SRV02750
11187;2023-2024;SRV02750;Disposal at sea emergency permits;Permis d'urgence pour l'immersion en mer;No service standard ID;Permit was issued within the requested timeline based on the specific emergency.;Le permis a été délivré dans le délai demandé en fonction de l'urgence spécifique.;OTH;;EML;Emergency permits are issued as quickly as possible on a case-by-case basis.;Les permis d'urgence sont délivrés le plus rapidement possible au cas par cas.;;1.0;1.0;0.0;;;;;Not available;Not available;;;ec;137.0;Environment and Climate Change Canada;Environnement et Changement climatique Canada;2023-2024_137_SRV02750
11188;2023-2024;975;Federal Identification Registry for Storage Tank Systems (FIRSTS);Registre fédéral d'identification des systèmes de stockage (RFISS);Not Available;The Federal Identification Registry for Storage Tank Systems generates a unique identification number for the tank system immediately upon submission of completed identification.;Le Registre fédéral d'identification des systèmes de stockage génère un numéro d’identification unique pour le système de réservoir immédiatement après la soumission de l’identification complétée.;ACS;;ONL;;;;1.0;1.0;0.0;;;;;Not available;Not available;;;ec;137.0;Environment and Climate Change Canada;Environnement et Changement climatique Canada;2023-2024_137_975
11191;2023-2024;SRV03258;Grants and Contribution Programs;Programmes de subventions et contributions;5766;Render a payment decision on claim submissions within thirty-five (35) working days;Rendre une décision à l'égard de remboursement dans les trente-cinq (35) jours ouvrables;TML;;EML;Mail, Online, Person;Courrier, en ligne, personne;;0.9;643.0;800.0;0.8037;;;N;https://fednor.canada.ca/en/service-standards;https://fednor.canada.ca/fr/normes-service;Not applicable;Non applicable;fednor;561.0;Federal Economic Development Agency for Northern Ontario;Agence fédérale de développement économique pour le Nord de l’Ontario;2023-2024_561_SRV03258
11199;2023-2024;1680;Physical Security Abroad – Security, Maintenance and Service Line Delivery;Sécurité Physique à l'étranger - Sécurité, Entretien et Service d'Exécution des Projets de ligne;8364;Priority based on identified vulnerabilities and complexity of project. Acknowledgement of the list of actions is done in 48 hours.;Priorité basée sur les vulnérabilités identifiées et la complexité du projet. L'accusé de réception de la liste d'actions est donné dans les 48 heures.;TML;;EML;;;;0.9;;;;Withheld security purpose.;Retenue pour raison de sécurité;;Not published on the web;Non publié sur le web;Not applicable;Non applicable;dfatd-maecd;126.0;Global Affairs Canada;Affaires mondiales Canada;2023-2024_126_1680
11200;2023-2024;1697;Jules Léger Library;Bibliothèque Jules-Léger;8365;The Library usually responds to research inquiries within 24 to 48 hours of receipt.;La bibliothèque répond généralement aux demandes de recherche dans les 24 à 48 heures suivant leur réception.;TML;;EML;;;;0.9;;;;Tool to track volumes in development.;Outil de suivi des volumes en cours de développement.;;Not published on the web;Non publié sur le web;Not applicable;Non applicable;dfatd-maecd;126.0;Global Affairs Canada;Affaires mondiales Canada;2023-2024_126_1697
11201;2023-2024;1698;Export and Import Permit Service;Service des licences d'exportation et d'importation;8366;Deliver non-routed permits within 15 minutes of the time of application if there is no problem with the application: 10 minutes for processing and 5 minutes to transfer import permits to the ACROSS system used by the Canada Border Services Agency.;Délivrer les licences non acheminées dans un délai de 15 minutes suivant la présentation de la demande, si la demande ne présente pas de problème (on compte 10 minutes pour le traitement et 5 minutes pour le transfert de la licence d'importation au Système de soutien de la mainlevée accélérée des expéditions commerciales (SSMAEC) de l'Agence des services frontaliers du Canada).;TML;;ONL;;;;0.9;283167.0;284734.0;0.9945;;;Y;https://www.international.gc.ca/controls-controles/about-a_propos/service.aspx?lang=eng;https://www.international.gc.ca/controls-controles/about-a_propos/service.aspx?lang=fra;Not applicable;Non applicable;dfatd-maecd;126.0;Global Affairs Canada;Affaires mondiales Canada;2023-2024_126_1698
11213;2023-2024;1884;Accreditation services for events;Services d'accreditation pour les événements;8367;Service standard encompasses delivery of accreditation service, near stated costing, and on strict, predetermined timeline;La norme de service englobe la livraison du service d'accreditation, un coût proche de celui indiqué en un laps de temps strict et prédéterminé.;ACY;;EML;;;;;;;;Tool to track volumes in development.;Outil de suivi des volumes en cours de développement.;;Not published on the web;Non publié sur le web;Not applicable;Non applicable;dfatd-maecd;126.0;Global Affairs Canada;Affaires mondiales Canada;2023-2024_126_1884
11214;2023-2024;2469;Canada Treaty Custodian;Gardien des traités du Canada;8368;Responses provided within three business days but may take longer depending on the complexity of the file.;Réponses fournies en trois jours ouvrables mais cela peut être plus long tout dépendant de la complexité du dossier.;ACY;;EML;;;;0.9;142.0;142.0;1.0;;;Y;Not published on the web;Non publié sur le web;Not applicable;Non applicable;dfatd-maecd;126.0;Global Affairs Canada;Affaires mondiales Canada;2023-2024_126_2469
11216;2023-2024;3584;Compensation program due to extraordinary security measure during majors events;Programme d'indemnisation dû aux mesures de sécurité extraordinaire durant des événements majeurs;8369;Service standard encompasses delivery of event, near stated costing, and on strict, predetermined timeline;La norme de service englobe la livraison de l'événement, un coût proche de celui indiqué en un laps de temps strict et prédéterminé.;TML;;EML;;;;;;;;Tool to track volumes in development.;Outil de suivi des volumes en cours de développement.;;Not published on the web;Non publié sur le web;Not applicable;Non applicable;dfatd-maecd;126.0;Global Affairs Canada;Affaires mondiales Canada;2023-2024_126_3584
11217;2023-2024;1691;Grants and Contributions for International Assistance;Subventions et contributions pour l'aide internationale;8370;Acknowledgment of receit is done in 24 hours.;L'accusé de réception est envoyé dans les 24 heures.;TML;;ONL;;;;1.0;479.0;479.0;1.0;;;Y;Not published on the web;Non publié sur le web;Not applicable;Non applicable;dfatd-maecd;126.0;Global Affairs Canada;Affaires mondiales Canada;2023-2024_126_1691
11218;2023-2024;1691;Grants and Contributions for International Assistance;Subventions et contributions pour l'aide internationale;8371;Notification of decision 10 business days.;La notification de la décision se fait dans les 10 jours ouvrables.;TML;;ONL;;;;0.9;117.0;135.0;0.8667;;;N;Not published on the web;Non publié sur le web;Not applicable;Non applicable;dfatd-maecd;126.0;Global Affairs Canada;Affaires mondiales Canada;2023-2024_126_1691
11219;2023-2024;1691;Grants and Contributions for International Assistance;Subventions et contributions pour l'aide internationale;8372;Payment after reception of request/invoice 30 day;Paiement après réception de la demande/facture 30 jours;TML;;ONL;;;;0.9;3361.0;3623.0;0.9277;;;Y;Not published on the web;Non publié sur le web;Not applicable;Non applicable;dfatd-maecd;126.0;Global Affairs Canada;Affaires mondiales Canada;2023-2024_126_1691
11222;2023-2024;SRV03097;Grants and Contributions - CanExport Associations;Subventions et contributions - CanExport Associations;8373;~33 working days to provide all financing decisions;~33 jours ouvrés pour fournir toutes décision de financement;TML;;OTH;CanExport Associations Online System;Système en ligne de CanExport Associations;;0.9;59.0;59.0;1.0;;;Y;Not published on the web;Non publié sur le web;Not applicable;Non applicable;dfatd-maecd;126.0;Global Affairs Canada;Affaires mondiales Canada;2023-2024_126_SRV03097
11223;2023-2024;SRV03098;Grants and Contributions - CanExport Innovation;Subventions et contributions - CanExport Innovation;8374;60 business days to provide a funding decision;60 jours ouvrés pour fournir une décision de financement;TML;;OTH;CanExport Online Portal;Portail en ligne de CanExport;;0.9;58.0;187.0;0.3102;;;N;Not published on the web;Non publié sur le web;Not applicable;Non applicable;dfatd-maecd;126.0;Global Affairs Canada;Affaires mondiales Canada;2023-2024_126_SRV03098
11224;2023-2024;SRV03099;Grants and Contributions - CanExport SMEs;Subventions et contributions - CanExport PME;8375;60 business days to provide a funding decision;60 jours ouvrés pour fournir une décision de financement;TML;;OTH;CanExport Online Portal;Portail en ligne de CanExport;;0.9;602.0;2546.0;0.2364;;;N;Not published on the web;Non publié sur le web;Not applicable;Non applicable;dfatd-maecd;126.0;Global Affairs Canada;Affaires mondiales Canada;2023-2024_126_SRV03099
11225;2023-2024;SRV03126;Mission Readiness & Security Operations;Préparation des Missions et Opérations de Sécurité;8376;Acknowlegdement requests - 2 business days.;Confirmation des demandes - 2 jours ouvrables.;TML;;EML;;;;0.9;1462.0;1462.0;1.0;;;Y;Not published on the web;Non publié sur le web;Not applicable;Non applicable;dfatd-maecd;126.0;Global Affairs Canada;Affaires mondiales Canada;2023-2024_126_SRV03126
11226;2023-2024;SRV03126;Mission Readiness & Security Operations;Préparation des Missions et Opérations de Sécurité;8377;Security Safeguard Prioritization - bi-annually.;Visite d'évaluation des risques - 5 jours ouvrables.;TML;;ONL;;;;0.9;;20.0;;;;;Not published on the web;Non publié sur le web;Not applicable;Non applicable;dfatd-maecd;126.0;Global Affairs Canada;Affaires mondiales Canada;2023-2024_126_SRV03126
11227;2023-2024;SRV03126;Mission Readiness & Security Operations;Préparation des Missions et Opérations de Sécurité;8378;Vulnerability Assessment Visits initiation - As required.;Priorisation - deux fois par an.;ACS;;PERSON;;;;0.9;;325.0;;;;;Not published on the web;Non publié sur le web;Not applicable;Non applicable;dfatd-maecd;126.0;Global Affairs Canada;Affaires mondiales Canada;2023-2024_126_SRV03126
11228;2023-2024;SRV03126;Mission Readiness & Security Operations;Préparation des Missions et Opérations de Sécurité;8379;Vulnerability Assessment Report Generation - 30 days;Rapport d'évaluation de la vulnérabilité - 30 jours;TML;;OTH;;;;1.0;35.0;40.0;0.875;;;N;Not published on the web;Non publié sur le web;Not applicable;Non applicable;dfatd-maecd;126.0;Global Affairs Canada;Affaires mondiales Canada;2023-2024_126_SRV03126
11229;2023-2024;SRV03126;Mission Readiness & Security Operations;Préparation des Missions et Opérations de Sécurité;8380;Security Excemptions;Exemptions de sécurité;TML;;OTH;;;;1.0;33.0;33.0;1.0;;;Y;Not published on the web;Non publié sur le web;Not applicable;Non applicable;dfatd-maecd;126.0;Global Affairs Canada;Affaires mondiales Canada;2023-2024_126_SRV03126
11230;2023-2024;SRV03126;Mission Readiness & Security Operations;Préparation des Missions et Opérations de Sécurité;8381;Mission Security Operations Consultation (Crisis);Consultation sur les opérations de sécurité de mission (crise);ACY;;OTH;;;;1.0;;;;Tool to track volumes in development.;Outil de suivi des volumes en cours de développement.;;Not published on the web;Non publié sur le web;Not applicable;Non applicable;dfatd-maecd;126.0;Global Affairs Canada;Affaires mondiales Canada;2023-2024_126_SRV03126
11231;2023-2024;SRV03126;Mission Readiness & Security Operations;Préparation des Missions et Opérations de Sécurité;8382;Mission Security Operations Consultation (Steady-state);Consultation sur les opérations de sécurité de mission (état stable);ACY;;ONL;;;;1.0;;;;Tool to track volumes in development.;Outil de suivi des volumes en cours de développement.;;Not published on the web;Non publié sur le web;Not applicable;Non applicable;dfatd-maecd;126.0;Global Affairs Canada;Affaires mondiales Canada;2023-2024_126_SRV03126
11232;2023-2024;SRV03126;Mission Readiness & Security Operations;Préparation des Missions et Opérations de Sécurité;8383;Mission Secuirty Policy Review (SOP, Policy, WI);Examen de la politique de sécurité de mission (SOP, politique, instructions de travail);ACY;;OTH;;;;1.0;5.0;5.0;1.0;;;Y;Not published on the web;Non publié sur le web;Not applicable;Non applicable;dfatd-maecd;126.0;Global Affairs Canada;Affaires mondiales Canada;2023-2024_126_SRV03126
11233;2023-2024;SRV03126;Mission Readiness & Security Operations;Préparation des Missions et Opérations de Sécurité;8384;Mission Secuity White Paper/Issues Analysis;Livre blanc/Analyse des enjeux de la sécurité de mission;TML;;OTH;;;;1.0;1.0;1.0;1.0;;;Y;Not published on the web;Non publié sur le web;Not applicable;Non applicable;dfatd-maecd;126.0;Global Affairs Canada;Affaires mondiales Canada;2023-2024_126_SRV03126
11234;2023-2024;SRV03126;Mission Readiness & Security Operations;Préparation des Missions et Opérations de Sécurité;8385;Mission Security Advice (GAC HQ stakeholders);Conseils en matière de sécurité de mission (intervenants du siège social d’AMC);TML;;OTH;;;;1.0;;;;Tool to track volumes in development.;Outil de suivi des volumes en cours de développement.;;Not published on the web;Non publié sur le web;Not applicable;Non applicable;dfatd-maecd;126.0;Global Affairs Canada;Affaires mondiales Canada;2023-2024_126_SRV03126
11235;2023-2024;SRV03126;Mission Readiness & Security Operations;Préparation des Missions et Opérations de Sécurité;8386;Mission Secuity Feedback (CCTV, Floorplan, etc.);Retour d'information sur la sécurité de mission (CCTV, plan d'étage, etc.;TML;;OTH;;;;;12.0;12.0;1.0;;;;Not published on the web;Non publié sur le web;Not applicable;Non applicable;dfatd-maecd;126.0;Global Affairs Canada;Affaires mondiales Canada;2023-2024_126_SRV03126
11236;2023-2024;SRV03151;Advice on Women Peace and Security;Conseils sur les femmes, la paix et la sécurité;8387;Not applicable: The nature of this service is based on engagement with skateholder. We provide recommendations on requests for engagement by stakeholders based on an established set of criteria.;Sans objet : La nature de ce service est basée sur l'engagement avec le détenteur de la patinoire. Nous fournissons des recommandations sur les demandes d'engagement des parties prenantes sur la base d'un ensemble de critères établis.;TML;;PERSON;;;;;;207.0;;;;;Not published on the web;Non publié sur le web;Not applicable;Non applicable;dfatd-maecd;126.0;Global Affairs Canada;Affaires mondiales Canada;2023-2024_126_SRV03151
11237;2023-2024;SRV03199;Venture Capital Attraction;Attraction du capital de risque;8388;We follow TCS standards for External clients.;Nous suivons les normes du SDC pour les clients externes.;TML;;ONL;;;;0.85;;;;Tool to track volumes in development.;Outil de suivi des volumes en cours de développement.;;Not published on the web;Non publié sur le web;Not applicable;Non applicable;dfatd-maecd;126.0;Global Affairs Canada;Affaires mondiales Canada;2023-2024_126_SRV03199
11238;2023-2024;SRV03263;Promoting and Protecting Democracy Fund (Pro-Dem) and the Inclusion, Diversity and Human Rights Fund (IDHR);Fonds pour la promotion et la protection de la démocratie (Pro-Dem) et Fonds pour l'inclusion, la diversité et les droits de la personne (IDHR);8389;Promoting and Protecting Democracy Fund (Pro-Dem) and the Inclusion, Diversity and Human Rights Fund (IDHR);Fournir aux promoteurs de projets une décision quant à savoir si leur proposition sera financée.;TML;;EML;;;;;;;;Tool to track volumes in development.;Outil de suivi des volumes en cours de développement.;;Not published on the web;Non publié sur le web;Not applicable;Non applicable;dfatd-maecd;126.0;Global Affairs Canada;Affaires mondiales Canada;2023-2024_126_SRV03263
11239;2023-2024;SRV03305;Military and Scientific Overflight Clearance request management;Gestion des demandes d'autorisation de survol militaire et scientifique;8390;100% within the required timelines (upon receipt of a completed applications);100% dans les délais requis (dès réception d'un dossier de candidature complet);ACY;;EML;;;;1.0;;;;Tool to track volumes in development.;Outil de suivi des volumes en cours de développement.;;Not published on the web;Non publié sur le web;Not applicable;Non applicable;dfatd-maecd;126.0;Global Affairs Canada;Affaires mondiales Canada;2023-2024_126_SRV03305
11240;2023-2024;SRV03311;Marine Scientific Research (MSR) request management;Gestion des demandes de recherche scientifique marine;8391;100% within the required timelines (upon receipt of a completed applications);100% dans les délais requis (dès réception d'un dossier de candidature complet);ACY;;EML;;;;1.0;;;;Tool to track volumes in development.;Outil de suivi des volumes en cours de développement.;;Not published on the web;Non publié sur le web;Not applicable;Non applicable;dfatd-maecd;126.0;Global Affairs Canada;Affaires mondiales Canada;2023-2024_126_SRV03311
11241;2023-2024;SRV03365;Foreign military ship visit request management;Visite de navires militaires étrangers;8392;100% within the required timelines (upon receipt of a completed applications) - 60 Calendar days;100% dans les délais requis (dès réception d'un dossier de candidature complet) - 60 jours calendaires;ACS;;EML;;;;1.0;;;;Tool to track volumes in development.;Outil de suivi des volumes en cours de développement.;;Not published on the web;Non publié sur le web;Not applicable;Non applicable;dfatd-maecd;126.0;Global Affairs Canada;Affaires mondiales Canada;2023-2024_126_SRV03365
11242;2023-2024;3586;Media Relations -GAC;Relations avec les médias;8363;"For internal services: ensure mandatory training of all HOMs, senior officials and public affairs staff at missions, as well as spokespersons
For external services: calls closed on time";"Pour les services internes: formation de tous les CdM, cadres et employés en affaires publiques dans les missions, en plus des porte-parole 
Pour les services externes: appels fermés à temps";TML;;PERSON;;;;1.0;4029.0;4029.0;1.0;;;Y;Not published on the web;Non publié sur le web;Not applicable;Non applicable;dfatd-maecd;126.0;Global Affairs Canada;Affaires mondiales Canada;2023-2024_126_3586
11243;2023-2024;SRV03155;Anti-Crime and Counter-Terrorism Capacity Building Programs (AC/CTCBP);Programme d’aide au renforcement des capacités en matière de lute contre la criminalité et le terrorism;8499;Terms and Conditions for the Anti-Crime and Counter-Terrorism Capacity Building Programs;Modalités des programmes de renforcement des capacités en matière de lutte contre la criminalité et le terrorisme;OTH;;EML;;;;;;;;Tool to track volumes in development.;Outil de suivi des volumes en cours de développement.;;Not published on the web;Non publié sur le web;Not applicable;Non applicable;dfatd-maecd;126.0;Global Affairs Canada;Affaires mondiales Canada;2023-2024_126_SRV03155
11244;2023-2024;SRV03156;Application for a certificate - Mistaken identity;Demande d'attestation -  erreur d'identité;8500;SEMA Regulations require that the Minister arrive at a decision on applications for certificates in the case of mistaken identity within 30 days from the date on which the application was received.;Les règlements de la SEMA exigent que le ministre rende une décision sur les demandes de certificats en cas d'erreur d'identité dans les 30 jours à compter de la date de réception de la demande.;TML;;EML;;;;;0.0;0.0;;No application for this fiscal year.;Pas d'application pour cet exercice.;;Not published on the web;Non publié sur le web;Not applicable;Non applicable;dfatd-maecd;126.0;Global Affairs Canada;Affaires mondiales Canada;2023-2024_126_SRV03156
11245;2023-2024;SRV03158;Application to no longer be a designated person;Demande de radiation;8501;Arrive at a decision on a given delisting application within 90 days from the date on which the application was received.;Rende une décision sur une demande de radiation donnée dans les 90 jours suivant la date de réception de la demande.;TML;;EML;;;;;;29.0;;;;;Not published on the web;Non publié sur le web;Not applicable;Non applicable;dfatd-maecd;126.0;Global Affairs Canada;Affaires mondiales Canada;2023-2024_126_SRV03158
11246;2023-2024;SRV02870;Client Relations;Relations avec les clients;8502;Requests actionned every month, as per pre-determined calendar.;Demandes traitées chaque mois, selon un calendrier préétabli.;ACY;;ONL;;;;1.0;;;;Tool to track volumes in development.;Outil de suivi des volumes en cours de développement.;;Not published on the web;Non publié sur le web;Not applicable;Non applicable;dfatd-maecd;126.0;Global Affairs Canada;Affaires mondiales Canada;2023-2024_126_SRV02870
11248;2023-2024;2528;Emergency Watch and Response;Surveillance et d'interventions d'urgence;8503;Monitoring of EM and security events 24/7 / Availability of emergency consular services 24/7;Surveillance d'incidents d'urgence et de sécurité 24/7 / Disponibilité des services consulaires d'urgence 24/7;ACS;;TEL;;;;1.0;;;;Tool to track volumes in development.;Outil de suivi des volumes en cours de développement.;;Not published on the web;Non publié sur le web;Not applicable;Non applicable;dfatd-maecd;126.0;Global Affairs Canada;Affaires mondiales Canada;2023-2024_126_2528
11251;2023-2024;SRV03370;Global Security Reporting Program (GSRP);Programme des rapports sur la securité mondiale (PRSM);8504;Adhoc/on demand;Ad hoc/sur demande;ACS;;EML;;;;1.0;;;;Tool to track volumes in development.;Outil de suivi des volumes en cours de développement.;;Not published on the web;Non publié sur le web;Not applicable;Non applicable;dfatd-maecd;126.0;Global Affairs Canada;Affaires mondiales Canada;2023-2024_126_SRV03370
11252;2023-2024;SRV02869;International Accommodation Services;Services d'hébergement internationaux;8505;A response on availability is provided to the customer within 5 months.;Une réponse sur la disponibilité est fourni au client dans un délai de 5 mois.;ACY;;EML;;;;0.9;;;;Tool to track volumes in development.;Outil de suivi des volumes en cours de développement.;;Not published on the web;Non publié sur le web;Not applicable;Non applicable;dfatd-maecd;126.0;Global Affairs Canada;Affaires mondiales Canada;2023-2024_126_SRV02869
11253;2023-2024;2466;International Real Property Services;Services en biens immobiliers internationaux;8506;A response on availability is provided to the customer within 5 months.;Une réponse sur la disponibilité est fourni au client dans un délai de 5 mois.;ACY;;EML;;;;0.9;;;;Tool to track volumes in development.;Outil de suivi des volumes en cours de développement.;;Not published on the web;Non publié sur le web;Not applicable;Non applicable;dfatd-maecd;126.0;Global Affairs Canada;Affaires mondiales Canada;2023-2024_126_2466
11256;2023-2024;SRV03240;Speechwriting;Rédaction de discours;8507;3 to 5 min /6-10 min speec,  Recorded video speech : Between 5 to 10 business days;"Discours 3-5 min; Discours 6 to 10 min; Discours enregistré sur vidéo; entre 5 à 10 jours ouvrables";ACY;;PERSON;;;;;;;;Tool to track volumes in development.;Outil de suivi des volumes en cours de développement.;;Not published on the web;Non publié sur le web;Not applicable;Non applicable;dfatd-maecd;126.0;Global Affairs Canada;Affaires mondiales Canada;2023-2024_126_SRV03240
11258;2023-2024;SRV03197;Vetting;Vérification;8508;Turn around time is 2 hours. Quality Standard up to 100%;Le temps de retournement est de 2 heures. Norme de qualité jusqu'à 100 %;ACY;;EML;;;;1.0;1026.0;1026.0;1.0;;;Y;Not published on the web;Non publié sur le web;Not applicable;Non applicable;dfatd-maecd;126.0;Global Affairs Canada;Affaires mondiales Canada;2023-2024_126_SRV03197
11259;2023-2024;SRV03144;Strategic communications;Communications stratégiques;8758;Comm recommendations memos/TB Sub;Conseils de communication pour mémos et soumission au CT;ACY;;EML;;;;;;;;;;;Not published on the web;Non publié sur le web;Not applicable;Non applicable;dfatd-maecd;126.0;Global Affairs Canada;Affaires mondiales Canada;2023-2024_126_SRV03144
11261;2023-2024;SRV03066;Dispute resolution on Canadian business operations abroad;Résolution des litiges concernant les activités des entreprises canadiennes à l'étranger;8759;Acknowledgement of complaint within 10 working days.;Accusé de réception de la plainte dans les 10 jours ouvrables.;TML;;EML;;;;0.8;;;;;;;Not published on the web;Non publié sur le web;Not applicable;Non applicable;dfatd-maecd;126.0;Global Affairs Canada;Affaires mondiales Canada;2023-2024_126_SRV03066
11262;2023-2024;SRV03066;Dispute resolution on Canadian business operations abroad;Résolution des litiges concernant les activités des entreprises canadiennes à l'étranger;8760;Complete the intake (decision if com plaint is admissible) within 30 working days.;Compléter l’admission (décision si la plainte est recevable) dans les 30 jours ouvrables.;TML;;EML;;;;0.8;;9.0;;Tool to track volumes in development.;Outil de suivi des volumes en cours de développement.;;Not published on the web;Non publié sur le web;Not applicable;Non applicable;dfatd-maecd;126.0;Global Affairs Canada;Affaires mondiales Canada;2023-2024_126_SRV03066
11263;2023-2024;SRV03066;Dispute resolution on Canadian business operations abroad;Résolution des litiges concernant les activités des entreprises canadiennes à l'étranger;8761;Complete the Initial Assessment within 90 working days.;Terminer l’évaluation initiale dans un délai de 90 jours ouvrables.;TML;;EML;;;;0.8;;2.0;;;;;Not published on the web;Non publié sur le web;Not applicable;Non applicable;dfatd-maecd;126.0;Global Affairs Canada;Affaires mondiales Canada;2023-2024_126_SRV03066
11266;2023-2024;SRV03204;Training: Governance, Access, Technical Security and Espionage (GATE);Formation : Gouvernance, accès, sécurité technique et espionnage (GATE);8762;HQ 26+ sessions per year, Mission 2 visits (12 sessions) per year;QG 26+ séances par année, Mission 2 visites (12 séances) par année;ACS;;EML;;;;1.0;;;;;;;Not published on the web;Non publié sur le web;Not applicable;Non applicable;dfatd-maecd;126.0;Global Affairs Canada;Affaires mondiales Canada;2023-2024_126_SRV03204
11268;2023-2024;SRV03336;Enterprise Architecture;Architecture d'Entreprise;8763;Strategic Enterprise Architecture Reviews (SEAR) - 2 weeks.;Examen stratégiques de l’architecture d’entreprise (ESAE) - 2 semaines.;TML;;EML;;;;0.8;10.0;10.0;1.0;;;Y;Not published on the web;Non publié sur le web;Not applicable;Non applicable;dfatd-maecd;126.0;Global Affairs Canada;Affaires mondiales Canada;2023-2024_126_SRV03336
11269;2023-2024;SRV03336;Enterprise Architecture;Architecture d'Entreprise;8764;Enterprise Architecture review  8 weeks.;Examen de l’architecture d’entreprise 8 semaines;TML;;EML;;;;0.8;12.0;12.0;1.0;;;Y;Not published on the web;Non publié sur le web;Not applicable;Non applicable;dfatd-maecd;126.0;Global Affairs Canada;Affaires mondiales Canada;2023-2024_126_SRV03336
11270;2023-2024;SRV03336;Enterprise Architecture;Architecture d'Entreprise;8765;Standards development/review - 3 months;Élaboration et examen des normes - 3 mois;TML;;EML;;;;0.8;1.0;1.0;1.0;;;Y;Not published on the web;Non publié sur le web;Not applicable;Non applicable;dfatd-maecd;126.0;Global Affairs Canada;Affaires mondiales Canada;2023-2024_126_SRV03336
11307;2023-2024;3629;Drug Submission Evaluations of Human Pharmaceuticals;Évaluation des présentations de médicaments pharmaceutiques à usage humain;8613;Permission to market (product approval) health products: service delivery standards to reach first decision outlined as time in average calendar days (varies by submission).;Permission de commercialisation (approbation de produit) produits pharmaceutiques : la norme de prestation de service pour rendre une première décision est une durée moyenne en jours civils (variable en fonction de la soumission).;TML;;OTH;Channel: Other was selected because this service is a consolidation of different types of applications for different products and in some cases, implies different channels between products, and/or more than one for each product.;Mode de prestation: Autre fut sélectionné puisque ce service est une consolidation de différents type de soumissions pour différent produits et de ce fait, implique dans certains cas, différent modes de prestation entre les produits, et/ou plus d'un pour chacun des produits.;;0.9;2126.0;2178.0;0.9761;"1. Total Volume is the number of decisions completed. 
2. Submissions include NDS, NDS-CV, SNDS, ANDS, SANDS, DINA but do not include Administrative submissions.";"1. Le volume totale est le nombre de décisions traitées.
2. Les soumissions comprennent PDN, PDN-CV, SPDN, PADN, SPADN, DDIN mais ne comprennent pas les soumissions administratives.";Y;https://www.canada.ca/en/health-canada/corporate/about-health-canada/legislation-guidelines/acts-regulations/service-standards-high-volume-regulatory-authorizations/2022-2023/submission-evaluations-pharmaceuticals-biologic-products-food-drug.html;https://www.canada.ca/fr/sante-canada/organisation/a-propos-sante-canada/legislation-lignes-directrices/lois-reglements/normes-service-autorisations-reglementaires-demande-elevee/2022-2023/evaluation-presentations-medicaments-produits-pharmaceutiques-biologiques-termes-aliments-drogue.html;Not applicable;Not applicable;hc-sc;127.0;Health Canada;Santé Canada;2023-2024_127_3629
11308;2023-2024;3630;Drug Submission Evaluations of Biologic Products;Évaluation des présentations de médicaments biologiques;8614;Permission to market (product approval) health products: service delivery standards to reach first decision outlined as time in average calendar days (varies by submission).;Permission de commercialisation (approbation de produit) produits pharmaceutiques : la norme de prestation de service pour rendre une première décision est une durée moyenne en jours civils (variable en fonction de la soumission).;TML;;OTH;Channel: Other was selected because this service is a consolidation of different types of applications for different products and in some cases, implies different channels between products, and/or more than one for each product.;Mode de prestation: Autre fut sélectionné puisque ce service est une consolidation de différents type de soumissions pour différent produits et de ce fait, implique dans certains cas, différent modes de prestation entre les produits, et/ou plus d'un pour chacun des produits.;;0.9;332.0;336.0;0.9881;"1. Total Volume is the number of decisions completed.
2. Submissions include NDS, NDS-CV, SNDS, SNDS-C, DINB but do not include administrative submissions.";"1. Le volume totale est le nombre de décisions traitées.
2. Les soumissions comprennent PDN, PDN-CV, SPDN, SPDN-C, DDIN-PB mais ne comprennent pas les soumissions administratives.";Y;https://www.canada.ca/en/health-canada/corporate/about-health-canada/legislation-guidelines/acts-regulations/service-standards-high-volume-regulatory-authorizations/2022-2023/submission-evaluations-pharmaceuticals-biologic-products-food-drug.html;https://www.canada.ca/fr/sante-canada/organisation/a-propos-sante-canada/legislation-lignes-directrices/lois-reglements/normes-service-autorisations-reglementaires-demande-elevee/2022-2023/evaluation-presentations-medicaments-produits-pharmaceutiques-biologiques-termes-aliments-drogue.html;Not applicable;Not applicable;hc-sc;127.0;Health Canada;Santé Canada;2023-2024_127_3630
11309;2023-2024;3631;Drug Submission Evaluations of Veterinary Pharmaceuticals and Veterinary Health Products;Évaluation des présentations de médicaments vétérinaires pharmaceutiques et des produits de santé animale;8615;Permission to market (product approval) health products: service delivery standards to reach first decision outlined as time in average calendar days (varies by submission).;Permission de commercialisation (approbation de produit) produits pharmaceutiques : la norme de prestation de service pour rendre une première décision est une durée moyenne en jours civils (variable en fonction de la soumission).;TML;;OTH;Channel: Other was selected because this service is a consolidation of different types of applications for different products and in some cases, implies different channels between products, and/or more than one for each product.;Mode de prestation: Autre fut sélectionné puisque ce service est une consolidation de différents type de soumissions pour différent produits et de ce fait, implique dans certains cas, différent modes de prestation entre les produits, et/ou plus d'un pour chacun des produits.;;0.9;1350.0;1350.0;1.0;Total Volume is the number of decisions completed.;Le volume totale est le nombre de décisions traitées.;Y;https://www.canada.ca/en/health-canada/corporate/about-health-canada/legislation-guidelines/acts-regulations/service-standards-high-volume-regulatory-authorizations/service-standards-veterinary-drug-submission-evaluations-under-food-drug-regulations.html;https://www.canada.ca/fr/sante-canada/organisation/a-propos-sante-canada/legislation-lignes-directrices/lois-reglements/normes-service-autorisations-reglementaires-demande-elevee/norme-service-evaluation-presentations-medicaments-veterinaires-vertu-reglement-aliments-drogues.html;Not applicable;Not applicable;hc-sc;127.0;Health Canada;Santé Canada;2023-2024_127_3631
11310;2023-2024;3632;Medical Device Submission Evaluations;Évaluation des demandes d'instruments médicaux;8616;Permission to market (product approval) health products: service delivery standards to reach first decision outlined as time in average calendar days (varies by submission).;Permission de commercialisation (approbation de produit) produits de santé : la norme de prestation de service pour rendre une première décision est une durée moyenne en jours civils (variable en fonction de la soumission).;TML;;OTH;Channel: Other was selected because this service is a consolidation of different types of applications for different products and in some cases, implies different channels between products, and/or more than one for each product.;Mode de prestation: Autre fut sélectionné puisque ce service est une consolidation de différents type de soumissions pour différent produits et de ce fait, implique dans certains cas, différent modes de prestation entre les produits, et/ou plus d'un pour chacun des produits.;;1.0;4145.0;4188.0;0.9897;Total Volume is the number of decisions completed.;Le volume totale est le nombre de décisions traitées.;N;https://www.canada.ca/en/health-canada/corporate/about-health-canada/legislation-guidelines/acts-regulations/service-standards-high-volume-regulatory-authorizations/2022-2023/medical-device-submission-evaluations.html;https://www.canada.ca/fr/sante-canada/organisation/a-propos-sante-canada/legislation-lignes-directrices/lois-reglements/normes-service-autorisations-reglementaires-demande-elevee/2022-2023/evaluation-homologation-instruments-medicaux-termes.html;Not applicable;Not applicable;hc-sc;127.0;Health Canada;Santé Canada;2023-2024_127_3632
11311;2023-2024;3635;Natural Health Product Application Reviews;Évaluation des applications de produits de santé naturels;8617;Permission to market (product approval) natural health products: issuance of a decision to the applicant within a specified # of calendar days of receiving an application (varies by submission type).;Permission de commercialisation (approbation de produit) produits de santé naturels : communication d'une décision au demandeur dans le nombre de jours civils précisé suivant la réception de la demande (variable en fonction du type de soumission).;TML;;OTH;Service is delivered via a mix of channels. Given the same criteria (i.e. product/submission type), a standard is not impacted by the delivery channel and therefore remains the same.;Le service est offert de différentes façons. Étant donné que le critère est le même (c.-à-d. produit ou voie de présentation), le mode de prestation n'a aucune incidence sur la norme et celle-ci reste donc la même.;;0.9;6771.0;7961.0;0.8505;Total Volume is the number of decisions completed.;Le volume totale est le nombre de décisions traitées.;N;https://www.canada.ca/en/health-canada/corporate/about-health-canada/legislation-guidelines/acts-regulations/service-standards-high-volume-regulatory-authorizations/2022-2023/natural-health-product-application-reviews.html;https://www.canada.ca/fr/sante-canada/organisation/a-propos-sante-canada/legislation-lignes-directrices/lois-reglements/normes-service-autorisations-reglementaires-demande-elevee/2022-2023/evaluation-demandes-relatives-produits-sante-naturels-termes.html;Not applicable;Not applicable;hc-sc;127.0;Health Canada;Santé Canada;2023-2024_127_3635
11312;2023-2024;3636;Natural Health Product Site Licence Application Reviews;Évaluation des applications de licence des sites de produits de santé naturels;8618;Permission to operate (site license) natural health products: issuance of a licensing decision within the specified service delivery standards # of days (varies by submission type).;Permission d'exploitation (licence d'établissement) produits de santé naturels: communication d'une décision de licence suivant la norme de service en nombre de jours précisé (variable en fonction du type de soumission).;TML;;OTH;Service is delivered via a mix of channels. Given the same criteria (i.e. product/submission type), a standard is not impacted by the delivery channel and therefore remains the same.;Le service est offert de différentes façons. Étant donné que le critère est le même (c.-à-d. produit ou voie de présentation), le mode de prestation n'a aucune incidence sur la norme et celle-ci reste donc la même.;;0.9;112.0;199.0;0.5628;Total Volume is the number of decisions completed.;Le volume totale est le nombre de décisions traitées.;N;https://www.canada.ca/en/health-canada/corporate/about-health-canada/legislation-guidelines/acts-regulations/service-standards-high-volume-regulatory-authorizations/2022-2023/site-licence-application-review-natural-health-products.html;https://www.canada.ca/fr/sante-canada/organisation/a-propos-sante-canada/legislation-lignes-directrices/lois-reglements/normes-service-autorisations-reglementaires-demande-elevee/2022-2023/examen-demandes-licences-site-vertu-produits-naturels.html;Not applicable;Not applicable;hc-sc;127.0;Health Canada;Santé Canada;2023-2024_127_3636
11393;2023-2024;2571;Policy Dialogue Program;Programme de dialogue sur les politiques;8393;Time for processing grants: 5 working days (WD);Délai pour le traitement des subventions : 5 jours ouvrables (JO);TML;;EML;;;;0.95;8.0;8.0;1.0;;;Y;;;;;iaac-aeic;63.0;Impact Assessment Agency of Canada;Agence d'évaluation d'impact du Canada;2023-2024_63_2571
11395;2023-2024;2572;Projects subject to federal assessment under the IAA;Projets assujettis à l'évaluation fédérale en vertu de la Loi sur l'évaluation d’impact (LEI);8394;The impact statement phase must be completed within three years from the date of the notice of commencement. Upon request from the Proponent, IAAC may extend the timeline.;La phase de l'étude d'impact doit être achevée dans les trois ans suivant la date de publication de l'avis de début de l’évaluation d’impact. À la demande du promoteur, l'AEIC peut prolonger ce délai.;OTH;;OTH;Services are provided by IAAC for the conduct of the IA in accordance with the legislated timelines (or environmental assessments of projects still subject to CEAA 2012). There is no specific service standard type due to the uniqueness of each project, and the channel for delivery of the service can occur by multiple means, including submissions by participants by mail, fax, telephone, in-person email, or online. Comments received are considered by IAAC in the context of the overall assessment of effects rather than responded to directly.;Les services sont fournis par l’AEIC pour la tenue d’une évaluation d’impact conformément aux délais prescrits (ou une évaluation environnementale pour les projets encore assujettis à la LCEE 2012). Il n’y a pas de norme de service type en raison du caractère unique de chaque projet, et le canal de prestation du service peut prendre plusieurs formes, y compris les mémoires des participants transmis par courrier, télécopieur, téléphone, courriel ou en ligne ou déposés en personne. L’AEIC prend en compte les commentaires reçus dans le contexte de l’évaluation globale des effets, plutôt que d’y répondre directement.;;1.0;2.0;2.0;1.0;Two projects started the impact statement phase and were terminated during 2023-2024.;Deux projets ont entamé la phase de l'étude d'impact et ont pris fin en 2023-2024.;Y;https://www.canada.ca/en/impact-assessment-agency/services/policy-guidance/impact-assessment-process-overview/phase2.html;https://www.canada.ca/fr/agence-evaluation-impact/services/politiques-et-orientation/presenter-demande-evaluation-regionale-strategique-loi-ei.html;https://iaac-aeic.gc.ca/050/evaluations?culture=en-CA;https://iaac-aeic.gc.ca/050/evaluations?culture=fr-CA;iaac-aeic;63.0;Impact Assessment Agency of Canada;Agence d'évaluation d'impact du Canada;2023-2024_63_2572
11396;2023-2024;2572;Projects subject to federal assessment under the IAA;Projets assujettis à l'évaluation fédérale en vertu de la Loi sur l'évaluation d’impact (LEI);8395;An impact assessment by IAAC must be completed within 300 days and an impact assessment by a review panel must be completed within 300-600 days.;Une évaluation d’impact effectuée par l’AEIC doit être terminée dans un de délai de 300 jours et une évaluation d’impact effectuée par une commission d’examen doit être terminée dans un délai de 300 à 600 jours.;OTH;;OTH;Services are provided by IAAC for the conduct of the IA in accordance with the legislated timelines (or environmental assessments of projects still subject to CEAA 2012). There is no specific service standard type due to the uniqueness of each project, and the channel for delivery of the service can occur by multiple means, including submissions by participants by mail, fax, telephone, in-person email, or online. Comments received are considered by IAAC in the context of the overall assessment of effects rather than responded to directly.;Les services sont fournis par l’AEIC pour la tenue d’une évaluation d’impact conformément aux délais prescrits (ou une évaluation environnementale pour les projets encore assujettis à la LCEE 2012). Il n’y a pas de norme de service type en raison du caractère unique de chaque projet, et le canal de prestation du service peut prendre plusieurs formes, y compris les mémoires des participants transmis par courrier, télécopieur, téléphone, courriel ou en ligne ou déposés en personne. L’AEIC prend en compte les commentaires reçus dans le contexte de l’évaluation globale des effets, plutôt que d’y répondre directement.;;1.0;0.0;0.0;;No projects subject to the Impact Assessment Act completed the impact assessment phase in 2023-2024.;Aucun projet assujetti à la Loi sur l'évaluation d’impact n'a achevé la phase de d’évaluation d’impact en 2023-2024.;;https://www.canada.ca/en/impact-assessment-agency/services/policy-guidance/requesting-regional-strategic-assessment-iaa.html;https://www.canada.ca/fr/agence-evaluation-impact/services/politiques-et-orientation/presenter-demande-evaluation-regionale-strategique-loi-ei.html;;;iaac-aeic;63.0;Impact Assessment Agency of Canada;Agence d'évaluation d'impact du Canada;2023-2024_63_2572
11397;2023-2024;2572;Projects subject to federal assessment under the IAA;Projets assujettis à l'évaluation fédérale en vertu de la Loi sur l'évaluation d’impact (LEI);8396;The decision-making phase must be completed in 30 days or 90 days, depending on whether the public interest determination is made by the Minister of Environment and Climate Change, or Governor in council. When the Minister makes the public interest determination, the Decision Statement must be issue;Prise de décision doit être achevée dans un délai de 30 jours ou de 90 jours, selon que la détermination d'intérêt public est prise par le ministre de l'environnement et du changement climatique ou par le gouverneur en conseil. Lorsque le ministre effectue la détermination de l'intérêt public, la déclaration de décision doit être publiée au plus tard 30 jours après la publication du rapport d'éval;OTH;;OTH;Services are provided by IAAC for the conduct of the IA in accordance with the legislated timelines (or environmental assessments of projects still subject to CEAA 2012). There is no specific service standard type due to the uniqueness of each project, and the channel for delivery of the service can occur by multiple means, including submissions by participants by mail, fax, telephone, in-person email, or online. Comments received are considered by IAAC in the context of the overall assessment of effects rather than responded to directly.;Les services sont fournis par l’AEIC pour la tenue d’une évaluation d’impact conformément aux délais prescrits (ou une évaluation environnementale pour les projets encore assujettis à la LCEE 2012). Il n’y a pas de norme de service type en raison du caractère unique de chaque projet, et le canal de prestation du service peut prendre plusieurs formes, y compris les mémoires des participants transmis par courrier, télécopieur, téléphone, courriel ou en ligne ou déposés en personne. L’AEIC prend en compte les commentaires reçus dans le contexte de l’évaluation globale des effets, plutôt que d’y répondre directement.;;1.0;0.0;0.0;;No projects subject to the Impact Assessment Act completed the decision-making phase in 2023-2024.;Aucun projet assujetti à la Loi sur l'évaluation d’impact n'a achevé la phase de la prise de décision en 2023-2024.;;https://www.canada.ca/en/impact-assessment-agency/services/policy-guidance/impact-assessment-process-overview/phase4.html;https://www.canada.ca/fr/agence-evaluation-impact/services/politiques-et-orientation/apercu-du-processus-devaluation-dimpact/phase2.html;;;iaac-aeic;63.0;Impact Assessment Agency of Canada;Agence d'évaluation d'impact du Canada;2023-2024_63_2572
11401;2023-2024;2573;Research Program;Porgramme de recherche;8397;Time to process grants: 5 working days (WD);Délai pour le traitement des subventions : 5 jours ouvrables (JO);TML;;EML;;;;0.95;9.0;9.0;1.0;;;Y;;;;;iaac-aeic;63.0;Impact Assessment Agency of Canada;Agence d'évaluation d'impact du Canada;2023-2024_63_2573
11413;2023-2024;1778;Supplementary Health Benefits - Direct Service Delivery;Prestations de santé supplémentaires – Prestation directe de services.;STAN005504;The NIHB Program aims to have dental predeterminations adjudicated within 15 business days, 80 percent of the time, under normal circumstances.;Le Programme des SSNA vise à ce que les prédéterminations dentaires soient jugées dans un délai de 15 jours ouvrables, 80 % du temps, dans des circonstances normales.;TML;;OTH;Online portal, phone, postal mail and fax. We are not able to provide a break down by channel.;Portail en ligne, téléphone, courrier postal et fax. Nous ne sommes pas en mesure de fournir une ventilation par canal.;;0.8;136328.0;139111.0;0.98;"Dental Predetermination requests can be submitted to the program via post (mail) and secure fax.  
Dental Predetermination confirmations are sent by post (mail) and/or fax. The NIHB Program processed more than 3.6 Million dental claims via the third-party claims processing system in 2023/2024.  While the majority of claims are automatically adjudicated by the system, a very small number required pre-approval (""pre-determination"") by the NIHB Dental Predetermination Centre to confirm they met coverage criteria before the claim could be processed.   98% of the requests for pre-determination were adjudicated within 15 days in the 2023/24 fiscal year.";Les confirmations de prédétermination dentaire sont envoyées par courrier (courrier) et/ou fax. Le Programme des SSNA a traité plus de 3,6 millions de demandes de règlement pour soins dentaires via le système de traitement des demandes de tiers en 2023-2024. Même si la majorité des demandes sont automatiquement évaluées par le système, un très petit nombre d'entre elles ont nécessité une approbation préalable (« prédétermination ») par le Centre de prédétermination dentaire des SSNA pour confirmer qu'elles satisfaisaient aux critères de couverture avant que la demande puisse être traitée. 98 % des demandes de prédétermination ont été jugées dans les 15 jours au cours de l’exercice 2023-2024.;Y;https://N.A.;https://S/O;;;isc-sac;348.0;Department of Indigenous Services;Ministère des Services aux Autochtones;2023-2024_348_1778
11414;2023-2024;1778;Supplementary Health Benefits - Direct Service Delivery;Prestations de santé supplémentaires – Prestation directe de services.;STAN005505;The Drug Exception Centre (DEC) service standard is to respond to providers for requests for medication requiring prior approval within 24 hours from the time they receive the completed documentation.;La norme de service du Centre des exceptions pour médicaments (CEM) est de répondre aux fournisseurs de demandes de médicaments nécessitant une approbation préalable dans les 24 heures suivant la réception de la documentation remplie.;TML;;OTH;Online portal, phone, postal mail and fax. We are not able to provide a break down by channel.;Portail en ligne, téléphone, courrier postal et fax. Nous ne sommes pas en mesure de fournir une ventilation par canal.;;1.0;73087.0;73871.0;0.9894;"The NIHB Program processed close to 29.3 million pharmacy claims via the third-party claims processing system in 2023/2024.  While a vast majority of these claims were automatically adjudicated by the system, a very small number of claims required pre-approval (""prior-approval"") by the NIHB Drug Exception Centre to confirm they met coverage critiera before they could be processed.                                                                                                                          
99% of all prior approval requests were adjudicated within 24 hours of receipt of compete documentation.  The Program fell short of its service standard for 2% of prior approval requests due to power outages, connectivity and system performance challenges.";"Le Programme des SSNA a traité environ 29.3 millions de demandes de règlement pharmaceutique via le système de traitement des demandes de tiers en 2023-2024. Même si la grande majorité de ces demandes ont été automatiquement évaluées par le système, un très petit nombre de demandes ont nécessité une approbation préalable (« approbation préalable ») du Centre des exceptions pour médicaments des SSNA afin de confirmer qu'elles répondaient aux critères de couverture avant de pouvoir être traitées.
99 % de toutes les demandes d'approbation préalable ont été traitées dans les 24 heures suivant la réception des documents de compétition. Le Programme n'a pas respecté sa norme de service pour 2 % des demandes d'approbation préalables en raison de pannes de courant, de problèmes de connectivité et de performances du système.";N;https://N.A.;https://S/O;;;isc-sac;348.0;Department of Indigenous Services;Ministère des Services aux Autochtones;2023-2024_348_1778
11415;2023-2024;1778;Supplementary Health Benefits - Direct Service Delivery;Prestations de santé supplémentaires – Prestation directe de services.;STAN005506;The Medical Supplies and Equipment Review Centre service standard is two days for urgent requests and eight days for regular requests. ;La norme de service du Centre d’examen des fournitures et de l’équipement médicaux est de deux jours pour les demandes urgentes et de huit jours pour les demandes régulières.;TML;;OTH;;;;1.0;18245.0;25333.0;0.7202;Requests from regional offices via adjudication system.  The NIHB Program processed approximately 623K medical supplies and equipment claims via the third-party claims processing system in 2023/2024.  More than half of these claims were automatically adjudicated by the claims processing system, while the rest required prior approval to confirm they met coverage criteria before they could be processed.                                                                                                  While most prior approval requests are adjudicated in regional offices, complex cases are referred to the Medical Supplies and Equipment Review Centre for recommendation.  Of these complex cases, 75% of urgent prior approval requests were reviewed within the two-day service standard, and 67% of non-urgent prior approval requests were reviewed within the eight-day standard.   The service standard target was not met due to a significant increase in prior approval request volume between 2021/22 and 2023/2024 (an approximate increase of 10%), as well as an increasing complexity of requests due to external health care system trends.;Demandes des bureaux régionaux via le système d'arbitrage. Le Programme des SSNA a traité environs  623,000 demandes de fournitures et d'équipement médicaux via le système de traitement des demandes de tiers en 2023-2024. Plus de la moitié de ces demandes ont été automatiquement évaluées par le système de traitement des demandes, tandis que le reste nécessitait une approbation préalable pour confirmer qu'elles répondaient aux critères de couverture avant de pouvoir être traitées. Même si la plupart des demandes d'approbation préalable sont traitées dans les bureaux régionaux, les cas complexes sont renvoyés au Centre d'examen des fournitures et équipements médicaux pour recommandation. Parmi ces cas complexes, 75 % des demandes d'approbation préalable urgentes ont été examinées dans le délai standard de service de deux jours, et 67 % des demandes d'approbation préalable non urgentes ont été examinées dans le délai de huit jours. L'objectif de norme de service n'a pas été atteint en raison d'une augmentation significative du volume de demandes d'approbation préalable entre 2021-2022 et 2023-2024 (une augmentation d’environ 10 %), ainsi que d'une complexité croissante des demandes en raison des tendances externes du système de santé.;N;https://N.A.;https://S/O;;;isc-sac;348.0;Department of Indigenous Services;Ministère des Services aux Autochtones;2023-2024_348_1778
11418;2023-2024;1804;Jordan's Principle: Direct Service Delivery;Principe de Jordan: Prestation directe de services;STAN005885;Approved funding/reimbursement to individuals, families and vendors for approved products, services and supports must be processed within 15 business days.;Le financement/remboursement approuvé aux particuliers, aux familles et aux fournisseurs pour les produits, services et soutiens approuvés doit être traité dans les 15 jours ouvrables.;TML;;OTH;;;;1.0;13378.0;49486.0;0.2703;"Jordan's Principle service standards have been defined by the CHRT Orders.
Jordan's Principle has one standard (15 days) for the reimbursement of approved products, services and supports, as dictated by policy and agreed upon with partners, upon the approval of the requested products, services and supports. Jordan's Principle is a demand-driven initiative that has experienced exponential growth far exceeding expectations and the capacity to keep up with the expanding demand.";Les normes de service du principe de Jordan ont été définies par les ordonnances du TCDP. Le principe de Jordan dispose d'une norme (15 jours) pour le remboursement des produits, services et soutiens approuvés, comme le prévoit la politique et convenu avec les partenaires, dès l'approbation des produits, services et soutiens demandés. Le Principe de Jordan est une initiative axée sur la demande qui a connu une croissance exponentielle dépassant de loin les attentes et la capacité de répondre à la demande croissante.;N;https://N.A.;https://S/O;;;isc-sac;348.0;Department of Indigenous Services;Ministère des Services aux Autochtones;2023-2024_348_1804
11419;2023-2024;1805;Jordan's Principle: Funds for Coordination under Canadian Human Rights Tribunal (CHRT 41);Principe de Jordan :Fonds de coordination pour le Tribunal canadien des droits de la personne (TCDP 41);STAN005332;"Funding for eligible requests to support existing delivery of Jordan’s Principle services to First Nations children on-reserve in a province, NWT and Yukon; as well as funding for capital needs assessments and feasibility studies for projects off-reserve anywhere in Canada within 30 business-days.";"Financement des demandes admissibles afin de soutenir la prestation actuelle des services du principe de Jordan pour les  enfants des Premières Nations dans les réserves d’une province , les Territoires du nord-ouest et le Yukon ; ainsi que des évaluations des besoins en immobilisation et des études de faisabilité pour des projets hors réserve partout au Canada dans un délai de 30 jours ouvrables.";TML;;ONL;;;;1.0;204.0;204.0;1.0;"This is an additional service standard for Jordan's Principle Coordination that was added in November 2021 as part of the new Canadian Human Rights Tribunal -(CHRT)  41 order
The CHRT 41 Coordination Team will process funding for eligible requests. In scenarios where a project requires additional information from the requestor or if deemed complex, the clock will be stopped and the requestor will be notified in writing on the rationale for needing additional time.  163 requests occurred during this period of time, and 100% met the requirements of the Order. The Order allows for a decision within 30 business days of the receipt of the request on a phase by phase approach. Requests can be paused if there is missing information required in order for a decision to be rendered.";"Il s’agit d’une norme de service supplémentaire pour la coordination des principes de Jordan qui a été ajoutée en novembre 2021 dans le cadre de la nouvelle ordonnance 41 du Tribunal canadien des droits de la personne (TCDP).  L'équipe de coordination du Tribunal canadien des droits de la personne (TCDP) Ordonnance 41, traitera le financement des demandes admissibles. Dans les scénarios où un projet nécessite des informations supplémentaires de la part du demandeur ou s'il est jugé complexe, le chronomètre sera arrêté et le demandeur sera informé par écrit de la justification du besoin de temps supplémentaire.
63 demandes ont eu lieu au cours de cette période et 100 % répondaient aux exigences de l'ordonnance. L'Ordre permet de prendre une décision dans les 30 jours ouvrables suivant la réception de la demande selon une approche étape par étape. Les demandes peuvent être suspendues s’il manque des informations requises pour qu’une décision soit rendue.";Y;https://N.A.;https://S/O;;;isc-sac;348.0;Department of Indigenous Services;Ministère des Services aux Autochtones;2023-2024_348_1805
11421;2023-2024;SRV03382;Inuit Child First Initiative: Direct Service Delivery;L'Initiative : Les enfants inuits d'abord : Prestation directe de services;8644;Non-urgent INDIVIDUAL requests to Inuit Child First Initiative are to be processed in 48 hours. More complicated requests must also fall within this timeline.;Les demandes individelles non urgentes a l’Initiative: les enl’Initiative: les enfants Inuits d’abord doivent être traitées dans les 48 heures. Les demandes plus complexes doivent également respecter ces délais.;TML;;OTH;;;;1.0;4288.0;11367.0;0.3772;"Inuit Child First Initiative service standards follow those of Jordan's Principle.
This service standard applies to non-urgent individual requests (48 hours). 
Inuit Child First Initiative is a demand-driven initiative that has experienced exponential growth far exceeding expectations and the capacity to keep up with the expanding demand.";"Les normes de service de l’Initiative: les enfants Inuits d’abord suivent celles du principe de Jordan.
Cette norme de service s'applique aux demandes individuelles non urgentes (48 heures).
L’Initiative: les enfants Inuits d’abord est une initiative axée sur la demande qui a connu une croissance exponentielle dépassant de loin les attentes et la capacité de répondre à la demande croissante.";N;https://N.A.;https://S/O;;;isc-sac;348.0;Department of Indigenous Services;Ministère des Services aux Autochtones;2023-2024_348_SRV03382
11422;2023-2024;SRV03382;Inuit Child First Initiative: Direct Service Delivery;L'Initiative : Les enfants inuits d'abord : Prestation directe de services;8645;Non-urgent GROUP requests to Inuit Child First Initiative are to be processed in 7 days. More complicated requests must also fall within this timeline.;Les demandes de groupe non urgentes a l’Initiative: les enl’Initiative: les enfants Inuits d’abord doivent être traitées dans les 7 jours. Les demandes plus complexes doivent également respecter ces délais.;TML;;OTH;;;;1.0;257.0;401.0;0.6409;"Inuit Child First Initiative service standards follow those of Jordan's Principle. 
This service standard applies to non-urgent group requests (7 days).
Inuit Child First Initiative is a demand-driven initiative that has experienced exponential growth far exceeding expectations and the capacity to keep up with the expanding demand.";"Les normes de service de l’Initiative: les enfants Inuits d’abord suivent celles du principe de Jordan.
Cette norme de service s'applique aux demandes de groupe non urgentes (7 jours). 
L’Initiative: les enfants Inuits d’abord est une initiative axée sur la demande qui a connu une croissance exponentielle dépassant de loin les attentes et la capacité de répondre à la demande croissante.";N;https://N.A.;https://S/O;;;isc-sac;348.0;Department of Indigenous Services;Ministère des Services aux Autochtones;2023-2024_348_SRV03382
11423;2023-2024;SRV03382;Inuit Child First Initiative: Direct Service Delivery;L'Initiative : Les enfants inuits d'abord : Prestation directe de services;8646;Urgent GROUP requests to Inuit Child First Initiative are to be processed within 48 hours. More complicated requests must also fall within this timeline.;Les demandes de groupe urgentes a l’Initiative: les enl’Initiative: les enfants Inuits d’abord doivent être traitées dans les 48 heures. Les demandes plus complexes doivent également respecter ces délais.;TML;;OTH;;;;1.0;16.0;36.0;0.4444;"Inuit Child First Initiative service standards follow those of Jordan's Principle.
This service standard applies to urgent group requests (48 hours).
Inuit Child First Initiative is a demand-driven initiative that has experienced exponential growth far exceeding expectations and the capacity to keep up with the expanding demand.";"Les normes de service de l’Initiative: les enfants Inuits d’abord suivent celles du principe de Jordan.
Cette norme de service s'applique aux demandes de groupe urgentes (48 heures). L’Initiative: les enfants Inuits d’abord est une initiative axée sur la demande qui a connu une croissance exponentielle dépassant de loin les attentes et la capacité de répondre à la demande croissante.";N;https://N.A.;https://S/O;;;isc-sac;348.0;Department of Indigenous Services;Ministère des Services aux Autochtones;2023-2024_348_SRV03382
11424;2023-2024;1804;Jordan's Principle: Direct Service Delivery;Principe de Jordan: Prestation directe de services;8647;Non-urgent INDIVIDUAL requests to Jordan's Principle are to be processed within 48 hours. More complicated requests must also fall within this timeline.;Le Principe de Jordan prévoit une norme de service pour le traitement des demandes: 48 heures pour les demandes individuelles non urgentes.;TML;;OTH;;;;1.0;7568.0;33110.0;0.2286;"Jordan's Principle service standards have been defined by the CHRT Orders and are the same across all intake platforms. 
This service standard applies to non-urgent individual requests (48 hours).
Jordan's Principle is a demand-driven initiative that has experienced exponential growth far exceeding expectations and the capacity to keep up with the expanding demand.";"Les normes de service du principe de Jordan ont été définies par les ordonnances du TCDP et sont les mêmes sur toutes les plateformes d’admission. 
Cette norme de service s'applique aux demandes individuelles non urgentes (48 heures).Le Principe de Jordan est une initiative axée sur la demande qui a connu une croissance exponentielle dépassant de loin les attentes et la capacité de répondre à la demande croissante.";N;https://N.A.;https://S/O;;;isc-sac;348.0;Department of Indigenous Services;Ministère des Services aux Autochtones;2023-2024_348_1804
11425;2023-2024;1804;Jordan's Principle: Direct Service Delivery;Principe de Jordan: Prestation directe de services;8648;Urgent GROUP requests to Jordan's Principle are to be processed within 48 hours. More complicated requests must also fall within this timeline.;Le Principe de Jordan prévoit une norme de service pour le traitement des demandes: 48  heures pour les demandes de groupe urgentes.;TML;;OTH;;;;1.0;230.0;851.0;0.2703;"Jordan's Principle service standards have been defined by the CHRT Orders and are the same across all intake platforms. 
This service standard applies to urgent group requests (48 hours).
Jordan's Principle is a demand-driven initiative that has experienced exponential growth far exceeding expectations and the capacity to keep up with the expanding demand.";"Les normes de service du principe de Jordan ont été définies par les ordonnances du TCDP et sont les mêmes sur toutes les plateformes d’admission. 
Cette norme de service s'applique aux demandes de groupe urgentes (48 heures). Le Principe de Jordan est une initiative axée sur la demande qui a connu une croissance exponentielle dépassant de loin les attentes et la capacité de répondre à la demande croissante.";N;https://N.A.;https://S/O;;;isc-sac;348.0;Department of Indigenous Services;Ministère des Services aux Autochtones;2023-2024_348_1804
11426;2023-2024;1804;Jordan's Principle: Direct Service Delivery;Principe de Jordan: Prestation directe de services;8649;Non-urgent GROUP requests to Jordan's Principle are to be processed within 7 days. More complicated requests must also fall within this timeline.;Le Principe de Jordan prévoit une norme de service pour le traitement des demandes: 7 jours pour les demandes de groupe non urgentes.;TML;;OTH;;;;1.0;4461.0;10994.0;0.4058;"Jordan's Principle service standards have been defined by the CHRT Orders and are the same across all platforms. 
This service standard applies to non-urgent group requests (7 days).
Jordan's Principle is a demand-driven initiative that has experienced exponential growth far exceeding expectations and the capacity to keep up with the expanding demand.";"Les normes de service du principe de Jordan ont été définies par les ordonnances du TCDP et sont les mêmes sur toutes les plateformes d’admission. 
Cette norme de service s'applique aux demandes de groupe non urgentes (7 jours). Le Principe de Jordan est une initiative axée sur la demande qui a connu une croissance exponentielle dépassant de loin les attentes et la capacité de répondre à la demande croissante.";N;https://N.A.;https://S/O;;;isc-sac;348.0;Department of Indigenous Services;Ministère des Services aux Autochtones;2023-2024_348_1804
11429;2023-2024;1534;Social Media Responses to Public Enquiries;Réponses aux demandes de renseignements publiques dans les médias sociaux;STAN005333;Resolve enquiry within 2-3 business days and no more than 7 calendar days after receipt. For complex enquires, first response to users should be within 2-3 business days and no more than 7 calendar days after receipt. Resolution for complex enquires should be within 14 business days.;Résoudre la demande dans un délai de 2 à 3 jours ouvrables et pas plus de 7 jours calendaires après réception. Pour les demandes complexes, la première réponse aux utilisateurs doit être reçue dans un délai de 2 à 3 jours ouvrables et pas plus de 7 jours calendaires après réception. La résolution des demandes complexes doit être effectuée dans les 14 jours ouvrables.;TML;;ONL;;;;0.7;306.0;401.0;0.7631;While we strive to answer as many questions as possible, there are times when some may go unanswered due to various factors.;Bien que nous nous efforcions de répondre au plus grand nombre de questions possible, il arrive que certaines restent sans réponse en raison de divers facteurs.;Y;https://www.sac-isc.gc.ca/eng/1356706617517/1584296692683#chp5;https://www.sac-isc.gc.ca/fra/1356706617517/1584296692683#chp5;;;isc-sac;348.0;Department of Indigenous Services;Ministère des Services aux Autochtones;2023-2024_348_1534
11434;2023-2024;1221;Bankruptcy and Insolvency Records Search;Recherche de dossiers de faillite et d'insolvabilité;8519;Percentage of time the Insolvency Records Search online database is available for searches during the fiscal year.;Pourcentage de temps pendant laquelle la base de données en ligne de recherche de dossiers d’insolvabilité est disponible pour les recherches au cours de l’exercice.;ACS;;ONL;;;;0.97;8712.0;8760.0;0.9945;Over 90 per cent of Insolvency Record searches are completed online by users.;Plus de 90 % des demandes de recherche de dossiers d’insolvabilité sont effectuées en ligne par les utilisateurs.;Y;;S.O.;;S.O.;ic;130.0;Innovation, Science and Economic Development Canada;Innovation, Sciences et Développement économique Canada;2023-2024_130_1221
11439;2023-2024;1235;Incorporations;Incorporations;8521;Amendment: Online - 1 day;Modification: En ligne - 1 jour;TML;;ONL;;;;0.9;10356.0;11839.0;0.8747;For all Acts (CBCA, NFP and COOP).;Pour tous les lois (LCSA, Loi BNL et LCOOP).;N;https://www.ic.gc.ca/eic/site/cd-dgc.nsf/eng/cs06726.html;https://www.ic.gc.ca/eic/site/cd-dgc.nsf/fra/cs06726.html;https://ised-isde.canada.ca/site/corporations-canada/en/data-services/service-commitments;https://ised-isde.canada.ca/site/corporations-canada/fr/services-donnees/engagements-service;ic;130.0;Innovation, Science and Economic Development Canada;Innovation, Sciences et Développement économique Canada;2023-2024_130_1235
11440;2023-2024;1235;Incorporations;Incorporations;8522;Annual Return: Online - 1 day;Rapport Annuel: En ligne - 1 jour;TML;;ONL;;;;0.9;408314.0;408645.0;0.9992;For all Acts (CBCA, NFP and COOP).;Pour tous les lois (LCSA, Loi BNL et LCOOP).;Y;https://www.ic.gc.ca/eic/site/cd-dgc.nsf/eng/cs06726.html;https://www.ic.gc.ca/eic/site/cd-dgc.nsf/fra/cs06726.html;https://ised-isde.canada.ca/site/corporations-canada/en/data-services/service-commitments;https://ised-isde.canada.ca/site/corporations-canada/fr/services-donnees/engagements-service;ic;130.0;Innovation, Science and Economic Development Canada;Innovation, Sciences et Développement économique Canada;2023-2024_130_1235
11441;2023-2024;1235;Incorporations;Incorporations;8520;Nuans Corporate Name Search Report – Report generated within an average of 15 seconds.;Nuans Rapport de dénomination - Rapport généré dans un délai moyen de 15 secondes.;TML;;ONL;;;;1.0;273070.0;273070.0;1.0;The data received from CGI (third-party contractor hosting this service) indicates the monthly average time to generate reports after they are requested by clients, not the volume or percentage of requests that are generated within 15 seconds. As the Q1 data shows an average time of 4.39 seconds to generate reports, well under the 15 seconds target, we are considering that the service is performing at 100% of the assigned service standard target of 90%.;Les données reçues de CGI (le prestataire tiers hébergeant ce service) indiquent le temps moyen mensuel nécessaire pour générer les rapports après leur demande par les clients, et non le volume ou le pourcentage de demandes générées dans un délai de 15 secondes. Étant donné que les données du premier trimestre indiquent un temps moyen de 4.39 secondes pour générer les rapports, bien en dessous de l'objectif de 15 secondes, nous considérons que le service fonctionne à 100 % de l'objectif de service standard assigné de 90 %.;Y;http://www.ic.gc.ca/eic/site/cd-dgc.nsf/eng/cs06726.html#nuans;http://www.ic.gc.ca/eic/site/cd-dgc.nsf/fra/cs06726.html;https://ised-isde.canada.ca/site/corporations-canada/en/data-services/service-commitments;https://ised-isde.canada.ca/site/corporations-canada/fr/services-donnees/engagements-service;ic;130.0;Innovation, Science and Economic Development Canada;Innovation, Sciences et Développement économique Canada;2023-2024_130_1235
11597;2023-2024;1304;Issuing Radio Operator Certificates;Délivrance de certificats d'opérateur radio;8523;Issuance of a new amateur or professional radio operator certificates will be processed in 28 days where no additional information is required.;Délivrance d’un nouveau certificat d’opérateur radioamateur ou d’un nouveau certificat d’opérateur radio professionnel sera traité dans un délai de 28 jours lorsqu'aucune information supplémentaire n'est requise.;TML;;FAX;;;;0.9;14.0;14.0;1.0;;;Y;https://www.ic.gc.ca/eic/site/smt-gst.nsf/eng/sf08802.html;http://www.ic.gc.ca/eic/site/smt-gst.nsf/fra/sf08802.html;;S.O.;ic;130.0;Innovation, Science and Economic Development Canada;Innovation, Sciences et Développement économique Canada;2023-2024_130_1304
11603;2023-2024;1306;Issuing Radio/Spectrum Licences;Délivrance de licences radio et de spectre;8526;Issuance of a new Aeronautical radio license or modification to an existing one: Aeronautical mobile stations (i.e. aircraft) radio license will be processed in 21 days where no additional information is required.;Délivrance d’une nouvelle licence radio Aéronautique ou modification d'une licence existante: Stations mobiles aéronautiques (aéronefs) sera traité dans un délai de 21 jours lorsqu'aucune information supplémentaire n'est requise.;TML;;EML;;;;0.9;172.0;174.0;0.9885;;;Y;https://www.ic.gc.ca/eic/site/smt-gst.nsf/eng/sf08802.html;http://www.ic.gc.ca/eic/site/smt-gst.nsf/fra/sf08802.html;;S.O.;ic;130.0;Innovation, Science and Economic Development Canada;Innovation, Sciences et Développement économique Canada;2023-2024_130_1306
11604;2023-2024;1306;Issuing Radio/Spectrum Licences;Délivrance de licences radio et de spectre;8529;Issuance of a new Fixed (e.g. microwave) radio license or modification to an existing one: Point-to-point, Point-to-multipoint, Point-to-transportable or Transportable to transportable radio license will be processed in 28 days where no additional information is required.;"Delivrance d'une nouvelle licence radio Fixe (p. ex., micro-onde) ou modification d'une licence existante: Point à point, Point à multipoint, Point à station transportable ou
Station transportable à station transportable sera traité dans un délai de 28 jours lorsqu'aucune information supplémentaire n'est requise.";TML;;EML;;;;0.9;9.0;9.0;1.0;;;Y;https://www.ic.gc.ca/eic/site/smt-gst.nsf/eng/sf08802.html;http://www.ic.gc.ca/eic/site/smt-gst.nsf/fra/sf08802.html;;S.O.;ic;130.0;Innovation, Science and Economic Development Canada;Innovation, Sciences et Développement économique Canada;2023-2024_130_1306
11605;2023-2024;1306;Issuing Radio/Spectrum Licences;Délivrance de licences radio et de spectre;8533;Issuance of a new Land mobile radio license or modification to an existing one: Base-mobile systems radio license will be processed in 49 days where no additional information is required.;Delivrance d'une nouvelle licence radio Mobile terrestre ou modification d'une licence existante: Systèmes base mobile sera traité dans un délai de 49 jours lorsqu'aucune information supplémentaire n'est requise.;TML;;EML;;;;0.9;505.0;513.0;0.9844;;;Y;https://www.ic.gc.ca/eic/site/smt-gst.nsf/eng/sf08802.html;http://www.ic.gc.ca/eic/site/smt-gst.nsf/fra/sf08802.html;;S.O.;ic;130.0;Innovation, Science and Economic Development Canada;Innovation, Sciences et Développement économique Canada;2023-2024_130_1306
11606;2023-2024;1306;Issuing Radio/Spectrum Licences;Délivrance de licences radio et de spectre;8541;Issuance of a new Land mobile radio license or modification to an existing one: Mobile only radio license will be processed in 49 days where no additional information is required.;Delivrance d'une nouvelle licence radio Mobile terrestre ou modification d'une licence existante: Systèmes mobiles seulement sera traité dans un délai de 49 jours lorsqu'aucune information supplémentaire n'est requise.;TML;;EML;;;;0.9;569.0;575.0;0.9896;;;Y;https://www.ic.gc.ca/eic/site/smt-gst.nsf/eng/sf08802.html;http://www.ic.gc.ca/eic/site/smt-gst.nsf/fra/sf08802.html;;S.O.;ic;130.0;Innovation, Science and Economic Development Canada;Innovation, Sciences et Développement économique Canada;2023-2024_130_1306
11607;2023-2024;1306;Issuing Radio/Spectrum Licences;Délivrance de licences radio et de spectre;8537;Issuance of a new Land mobile radio license or modification to an existing one: Light-licensed mobiles radio license will be processed in 21 days where no additional information is required.;Delivrance d'une nouvelle licence radio Mobile terrestre ou modification d'une licence existante: Systèmes mobiles simplifiés sera traité dans un délai de 21 jours lorsqu'aucune information supplémentaire n'est requise.;TML;;EML;;;;0.9;89.0;89.0;1.0;;;Y;https://www.ic.gc.ca/eic/site/smt-gst.nsf/eng/sf08802.html;http://www.ic.gc.ca/eic/site/smt-gst.nsf/fra/sf08802.html;;S.O.;ic;130.0;Innovation, Science and Economic Development Canada;Innovation, Sciences et Développement économique Canada;2023-2024_130_1306
11608;2023-2024;1306;Issuing Radio/Spectrum Licences;Délivrance de licences radio et de spectre;8545;Issuance of a new Land mobile radio license or modification to an existing one: Radiodetermination radio license will be processed in 49 days where no additional information is required.;Delivrance d'une nouvelle licence radio Mobile terrestre ou modification d'une licence existante: Radiorepérage sera traité dans un délai de 49 jours lorsqu'aucune information supplémentaire n'est requise.;TML;;EML;;;;0.9;21.0;21.0;1.0;;;Y;https://www.ic.gc.ca/eic/site/smt-gst.nsf/eng/sf08802.html;http://www.ic.gc.ca/eic/site/smt-gst.nsf/fra/sf08802.html;;S.O.;ic;130.0;Innovation, Science and Economic Development Canada;Innovation, Sciences et Développement économique Canada;2023-2024_130_1306
11609;2023-2024;1306;Issuing Radio/Spectrum Licences;Délivrance de licences radio et de spectre;8550;Issuance of a new Maritime radio license or modification to an existing one: Maritime base stations radio license will be processed in 49 days where no additional information is required.;Delivrance d'une nouvelle licence radio Maritime ou modification d'une licence existante: Stations de base maritimes sera traité dans un délai de 49 jours lorsqu'aucune information supplémentaire n'est requise.;TML;;EML;;;;0.9;11.0;11.0;1.0;;;Y;https://www.ic.gc.ca/eic/site/smt-gst.nsf/eng/sf08802.html;http://www.ic.gc.ca/eic/site/smt-gst.nsf/fra/sf08802.html;;S.O.;ic;130.0;Innovation, Science and Economic Development Canada;Innovation, Sciences et Développement économique Canada;2023-2024_130_1306
11610;2023-2024;1306;Issuing Radio/Spectrum Licences;Délivrance de licences radio et de spectre;8553;Issuance of a new Maritime radio license or modification to an existing one: Maritime mobile stations (i.e. vessel) radio license will be processed in 21 days where no additional information is required.;Delivrance d'une nouvelle licence radio Maritime ou modification d'une licence existante: Stations mobiles maritimes (navire) sera traité dans un délai de 21 jours lorsqu'aucune information supplémentaire n'est requise.;TML;;EML;;;;0.9;446.0;451.0;0.9889;;;Y;https://www.ic.gc.ca/eic/site/smt-gst.nsf/eng/sf08802.html;http://www.ic.gc.ca/eic/site/smt-gst.nsf/fra/sf08802.html;;S.O.;ic;130.0;Innovation, Science and Economic Development Canada;Innovation, Sciences et Développement économique Canada;2023-2024_130_1306
11611;2023-2024;1306;Issuing Radio/Spectrum Licences;Délivrance de licences radio et de spectre;8563;Issuance of a new Terrestrial: Other non-auctioned licenses with an established fee spectrum license will be processed in 28 days where no additional information is required.;Delivrance d'une nouvelle licence de spectre Terrestre : licences non mises aux enchères avec frais préétablis sera traité dans un délai de 28 jours lorsqu'aucune information supplémentaire n'est requise.;TML;;EML;;;;0.9;0.0;0.0;;;;;https://www.ic.gc.ca/eic/site/smt-gst.nsf/eng/sf08802.html;http://www.ic.gc.ca/eic/site/smt-gst.nsf/fra/sf08802.html;;S.O.;ic;130.0;Innovation, Science and Economic Development Canada;Innovation, Sciences et Développement économique Canada;2023-2024_130_1306
11613;2023-2024;1306;Issuing Radio/Spectrum Licences;Délivrance de licences radio et de spectre;8525;Issuance of a new Aeronautical radio license or modification to an existing one: Aeronautical mobile stations (i.e. aircraft) radio license will be processed in 21 days where no additional information is required.;Délivrance d’une nouvelle licence radio Aéronautique ou modification d'une licence existante: Stations mobiles aéronautiques (aéronefs) sera traité dans un délai de 21 jours lorsqu'aucune information supplémentaire n'est requise.;TML;;ONL;;;;0.9;436.0;451.0;0.9667;;;Y;https://www.ic.gc.ca/eic/site/smt-gst.nsf/eng/sf08802.html;http://www.ic.gc.ca/eic/site/smt-gst.nsf/fra/sf08802.html;;S.O.;ic;130.0;Innovation, Science and Economic Development Canada;Innovation, Sciences et Développement économique Canada;2023-2024_130_1306
11614;2023-2024;1306;Issuing Radio/Spectrum Licences;Délivrance de licences radio et de spectre;8530;Issuance of a new Fixed (e.g. microwave) radio license or modification to an existing one: Point-to-point, Point-to-multipoint, Point-to-transportable or Transportable to transportable radio license will be processed in 28 days where no additional information is required.;"Delivrance d'une nouvelle licence radio Fixe (p. ex., micro-onde) ou modification d'une licence existante: Point à point, Point à multipoint, Point à station transportable ou
Station transportable à station transportable sera traité dans un délai de 28 jours lorsqu'aucune information supplémentaire n'est requise.";TML;;ONL;;;;0.9;2050.0;2059.0;0.9956;;;Y;https://www.ic.gc.ca/eic/site/smt-gst.nsf/eng/sf08802.html;http://www.ic.gc.ca/eic/site/smt-gst.nsf/fra/sf08802.html;;S.O.;ic;130.0;Innovation, Science and Economic Development Canada;Innovation, Sciences et Développement économique Canada;2023-2024_130_1306
11615;2023-2024;1306;Issuing Radio/Spectrum Licences;Délivrance de licences radio et de spectre;8534;Issuance of a new Land mobile radio license or modification to an existing one: Base-mobile systems radio license will be processed in 49 days where no additional information is required.;Delivrance d'une nouvelle licence radio Mobile terrestre ou modification d'une licence existante: Systèmes base mobile sera traité dans un délai de 49 jours lorsqu'aucune information supplémentaire n'est requise.;TML;;ONL;;;;0.9;2834.0;2889.0;0.981;;;Y;https://www.ic.gc.ca/eic/site/smt-gst.nsf/eng/sf08802.html;http://www.ic.gc.ca/eic/site/smt-gst.nsf/fra/sf08802.html;;S.O.;ic;130.0;Innovation, Science and Economic Development Canada;Innovation, Sciences et Développement économique Canada;2023-2024_130_1306
11616;2023-2024;1306;Issuing Radio/Spectrum Licences;Délivrance de licences radio et de spectre;8542;Issuance of a new Land mobile radio license or modification to an existing one: Mobile only radio license will be processed in 49 days where no additional information is required.;Delivrance d'une nouvelle licence radio Mobile terrestre ou modification d'une licence existante: Systèmes mobiles seulement sera traité dans un délai de 49 jours lorsqu'aucune information supplémentaire n'est requise.;TML;;ONL;;;;0.9;1486.0;1537.0;0.9668;;;Y;https://www.ic.gc.ca/eic/site/smt-gst.nsf/eng/sf08802.html;http://www.ic.gc.ca/eic/site/smt-gst.nsf/fra/sf08802.html;;S.O.;ic;130.0;Innovation, Science and Economic Development Canada;Innovation, Sciences et Développement économique Canada;2023-2024_130_1306
11617;2023-2024;1306;Issuing Radio/Spectrum Licences;Délivrance de licences radio et de spectre;8538;Issuance of a new Land mobile radio license or modification to an existing one: Light-licensed mobiles radio license will be processed in 21 days where no additional information is required.;Delivrance d'une nouvelle licence radio Mobile terrestre ou modification d'une licence existante: Systèmes mobiles simplifiés sera traité dans un délai de 21 jours lorsqu'aucune information supplémentaire n'est requise.;TML;;ONL;;;;0.9;161.0;162.0;0.9938;;;Y;https://www.ic.gc.ca/eic/site/smt-gst.nsf/eng/sf08802.html;http://www.ic.gc.ca/eic/site/smt-gst.nsf/fra/sf08802.html;;S.O.;ic;130.0;Innovation, Science and Economic Development Canada;Innovation, Sciences et Développement économique Canada;2023-2024_130_1306
11618;2023-2024;1306;Issuing Radio/Spectrum Licences;Délivrance de licences radio et de spectre;8546;Issuance of a new Land mobile radio license or modification to an existing one: Radiodetermination radio license will be processed in 49 days where no additional information is required.;Delivrance d'une nouvelle licence radio Mobile terrestre ou modification d'une licence existante: Radiorepérage sera traité dans un délai de 49 jours lorsqu'aucune information supplémentaire n'est requise.;TML;;ONL;;;;0.9;106.0;108.0;0.9815;;;Y;https://www.ic.gc.ca/eic/site/smt-gst.nsf/eng/sf08802.html;http://www.ic.gc.ca/eic/site/smt-gst.nsf/fra/sf08802.html;;S.O.;ic;130.0;Innovation, Science and Economic Development Canada;Innovation, Sciences et Développement économique Canada;2023-2024_130_1306
11619;2023-2024;1306;Issuing Radio/Spectrum Licences;Délivrance de licences radio et de spectre;8551;Issuance of a new Maritime radio license or modification to an existing one: Maritime base stations radio license will be processed in 49 days where no additional information is required.;Delivrance d'une nouvelle licence radio Maritime ou modification d'une licence existante: Stations de base maritimes sera traité dans un délai de 49 jours lorsqu'aucune information supplémentaire n'est requise.;TML;;ONL;;;;0.9;11.0;12.0;0.9167;;;Y;https://www.ic.gc.ca/eic/site/smt-gst.nsf/eng/sf08802.html;http://www.ic.gc.ca/eic/site/smt-gst.nsf/fra/sf08802.html;;S.O.;ic;130.0;Innovation, Science and Economic Development Canada;Innovation, Sciences et Développement économique Canada;2023-2024_130_1306
11620;2023-2024;1306;Issuing Radio/Spectrum Licences;Délivrance de licences radio et de spectre;8554;Issuance of a new Maritime radio license or modification to an existing one: Maritime mobile stations (i.e. vessel) radio license will be processed in 21 days where no additional information is required.;Delivrance d'une nouvelle licence radio Maritime ou modification d'une licence existante: Stations mobiles maritimes (navire) sera traité dans un délai de 21 jours lorsqu'aucune information supplémentaire n'est requise.;TML;;ONL;;;;0.9;171.0;180.0;0.95;;;Y;https://www.ic.gc.ca/eic/site/smt-gst.nsf/eng/sf08802.html;http://www.ic.gc.ca/eic/site/smt-gst.nsf/fra/sf08802.html;;S.O.;ic;130.0;Innovation, Science and Economic Development Canada;Innovation, Sciences et Développement économique Canada;2023-2024_130_1306
11621;2023-2024;1306;Issuing Radio/Spectrum Licences;Délivrance de licences radio et de spectre;8562;Issuance of a new Terrestrial: Other non-auctioned licenses with an established fee spectrum license will be processed in 28 days where no additional information is required.;Delivrance d'une nouvelle licence de spectre Terrestre : licences non mises aux enchères avec frais préétablis sera traité dans un délai de 28 jours lorsqu'aucune information supplémentaire n'est requise.;TML;;ONL;;;;0.9;0.0;0.0;;;;;https://www.ic.gc.ca/eic/site/smt-gst.nsf/eng/sf08802.html;http://www.ic.gc.ca/eic/site/smt-gst.nsf/fra/sf08802.html;;S.O.;ic;130.0;Innovation, Science and Economic Development Canada;Innovation, Sciences et Développement économique Canada;2023-2024_130_1306
11622;2023-2024;1306;Issuing Radio/Spectrum Licences;Délivrance de licences radio et de spectre;8524;Issuance of a new Aeronautical radio license or modification to an existing one: Aeronautical mobile stations (i.e. aircraft) radio license will be processed in 21 days where no additional information is required.;Délivrance d’une nouvelle licence radio Aéronautique ou modification d'une licence existante: Stations mobiles aéronautiques (aéronefs) sera traité dans un délai de 21 jours lorsqu'aucune information supplémentaire n'est requise.;TML;;OTH;Other includes applications that are created due to internal reasons or do not have a defined method of submission.;Autre inclus les applications qui ont été crées à cause d'une raison interne ou qui non pas une méthode de soumission défini.;;0.9;216.0;217.0;0.9954;;;Y;https://www.ic.gc.ca/eic/site/smt-gst.nsf/eng/sf08802.html;http://www.ic.gc.ca/eic/site/smt-gst.nsf/fra/sf08802.html;;S.O.;ic;130.0;Innovation, Science and Economic Development Canada;Innovation, Sciences et Développement économique Canada;2023-2024_130_1306
11623;2023-2024;1306;Issuing Radio/Spectrum Licences;Délivrance de licences radio et de spectre;8531;Issuance of a new Fixed (e.g. microwave) radio license or modification to an existing one: Point-to-point, Point-to-multipoint, Point-to-transportable or Transportable to transportable radio license will be processed in 28 days where no additional information is required.;"Delivrance d'une nouvelle licence radio Fixe (p. ex., micro-onde) ou modification d'une licence existante: Point à point, Point à multipoint, Point à station transportable ou
Station transportable à station transportable sera traité dans un délai de 28 jours lorsqu'aucune information supplémentaire n'est requise.";TML;;OTH;Other includes applications that are created due to internal reasons or do not have a defined method of submission.;Autre inclus les applications qui ont été crées à cause d'une raison interne ou qui non pas une méthode de soumission défini.;;0.9;82.0;88.0;0.9318;;;Y;https://www.ic.gc.ca/eic/site/smt-gst.nsf/eng/sf08802.html;http://www.ic.gc.ca/eic/site/smt-gst.nsf/fra/sf08802.html;;S.O.;ic;130.0;Innovation, Science and Economic Development Canada;Innovation, Sciences et Développement économique Canada;2023-2024_130_1306
11624;2023-2024;1306;Issuing Radio/Spectrum Licences;Délivrance de licences radio et de spectre;8535;Issuance of a new Land mobile radio license or modification to an existing one: Base-mobile systems radio license will be processed in 49 days where no additional information is required.;Delivrance d'une nouvelle licence radio Mobile terrestre ou modification d'une licence existante: Systèmes base mobile sera traité dans un délai de 49 jours lorsqu'aucune information supplémentaire n'est requise.;TML;;OTH;Other includes applications that are created due to internal reasons or do not have a defined method of submission.;Autre inclus les applications qui ont été crées à cause d'une raison interne ou qui non pas une méthode de soumission défini.;;0.9;244.0;250.0;0.976;;;Y;https://www.ic.gc.ca/eic/site/smt-gst.nsf/eng/sf08802.html;http://www.ic.gc.ca/eic/site/smt-gst.nsf/fra/sf08802.html;;S.O.;ic;130.0;Innovation, Science and Economic Development Canada;Innovation, Sciences et Développement économique Canada;2023-2024_130_1306
11625;2023-2024;1306;Issuing Radio/Spectrum Licences;Délivrance de licences radio et de spectre;8543;Issuance of a new Land mobile radio license or modification to an existing one: Mobile only radio license will be processed in 49 days where no additional information is required.;Delivrance d'une nouvelle licence radio Mobile terrestre ou modification d'une licence existante: Systèmes mobiles seulement sera traité dans un délai de 49 jours lorsqu'aucune information supplémentaire n'est requise.;TML;;OTH;Other includes applications that are created due to internal reasons or do not have a defined method of submission.;Autre inclus les applications qui ont été crées à cause d'une raison interne ou qui non pas une méthode de soumission défini.;;0.9;253.0;258.0;0.9806;;;Y;https://www.ic.gc.ca/eic/site/smt-gst.nsf/eng/sf08802.html;http://www.ic.gc.ca/eic/site/smt-gst.nsf/fra/sf08802.html;;S.O.;ic;130.0;Innovation, Science and Economic Development Canada;Innovation, Sciences et Développement économique Canada;2023-2024_130_1306
11626;2023-2024;1306;Issuing Radio/Spectrum Licences;Délivrance de licences radio et de spectre;8539;Issuance of a new Land mobile radio license or modification to an existing one: Light-licensed mobiles radio license will be processed in 21 days where no additional information is required.;Delivrance d'une nouvelle licence radio Mobile terrestre ou modification d'une licence existante: Systèmes mobiles simplifiés sera traité dans un délai de 21 jours lorsqu'aucune information supplémentaire n'est requise.;TML;;OTH;Other includes applications that are created due to internal reasons or do not have a defined method of submission.;Autre inclus les applications qui ont été crées à cause d'une raison interne ou qui non pas une méthode de soumission défini.;;0.9;5.0;5.0;1.0;;;Y;https://www.ic.gc.ca/eic/site/smt-gst.nsf/eng/sf08802.html;http://www.ic.gc.ca/eic/site/smt-gst.nsf/fra/sf08802.html;;S.O.;ic;130.0;Innovation, Science and Economic Development Canada;Innovation, Sciences et Développement économique Canada;2023-2024_130_1306
11627;2023-2024;1306;Issuing Radio/Spectrum Licences;Délivrance de licences radio et de spectre;8547;Issuance of a new Land mobile radio license or modification to an existing one: Radiodetermination radio license will be processed in 49 days where no additional information is required.;Delivrance d'une nouvelle licence radio Mobile terrestre ou modification d'une licence existante: Radiorepérage sera traité dans un délai de 49 jours lorsqu'aucune information supplémentaire n'est requise.;TML;;OTH;Other includes applications that are created due to internal reasons or do not have a defined method of submission.;Autre inclus les applications qui ont été crées à cause d'une raison interne ou qui non pas une méthode de soumission défini.;;0.9;12.0;12.0;1.0;;;Y;https://www.ic.gc.ca/eic/site/smt-gst.nsf/eng/sf08802.html;http://www.ic.gc.ca/eic/site/smt-gst.nsf/fra/sf08802.html;;S.O.;ic;130.0;Innovation, Science and Economic Development Canada;Innovation, Sciences et Développement économique Canada;2023-2024_130_1306
11628;2023-2024;1306;Issuing Radio/Spectrum Licences;Délivrance de licences radio et de spectre;8552;Issuance of a new Maritime radio license or modification to an existing one: Maritime base stations radio license will be processed in 49 days where no additional information is required.;Delivrance d'une nouvelle licence radio Maritime ou modification d'une licence existante: Stations de base maritimes sera traité dans un délai de 49 jours lorsqu'aucune information supplémentaire n'est requise.;TML;;OTH;Other includes applications that are created due to internal reasons or do not have a defined method of submission.;Autre inclus les applications qui ont été crées à cause d'une raison interne ou qui non pas une méthode de soumission défini.;;0.9;1.0;1.0;1.0;;;Y;https://www.ic.gc.ca/eic/site/smt-gst.nsf/eng/sf08802.html;http://www.ic.gc.ca/eic/site/smt-gst.nsf/fra/sf08802.html;;S.O.;ic;130.0;Innovation, Science and Economic Development Canada;Innovation, Sciences et Développement économique Canada;2023-2024_130_1306
11629;2023-2024;1306;Issuing Radio/Spectrum Licences;Délivrance de licences radio et de spectre;8555;Issuance of a new Maritime  radio license or modification to an existing one: Maritime mobile stations (i.e. vessel) radio license will be processed in 21 days where no additional information is required.;Delivrance d'une nouvelle licence radio Maritime ou modification d'une licence existante: Stations mobiles maritimes (navire) sera traité dans un délai de 21 jours lorsqu'aucune information supplémentaire n'est requise.;TML;;OTH;Other includes applications that are created due to internal reasons or do not have a defined method of submission.;Autre inclus les applications qui ont été crées à cause d'une raison interne ou qui non pas une méthode de soumission défini.;;0.9;17.0;17.0;1.0;;;Y;https://www.ic.gc.ca/eic/site/smt-gst.nsf/eng/sf08802.html;http://www.ic.gc.ca/eic/site/smt-gst.nsf/fra/sf08802.html;;S.O.;ic;130.0;Innovation, Science and Economic Development Canada;Innovation, Sciences et Développement économique Canada;2023-2024_130_1306
11630;2023-2024;1306;Issuing Radio/Spectrum Licences;Délivrance de licences radio et de spectre;8556;Issuance of a new Non-competitive Local Licenses: First-come, first-served, with an established fee spectrum license will be processed in 84 days where no additional information is required.;Delivrance d'une nouvelle licence de spectre Licences non-concurrentielles locales : premier arrivé, premier servi, avec frais préétablis sera traité dans un délai de 84 jours lorsqu'aucune information supplémentaire n'est requise.;TML;;OTH;We will only be issuing this type of licence in 24-25. Therefore, we cannot include in the reporting for 23-24. This is a placeholder for next year.;We will only be issuing this type of licence in 24-25. Therefore, we cannot include in the reporting for 23-24. This is a placeholder for next year.;;0.9;;;;;;;;S.O.;;S.O.;ic;130.0;Innovation, Science and Economic Development Canada;Innovation, Sciences et Développement économique Canada;2023-2024_130_1306
11631;2023-2024;1306;Issuing Radio/Spectrum Licences;Délivrance de licences radio et de spectre;8557;Issuance of a new Non-competitive Local Licenses: First-come, first-served, with an established fee spectrum license will be processed in 84 days where no additional information is required.;Delivrance d'une nouvelle licence de spectre Licences non-concurrentielles locales : premier arrivé, premier servi, avec frais préétablis sera traité dans un délai de 84 jours lorsqu'aucune information supplémentaire n'est requise.;TML;;OTH;We will only be issuing this type of licence in 24-25. Therefore, we cannot include in the reporting for 23-24. This is a placeholder for next year.;We will only be issuing this type of licence in 24-25. Therefore, we cannot include in the reporting for 23-24. This is a placeholder for next year.;;0.9;;;;;;;;S.O.;;S.O.;ic;130.0;Innovation, Science and Economic Development Canada;Innovation, Sciences et Développement économique Canada;2023-2024_130_1306
11632;2023-2024;1306;Issuing Radio/Spectrum Licences;Délivrance de licences radio et de spectre;8558;Issuance of a new Non-competitive Local Licenses: First-come, first-served, with an established fee spectrum license will be processed in 84 days where no additional information is required.;Delivrance d'une nouvelle licence de spectre Licences non-concurrentielles locales : premier arrivé, premier servi, avec frais préétablis sera traité dans un délai de 84 jours lorsqu'aucune information supplémentaire n'est requise.;TML;;OTH;We will only be issuing this type of licence in 24-25. Therefore, we cannot include in the reporting for 23-24. This is a placeholder for next year.;We will only be issuing this type of licence in 24-25. Therefore, we cannot include in the reporting for 23-24. This is a placeholder for next year.;;0.9;;;;;;;;S.O.;;S.O.;ic;130.0;Innovation, Science and Economic Development Canada;Innovation, Sciences et Développement économique Canada;2023-2024_130_1306
11633;2023-2024;1306;Issuing Radio/Spectrum Licences;Délivrance de licences radio et de spectre;8559;Issuance of a new Non-competitive Local Licenses: First-come, first-served, with an established fee spectrum license will be processed in 84 days where no additional information is required.;Delivrance d'une nouvelle licence de spectre Licences non-concurrentielles locales : premier arrivé, premier servi, avec frais préétablis sera traité dans un délai de 84 jours lorsqu'aucune information supplémentaire n'est requise.;TML;;OTH;We will only be issuing this type of licence in 24-25. Therefore, we cannot include in the reporting for 23-24. This is a placeholder for next year.;We will only be issuing this type of licence in 24-25. Therefore, we cannot include in the reporting for 23-24. This is a placeholder for next year.;;0.9;;;;;;;;S.O.;;S.O.;ic;130.0;Innovation, Science and Economic Development Canada;Innovation, Sciences et Développement économique Canada;2023-2024_130_1306
11634;2023-2024;1306;Issuing Radio/Spectrum Licences;Délivrance de licences radio et de spectre;8561;Issuance of a new Terrestrial: Other non-auctioned licenses with an established fee spectrum license will be processed in 28 days where no additional information is required.;Delivrance d'une nouvelle licence de spectre Terrestre : licences non mises aux enchères avec frais préétablis sera traité dans un délai de 28 jours lorsqu'aucune information supplémentaire n'est requise.;TML;;OTH;Other includes applications that are created due to internal reasons or do not have a defined method of submission.;Autre inclus les applications qui ont été crées à cause d'une raison interne ou qui non pas une méthode de soumission défini.;;0.9;9.0;9.0;1.0;;;Y;https://www.ic.gc.ca/eic/site/smt-gst.nsf/eng/sf08802.html;http://www.ic.gc.ca/eic/site/smt-gst.nsf/fra/sf08802.html;;S.O.;ic;130.0;Innovation, Science and Economic Development Canada;Innovation, Sciences et Développement économique Canada;2023-2024_130_1306
11636;2023-2024;1306;Issuing Radio/Spectrum Licences;Délivrance de licences radio et de spectre;8527;Issuance of a new Aeronautical radio license or modification to an existing one: Aeronautical mobile stations (i.e. aircraft) radio license will be processed in 21 days where no additional information is required.;Délivrance d’une nouvelle licence radio Aéronautique ou modification d'une licence existante: Stations mobiles aéronautiques (aéronefs) sera traité dans un délai de 21 jours lorsqu'aucune information supplémentaire n'est requise.;TML;;POST;;;;0.9;1.0;1.0;1.0;;;Y;https://www.ic.gc.ca/eic/site/smt-gst.nsf/eng/sf08802.html;http://www.ic.gc.ca/eic/site/smt-gst.nsf/fra/sf08802.html;;S.O.;ic;130.0;Innovation, Science and Economic Development Canada;Innovation, Sciences et Développement économique Canada;2023-2024_130_1306
11637;2023-2024;1306;Issuing Radio/Spectrum Licences;Délivrance de licences radio et de spectre;8528;Issuance of a new Fixed (e.g. microwave) radio license or modification to an existing one: Point-to-point, Point-to-multipoint, Point-to-transportable or Transportable to transportable radio license will be processed in 28 days where no additional information is required.;"""Delivrance d'une nouvelle licence radio Fixe (p. ex., micro-onde) ou modification d'une licence existante: Point à point, Point à multipoint, Point à station transportable ou Station transportable à station transportable sera traité dans un délai de 28 jours lorsqu'aucune information supplémentaire n'est requise. """;TML;;POST;;;;0.9;0.0;0.0;;* We track Postal Mail and Fax together;Nous suivons les envois postaux et les télécopies ensemble;;https://www.ic.gc.ca/eic/site/smt-gst.nsf/eng/sf08802.html;http://www.ic.gc.ca/eic/site/smt-gst.nsf/fra/sf08802.html;;S.O.;ic;130.0;Innovation, Science and Economic Development Canada;Innovation, Sciences et Développement économique Canada;2023-2024_130_1306
11638;2023-2024;1306;Issuing Radio/Spectrum Licences;Délivrance de licences radio et de spectre;8532;Issuance of a new Land mobile radio license or modification to an existing one: Base-mobile systems radio license will be processed in 49 days where no additional information is required.;Delivrance d'une nouvelle licence radio Mobile terrestre ou modification d'une licence existante: Systèmes base mobile sera traité dans un délai de 49 jours lorsqu'aucune information supplémentaire n'est requise.;TML;;POST;;;;0.9;2.0;2.0;1.0;* We track Postal Mail and Fax together;Nous suivons les envois postaux et les télécopies ensemble;Y;https://www.ic.gc.ca/eic/site/smt-gst.nsf/eng/sf08802.html;http://www.ic.gc.ca/eic/site/smt-gst.nsf/fra/sf08802.html;;S.O.;ic;130.0;Innovation, Science and Economic Development Canada;Innovation, Sciences et Développement économique Canada;2023-2024_130_1306
11639;2023-2024;1306;Issuing Radio/Spectrum Licences;Délivrance de licences radio et de spectre;8540;Issuance of a new Land mobile radio license or modification to an existing one: Mobile only radio license will be processed in 49 days where no additional information is required.;Delivrance d'une nouvelle licence radio Mobile terrestre ou modification d'une licence existante: Systèmes mobiles seulement sera traité dans un délai de 49 jours lorsqu'aucune information supplémentaire n'est requise.;TML;;POST;;;;0.9;8.0;8.0;1.0;We track Postal Mail and Fax together;Nous suivons les envois postaux et les télécopies ensemble;Y;https://www.ic.gc.ca/eic/site/smt-gst.nsf/eng/sf08802.html;http://www.ic.gc.ca/eic/site/smt-gst.nsf/fra/sf08802.html;;S.O.;ic;130.0;Innovation, Science and Economic Development Canada;Innovation, Sciences et Développement économique Canada;2023-2024_130_1306
11640;2023-2024;1306;Issuing Radio/Spectrum Licences;Délivrance de licences radio et de spectre;8536;Issuance of a new Land mobile radio license or modification to an existing one: Light-licensed mobiles radio license will be processed in 21 days where no additional information is required.;Delivrance d'une nouvelle licence radio Mobile terrestre ou modification d'une licence existante: Systèmes mobiles simplifiés sera traité dans un délai de 21 jours lorsqu'aucune information supplémentaire n'est requise.;TML;;POST;;;;0.9;10.0;11.0;0.9091;We track Postal Mail and Fax together;Nous suivons les envois postaux et les télécopies ensemble;Y;https://www.ic.gc.ca/eic/site/smt-gst.nsf/eng/sf08802.html;http://www.ic.gc.ca/eic/site/smt-gst.nsf/fra/sf08802.html;;S.O.;ic;130.0;Innovation, Science and Economic Development Canada;Innovation, Sciences et Développement économique Canada;2023-2024_130_1306
11641;2023-2024;1306;Issuing Radio/Spectrum Licences;Délivrance de licences radio et de spectre;8544;Issuance of a new Land mobile radio license or modification to an existing one: Radiodetermination radio license will be processed in 49 days where no additional information is required.;Delivrance d'une nouvelle licence radio Mobile terrestre ou modification d'une licence existante: Radiorepérage sera traité dans un délai de 49 jours lorsqu'aucune information supplémentaire n'est requise.;TML;;POST;;;;0.9;0.0;0.0;;* We track Postal Mail and Fax together;Nous suivons les envois postaux et les télécopies ensemble;;https://www.ic.gc.ca/eic/site/smt-gst.nsf/eng/sf08802.html;http://www.ic.gc.ca/eic/site/smt-gst.nsf/fra/sf08802.html;;S.O.;ic;130.0;Innovation, Science and Economic Development Canada;Innovation, Sciences et Développement économique Canada;2023-2024_130_1306
11642;2023-2024;1306;Issuing Radio/Spectrum Licences;Délivrance de licences radio et de spectre;8549;Issuance of a new Maritime radio license or modification to an existing one: Maritime base stations radio license will be processed in 49 days where no additional information is required.;Delivrance d'une nouvelle licence radio Maritime ou modification d'une licence existante: Stations de base maritimes sera traité dans un délai de 49 jours lorsqu'aucune information supplémentaire n'est requise.;TML;;POST;;;;0.9;0.0;0.0;;* We track Postal Mail and Fax together;Nous suivons les envois postaux et les télécopies ensemble;;https://www.ic.gc.ca/eic/site/smt-gst.nsf/eng/sf08802.html;http://www.ic.gc.ca/eic/site/smt-gst.nsf/fra/sf08802.html;;S.O.;ic;130.0;Innovation, Science and Economic Development Canada;Innovation, Sciences et Développement économique Canada;2023-2024_130_1306
11643;2023-2024;1306;Issuing Radio/Spectrum Licences;Délivrance de licences radio et de spectre;8548;Issuance of a new Maritime radio license or modification to an existing one: Maritime mobile stations (i.e. vessel) radio license will be processed in 21 days where no additional information is required.;Delivrance d'une nouvelle licence radio Maritime ou modification d'une licence existante: Stations mobiles maritimes (navire) sera traité dans un délai de 21 jours lorsqu'aucune information supplémentaire n'est requise.;TML;;POST;;;;0.9;6.0;6.0;1.0;* We track Postal Mail and Fax together;Nous suivons les envois postaux et les télécopies ensemble;Y;https://www.ic.gc.ca/eic/site/smt-gst.nsf/eng/sf08802.html;http://www.ic.gc.ca/eic/site/smt-gst.nsf/fra/sf08802.html;;S.O.;ic;130.0;Innovation, Science and Economic Development Canada;Innovation, Sciences et Développement économique Canada;2023-2024_130_1306
11644;2023-2024;1306;Issuing Radio/Spectrum Licences;Délivrance de licences radio et de spectre;8560;Issuance of a new Terrestrial: Other non-auctioned licenses with an established fee spectrum license will be processed in 28 days where no additional information is required.;Delivrance d'une nouvelle licence de spectre Terrestre : licences non mises aux enchères avec frais préétablis sera traité dans un délai de 28 jours lorsqu'aucune information supplémentaire n'est requise.;TML;;POST;;;;0.9;0.0;0.0;;* We track Postal Mail and Fax together;Nous suivons les envois postaux et les télécopies ensemble;;https://www.ic.gc.ca/eic/site/smt-gst.nsf/eng/sf08802.html;http://www.ic.gc.ca/eic/site/smt-gst.nsf/fra/sf08802.html;;S.O.;ic;130.0;Innovation, Science and Economic Development Canada;Innovation, Sciences et Développement économique Canada;2023-2024_130_1306
11650;2023-2024;1315;Radio and Terminal Equipment Certification;Homologation de l'équipement radio et du matériel terminal;8565;Equipment Registration fee (14 Calendar days);Enregistrement de l’équipement (14 jours calendrier);TML;;ONL;;;;0.9;3587.0;3589.0;0.9994;The Service standard was met for 3587 Equipment Registration applications on a total of 3589 applications between September 1st 2023 and March 31st 2024 (Fee was in force as of September 1st, 2023).;La norme de service a été respectée pour 3 587 demandes d'enregistrement d'équipement sur un total de 3 589 demandes entre le 1er septembre 2023 et le 31 mars 2024 (les frais étaient en vigueur au 1er septembre 2023).;Y;https://www.ic.gc.ca/eic/site/smt-gst.nsf/eng/sf08802.html#sec5;https://www.ic.gc.ca/eic/site/smt-gst.nsf/fra/sf08802.html#sec5;;S.O.;ic;130.0;Innovation, Science and Economic Development Canada;Innovation, Sciences et Développement économique Canada;2023-2024_130_1315
11651;2023-2024;1315;Radio and Terminal Equipment Certification;Homologation de l'équipement radio et du matériel terminal;8564;Equipment Registration Amendment fee (14 Calendar days);Modifications de l’enregistrement de l’équipement (14 jours calendrier);TML;;ONL;;;;0.9;1107.0;1107.0;1.0;The Service standard was met for 1107 Equipment Registration Amendment applications on a total of 1107 applications between September 1st 2023 and March 31st 2024 (Fee was in force as of September 1st , 2023).;La norme de service a été respectée pour 1 107 demandes de modification d'enregistrement d'équipement sur un total de 1 107 demandes entre le 1er septembre 2023 et le 31 mars 2024 (les frais étaient en vigueur le 1er septembre 2023).;Y;https://www.ic.gc.ca/eic/site/smt-gst.nsf/eng/sf08802.html#sec5;https://www.ic.gc.ca/eic/site/smt-gst.nsf/fra/sf08802.html#sec5;;S.O.;ic;130.0;Innovation, Science and Economic Development Canada;Innovation, Sciences et Développement économique Canada;2023-2024_130_1315
11652;2023-2024;1315;Radio and Terminal Equipment Certification;Homologation de l'équipement radio et du matériel terminal;8566;Wireless Equipment Certification fee (14 Calendar days);Homologation de l’équipement sans fil (14 jours calendrier);TML;;ONL;;;;0.9;0.0;0.0;;No Wireless Equipment Certification application was received between September 1st 2023 and March 31st 2024 (the fee was in force as of September 1st, 2023).;Aucune demande d'homologation d'équipement sans fil n'a été reçue entre le 1er septembre 2023 et le 31 mars 2024 (les frais étaient en vigueur au 1er septembre 2023).;;https://www.ic.gc.ca/eic/site/smt-gst.nsf/eng/sf08802.html#sec5;https://www.ic.gc.ca/eic/site/smt-gst.nsf/fra/sf08802.html#sec5;;S.O.;ic;130.0;Innovation, Science and Economic Development Canada;Innovation, Sciences et Développement économique Canada;2023-2024_130_1315
11653;2023-2024;1315;Radio and Terminal Equipment Certification;Homologation de l'équipement radio et du matériel terminal;8567;Wireless Equipment Recertification fee (14 Calendar days);Renouvellement de l’homologation de l’équipement sans fil (14 jours calendrier);TML;;ONL;;;;0.9;8.0;8.0;1.0;The Service standard was met for 8 Wireless Equipment Recertification applications on a total of 8 applications between September 1st 2023 and March 31st 2024 (Fee was in force as of September 1st, 2023).;La norme de service a été respectée pour 8 demandes de renouvellement de l’homologation de l’équipement sans fil sur un total de 8 demandes entre le 1er septembre 2023 et le 31 mars 2024 (les frais étaient en vigueur le 1er septembre 2023).;Y;https://www.ic.gc.ca/eic/site/smt-gst.nsf/eng/sf08802.html#sec5;https://www.ic.gc.ca/eic/site/smt-gst.nsf/fra/sf08802.html#sec5;;S.O.;ic;130.0;Innovation, Science and Economic Development Canada;Innovation, Sciences et Développement économique Canada;2023-2024_130_1315
11735;2023-2024;2235;Accelerated Growth Service;Service croissance accélérée;8569;Time from company nomination to service delivery - percentage of firms meeting standards;Délai entre la nomination de l'entreprise et la prestation du service - pourcentage d'entreprises répondant aux normes;TML;;ONL;Number of days between nomination and service delivery is calculated in Salesforce.;Le nombre de jours entre la nomination et la prestation du service est calculé dans Salesforce.;;0.8;91.0;112.0;0.8125;Average time (days) = 61.1 days;Durée moyenne (jours) = 61,1 jours;Y;https://ised-isde.canada.ca/site/ised/en/service-standards/innovation-canada;https://ised-isde.canada.ca/site/isde/fr/normes-service/innovation-canada;https://ised-isde.canada.ca/site/ised/en/service-standards/innovation-canada;https://ised-isde.canada.ca/site/isde/fr/normes-service/innovation-canada;ic;130.0;Innovation, Science and Economic Development Canada;Innovation, Sciences et Développement économique Canada;2023-2024_130_2235
11736;2023-2024;2235;Accelerated Growth Service;Service croissance accélérée;8568;5-day call centre response rate for all enquiries;Taux de réponse de centre d’appels de 5 jours pour toutes les demandes de renseignements;TML;;TEL;;;;0.8;311.0;431.0;0.7216;Average time (days) = 5.0 days;Durée moyenne (jours) = 5,0 jours;N;https://ised-isde.canada.ca/site/ised/en/service-standards/innovation-canada;https://ised-isde.canada.ca/site/isde/fr/normes-service/innovation-canada;https://ised-isde.canada.ca/site/ised/en/service-standards/innovation-canada;https://ised-isde.canada.ca/site/isde/fr/normes-service/innovation-canada;ic;130.0;Innovation, Science and Economic Development Canada;Innovation, Sciences et Développement économique Canada;2023-2024_130_2235
11743;2023-2024;2251;Intellectual Property Clinics Program (Gs&Cs);Programme de cliniques sur la propriété intellectuelle;8570;"Acknowledgement
ISED will acknowledge receipt of applications, required documentation, and reports within 10 business days of receipt.";"Accusé de réception
ISDE accusera réception des demandes, des documents requis et des rapports dans les 10 jours ouvrables qui suivent leur réception.";TML;;ONL;;;;1.0;;;;The service standard was not tracked in FY 23/24 and only started being tracked as of FY 24/25.;Cette norme de service n'a pas fait l'objet d'un suivi au cours de l'exercice 23/24 et n'a commencé à faire l'objet d'un suivi qu'à partir de l'exercice 24/25.;;https://ised-isde.canada.ca/site/intellectual-property-strategy/en/legal-clinics-program/intellectual-property-ip-legal-clinics-program-guide;https://ised-isde.canada.ca/site/strategie-propriete-intellectuelle/fr/programme-cliniques-juridiques/guide-pour-programme-cliniques-juridiques-propriete-intellectuelle-pi#s11;;;ic;130.0;Innovation, Science and Economic Development Canada;Innovation, Sciences et Développement économique Canada;2023-2024_130_2251
11744;2023-2024;2251;Intellectual Property Clinics Program (Gs&Cs);Programme de cliniques sur la propriété intellectuelle;8572;"Processing
ISED will review the application and provide a response to the applicant within 4 months after the submission deadline.";"Traitement
ISDE examinera la demande et répondra au demandeur au cours des 4 mois civils qui suivent la date limite de présentation des demandes.";TML;;ONL;;;;1.0;;;;The service standard was not tracked in FY 23/24 and only started being tracked as of FY 24/25.;Cette norme de service n'a pas fait l'objet d'un suivi au cours de l'exercice 23/24 et n'a commencé à faire l'objet d'un suivi qu'à partir de l'exercice 24/25.;;https://ised-isde.canada.ca/site/intellectual-property-strategy/en/legal-clinics-program/intellectual-property-ip-legal-clinics-program-guide#s11;https://ised-isde.canada.ca/site/strategie-propriete-intellectuelle/fr/programme-cliniques-juridiques/guide-pour-programme-cliniques-juridiques-propriete-intellectuelle-pi#s11;;;ic;130.0;Innovation, Science and Economic Development Canada;Innovation, Sciences et Développement économique Canada;2023-2024_130_2251
11745;2023-2024;2251;Intellectual Property Clinics Program (Gs&Cs);Programme de cliniques sur la propriété intellectuelle;8571;ISED will issue payments to Recipients within 30 calendar days after receipt of all additional information required.;ISDE fera un paiement dans les 30 jours civils qui suivent la réception de toute information additionnelle nécessaire pour le traitement du paiement.;TML;;ONL;;;;1.0;;;;The service standard was not tracked in FY 23/24 and only started being tracked as of FY 24/25.;Cette norme de service n'a pas fait l'objet d'un suivi au cours de l'exercice 23/24 et n'a commencé à faire l'objet d'un suivi qu'à partir de l'exercice 24/25.;;https://ised-isde.canada.ca/site/intellectual-property-strategy/en/legal-clinics-program/intellectual-property-ip-legal-clinics-program-guide#s11;https://ised-isde.canada.ca/site/strategie-propriete-intellectuelle/fr/programme-cliniques-juridiques/guide-pour-programme-cliniques-juridiques-propriete-intellectuelle-pi#s11;;;ic;130.0;Innovation, Science and Economic Development Canada;Innovation, Sciences et Développement économique Canada;2023-2024_130_2251
11750;2023-2024;3600;ElevateIP;ÉleverlaPI;8573;Ensure that responses to all public enquiries made to the ElevateIP program generic email address are sent within 5 business days.;Assurez que les réponses à toutes les demandes publiques adressées à l’adresse e-mail générique du programme ElevateIP soient envoyées dans les 5 jours ouvrables.;TML;;EML;;;;0.8;;;;The service standard was not tracked in FY 23/24 and only started being tracked as of FY 24/25.;Cette norme de service n'a pas fait l'objet d'un suivi au cours de l'exercice 23/24 et n'a commencé à faire l'objet d'un suivi qu'à partir de l'exercice 24/25.;;;S.O.;;S.O.;ic;130.0;Innovation, Science and Economic Development Canada;Innovation, Sciences et Développement économique Canada;2023-2024_130_3600
11751;2023-2024;3601;Portfolio Management;de gestion de portefeuille;8576;The Service Management team commits to submitting the Service Inventory on time to TBS annually, aligned with TBS call dates and the Policy on Service and Digital.;L'équipe de gestion des services s'engage à soumettre chaque année au SCT l'inventaire des services dans les délais impartis, conformément aux dates d'appel du SCT et à la politique sur les services et le numérique.;TML;;ONL;;;;1.0;;;;These results will be posted internally for service owners/ stakeholders via an internal facing website and Service Oversight Dashboard and externally via GC Infobase. As this is a new standard, metrics will be recorded and reported next fiscal year.;Ces résultats seront publiés en interne pour les propriétaires de services/parties prenantes via un site web interne et le tableau de bord de supervision des services, et en externe via GC Infobase. Étant donné qu’il s’agit d’une nouvelle norme, les métriques seront enregistrées et rapportées au cours du prochain exercice financier.;;https://www.tbs-sct.canada.ca/ems-sgd/edb-bdd/index-eng.html#infographic/dept/130/services;https://www.tbs-sct.canada.ca/ems-sgd/edb-bdd/index-fra.html#infographic/dept/130/intro;Wesbite is internal-facing only.;Les sites web sont uniquement orientés vers l’interne.;ic;130.0;Innovation, Science and Economic Development Canada;Innovation, Sciences et Développement économique Canada;2023-2024_130_3601
11752;2023-2024;3601;Portfolio Management;de gestion de portefeuille;8575;The Service Management team commits to sending out a client feedback form to service owners within 60 days of the Service Inventory submission.;L'équipe de gestion des services s'engage à envoyer un formulaire de retour d'information aux propriétaires de services dans les 60 jours suivant la soumission de l'inventaire des services.;TML;;ONL;;;;1.0;;;;These results will be posted internally for service owners/ stakeholders via an internal facing website and Service Oversight Dashboard and externally via GC Infobase. As this is a new standard, metrics will be recorded and reported next fiscal year.;Ces résultats seront publiés en interne pour les propriétaires de services/parties prenantes via un site web interne et le tableau de bord de supervision des services, et en externe via GC Infobase. Étant donné qu’il s’agit d’une nouvelle norme, les métriques seront enregistrées et rapportées au cours du prochain exercice financier.;;https://www.tbs-sct.canada.ca/ems-sgd/edb-bdd/index-eng.html#infographic/dept/130/intro;https://www.tbs-sct.canada.ca/ems-sgd/edb-bdd/index-fra.html#infographic/dept/130/intro;Website is internal-facing only.;Les sites web sont uniquement orientés vers l’interne.;ic;130.0;Innovation, Science and Economic Development Canada;Innovation, Sciences et Développement économique Canada;2023-2024_130_3601
11753;2023-2024;3601;Portfolio Management;de gestion de portefeuille;8574;The Application Portfolio Management team commits to submitting ISED's application health status to TBS, aligning with TBS call dates and the Policy on Service and Digital.;L'équipe de gestion du portefeuille des applications s'engage à soumettre le status de la santé des applications d'ISDE au SCT à temps, conformément aux dates d'appel du SCT et à la politique sur les services et le numérique.;TML;;ONL;;;;1.0;;;;These results will be posted internally for service owners/ stakeholders through the Service Oversight Dashboard. As this is a new standard, metrics will be recorded and reported next fiscal year.;Ces résultats seront affichés à l’interne pour les propriétaires de services et les intervenantes par l’intermédiaire du tableau de bord de surveillance des services. Comme il s’agit d’une nouvelle norme, les mesures seront enregistrées et rapportées au prochain exercice financier.;;Website is internal-facing only.;Les sites web sont uniquement orientés vers l’interne.;Website is internal-facing only.;Les sites web sont uniquement orientés vers l’interne.;ic;130.0;Innovation, Science and Economic Development Canada;Innovation, Sciences et Développement économique Canada;2023-2024_130_3601
11754;2023-2024;SRV02790;Intellectual Property Centre of Expertise (IP CoE);Centre d'expertise en Propriété intellectuelle (CE PI);8577;Client Satisfaction Survey Ratings;Notes obtenues dans le cadre du sondage sur la satisfaction des clients;OTH;;ONL;Quality;Qualité;;0.8;;;;"The service standard is tracked internally through various methods including feedback provided by clients/training participants from satisfaction surveys.

Data for this service standard is already being collected and reported on in our DM quarterly reports and detailed reports. This service standard provides an easily accessible and direct measure of our clients' satisfaction with our training and advisory services. 

As this is a new standard, target update will be provided at a later date as data capture will begin FY 2024-2025.";"Cette norme de service fait l'objet d'un suivi interne par le biais de diverses méthodes, y compris la rétroaction fournie par les clients/participants à la formation dans le cadre de sondages sur la satisfaction.

Les données relatives à cette norme de service sont déjà en train d’être collectées et présentées dans nos rapports trimestriels et nos rapports détaillés du SM. Cette norme de service fournit une mesure directe et facilement accessible de la satisfaction de nos clients à l'égard de nos services de formation et de conseil. 

Comme il s'agit d'une nouvelle norme, une mise à jour des objectifs sera fournie ultérieurement, car la saisie des données commencera au cours de l'exercice 2024-2025.";;https://ised-isde.canada.ca/site/ised/en/service-standards/innovation-canada;https://ised-isde.canada.ca/site/isde/fr/normes-service/innovation-canada;;S.O.;ic;130.0;Innovation, Science and Economic Development Canada;Innovation, Sciences et Développement économique Canada;2023-2024_130_SRV02790
11757;2023-2024;SRV03224;Critical Infrastructure and Manufacturing Plan (CIMP): Reporting on manufacturing sector impacts from critical infrastructure disruptions;Plan relatif aux infrastructures critiques et à l'industrie manufacturière (ICIM) : Rapport sur l'impact des perturbations des infrastructures critiques dans le secteur manufacturier;8518;Briefings following a call to action.;Breffage à la suite d'un appel à l'action.;TML;;EML;;S.O.;;1.0;0.0;0.0;;No calls to service.;Pas d'appel au service.;;;S.O.;;S.O.;ic;130.0;Innovation, Science and Economic Development Canada;Innovation, Sciences et Développement économique Canada;2023-2024_130_SRV03224
11758;2023-2024;SRV03226;Satellite Operations;Opérations par satellite;8591;Issuance of a new Satellite Space station spectrum licence will be processed within 126 days where no additional information is required.;Délivrance d’une nouvelle licence de spectre Satellite Station spatiale sera traité dans un délai de 126 jours lorsqu'aucune information supplémentaire n'est requise.;TML;;EML;;;;0.9;2.0;2.0;1.0;;;Y;http://www.ic.gc.ca/eic/site/smt-gst.nsf/eng/sf08802.html;http://www.ic.gc.ca/eic/site/smt-gst.nsf/fra/sf08802.html;;S.O.;ic;130.0;Innovation, Science and Economic Development Canada;Innovation, Sciences et Développement économique Canada;2023-2024_130_SRV03226
11759;2023-2024;SRV03226;Satellite Operations;Opérations par satellite;8583;Issuance of a new Satellite Generic Earth Station Spectrum license will be processed within 126 days where no additional information is required.;Délivrance d’une nouvelle licence de spectre Satellite Station terrienne génériques sera traité dans un délai de 126 jours lorsqu'aucune information supplémentaire n'est requise.;TML;;EML;;;;0.9;2.0;2.0;1.0;;;Y;http://www.ic.gc.ca/eic/site/smt-gst.nsf/eng/sf08802.html;http://www.ic.gc.ca/eic/site/smt-gst.nsf/fra/sf08802.html;;S.O.;ic;130.0;Innovation, Science and Economic Development Canada;Innovation, Sciences et Développement économique Canada;2023-2024_130_SRV03226
11760;2023-2024;SRV03226;Satellite Operations;Opérations par satellite;8587;Issuance of a new Satellite Site-specific Earth Station Spectrum licence will be processed within 77 days where no additional information is required.;Délivrance d’une nouvelle licence de spectre Satellite Stations terriennes nécessitant l’approbation de l’emplacement sera traité dans un délai de 77 jours lorsqu'aucune information supplémentaire n'est requise.;TML;;EML;;;;0.9;1.0;1.0;1.0;;;Y;http://www.ic.gc.ca/eic/site/smt-gst.nsf/eng/sf08802.html;http://www.ic.gc.ca/eic/site/smt-gst.nsf/fra/sf08802.html;;S.O.;ic;130.0;Innovation, Science and Economic Development Canada;Innovation, Sciences et Développement économique Canada;2023-2024_130_SRV03226
11761;2023-2024;SRV03226;Satellite Operations;Opérations par satellite;8579;Issuance of a new Earth Station Site Approval under a Spectrum license will be processed within 49 days where no additional information is required.;Délivrance d’une nouvelle Approbation d’emplacement de station terrienne dans le cadre d'un licence de spectre sera traité dans un délai de 49 jours lorsqu'aucune information supplémentaire n'est requise.;TML;;EML;;;;0.9;1.0;1.0;1.0;;;Y;http://www.ic.gc.ca/eic/site/smt-gst.nsf/eng/sf08802.html;http://www.ic.gc.ca/eic/site/smt-gst.nsf/fra/sf08802.html;;S.O.;ic;130.0;Innovation, Science and Economic Development Canada;Innovation, Sciences et Développement économique Canada;2023-2024_130_SRV03226
11762;2023-2024;SRV03226;Satellite Operations;Opérations par satellite;8595;Issuance of an additional Earth Station Site Approval under an existing Spectrum licence will be processed within 49 days where no additional information is required.;Délivrance d’une Approbation d’emplacement de station terrestre supplémentaire dans le cadre d’une licence de spectre existante sera traité dans un délai de 49 jours lorsqu'aucune information supplémentaire n'est requise.;TML;;EML;;;;0.9;;;;;;;http://www.ic.gc.ca/eic/site/smt-gst.nsf/eng/sf08802.html;http://www.ic.gc.ca/eic/site/smt-gst.nsf/fra/sf08802.html;;S.O.;ic;130.0;Innovation, Science and Economic Development Canada;Innovation, Sciences et Développement économique Canada;2023-2024_130_SRV03226
11763;2023-2024;SRV03226;Satellite Operations;Opérations par satellite;8590;Issuance of a new Satellite Space station spectrum license will be processed within 126 days where no additional information is required.;Délivrance d’une nouvelle licence de spectre Satellite Station spatiale sera traité dans un délai de 126 jours lorsqu'aucune information supplémentaire n'est requise.;TML;;ONL;;;;0.9;2.0;2.0;1.0;;;Y;http://www.ic.gc.ca/eic/site/smt-gst.nsf/eng/sf08802.html;http://www.ic.gc.ca/eic/site/smt-gst.nsf/fra/sf08802.html;;S.O.;ic;130.0;Innovation, Science and Economic Development Canada;Innovation, Sciences et Développement économique Canada;2023-2024_130_SRV03226
11764;2023-2024;SRV03226;Satellite Operations;Opérations par satellite;8582;Issuance of a new Satellite Generic Earth Station Spectrum license will be processed within 126 days where no additional information is required.;Délivrance d’une nouvelle licence de spectre Satellite Station terrienne génériques sera traité dans un délai de 126 jours lorsqu'aucune information supplémentaire n'est requise.;TML;;ONL;;;;0.9;6.0;6.0;1.0;;;Y;http://www.ic.gc.ca/eic/site/smt-gst.nsf/eng/sf08802.html;http://www.ic.gc.ca/eic/site/smt-gst.nsf/fra/sf08802.html;;S.O.;ic;130.0;Innovation, Science and Economic Development Canada;Innovation, Sciences et Développement économique Canada;2023-2024_130_SRV03226
11765;2023-2024;SRV03226;Satellite Operations;Opérations par satellite;8586;Issuance of a new Satellite Site-specific Earth Station Spectrum license will be processed within 77 days where no additional information is required.;Délivrance d’une nouvelle licence de spectre Satellite Stations terriennes nécessitant l’approbation de l’emplacement sera traité dans un délai de 77 jours lorsqu'aucune information supplémentaire n'est requise.;TML;;ONL;;;;0.9;19.0;19.0;1.0;;;Y;http://www.ic.gc.ca/eic/site/smt-gst.nsf/eng/sf08802.html;http://www.ic.gc.ca/eic/site/smt-gst.nsf/fra/sf08802.html;;S.O.;ic;130.0;Innovation, Science and Economic Development Canada;Innovation, Sciences et Développement économique Canada;2023-2024_130_SRV03226
11766;2023-2024;SRV03226;Satellite Operations;Opérations par satellite;8578;Issuance of a new Earth Station Site Approval under a Spectrum license will be processed within 49 days where no additional information is required.;Délivrance d’une nouvelle Approbation d’emplacement de station terrienne dans le cadre d'un licence de spectre sera traité dans un délai de 49 jours lorsqu'aucune information supplémentaire n'est requise.;TML;;ONL;;;;0.9;16.0;16.0;1.0;;;Y;http://www.ic.gc.ca/eic/site/smt-gst.nsf/eng/sf08802.html;http://www.ic.gc.ca/eic/site/smt-gst.nsf/fra/sf08802.html;;S.O.;ic;130.0;Innovation, Science and Economic Development Canada;Innovation, Sciences et Développement économique Canada;2023-2024_130_SRV03226
11767;2023-2024;SRV03226;Satellite Operations;Opérations par satellite;8594;Issuance of an additional Earth Station Site Approval under an existing Spectrum licence will be processed within 49 days where no additional information is required.;Délivrance d’une Approbation d’emplacement de station terrestre supplémentaire dans le cadre d’une licence de spectre existante sera traité dans un délai de 49 jours lorsqu'aucune information supplémentaire n'est requise.;TML;;ONL;;;;0.9;;;;;;;http://www.ic.gc.ca/eic/site/smt-gst.nsf/eng/sf08802.html;http://www.ic.gc.ca/eic/site/smt-gst.nsf/fra/sf08802.html;;S.O.;ic;130.0;Innovation, Science and Economic Development Canada;Innovation, Sciences et Développement économique Canada;2023-2024_130_SRV03226
11768;2023-2024;SRV03226;Satellite Operations;Opérations par satellite;8593;Issuance of a new Satellite Space station spectrum licence will be processed within 126 days where no additional information is required.;Délivrance d’une nouvelle licence de spectre Satellite Station spatiale sera traité dans un délai de 126 jours lorsqu'aucune information supplémentaire n'est requise.;TML;;OTH;Other includes applications created due to internal reasons, mostly related to implemenation of new framework.;Autre inclus les applications qui ont été crées à cause d'une raison interne, principalement lié à la mise en œuvre d’un nouveau cadre.;;0.9;3.0;3.0;1.0;Other includes applications created due to internal reasons, mostly related to implemenation of new framework.;Autre inclus les applications qui ont été crées à cause d'une raison interne, principalement lié à la mise en œuvre d’un nouveau cadre.;Y;http://www.ic.gc.ca/eic/site/smt-gst.nsf/eng/sf08802.html;http://www.ic.gc.ca/eic/site/smt-gst.nsf/fra/sf08802.html;;S.O.;ic;130.0;Innovation, Science and Economic Development Canada;Innovation, Sciences et Développement économique Canada;2023-2024_130_SRV03226
11769;2023-2024;SRV03226;Satellite Operations;Opérations par satellite;8585;Issuance of a new Satellite Generic Earth Station Spectrum license will be processed within 126 days where no additional information is required.;Délivrance d’une nouvelle licence de spectre Satellite Station terrienne génériques sera traité dans un délai de 126 jours lorsqu'aucune information supplémentaire n'est requise.;TML;;OTH;Other includes applications created due to internal reasons, mostly related to implemenation of new framework.;Autre inclus les applications qui ont été crées à cause d'une raison interne, principalement lié à la mise en œuvre d’un nouveau cadre.;;0.9;3.0;3.0;1.0;Other includes applications created due to internal reasons, mostly related to implemenation of new framework.;Autre inclus les applications qui ont été crées à cause d'une raison interne, principalement lié à la mise en œuvre d’un nouveau cadre.;Y;http://www.ic.gc.ca/eic/site/smt-gst.nsf/eng/sf08802.html;http://www.ic.gc.ca/eic/site/smt-gst.nsf/fra/sf08802.html;;S.O.;ic;130.0;Innovation, Science and Economic Development Canada;Innovation, Sciences et Développement économique Canada;2023-2024_130_SRV03226
11770;2023-2024;SRV03226;Satellite Operations;Opérations par satellite;8589;Issuance of a new Satellite Site-specific Earth Station Spectrum licence will be processed within 77 days where no additional information is required.;Délivrance d’une nouvelle licence de spectre Satellite Stations terriennes nécessitant l’approbation de l’emplacement sera traité dans un délai de 77 jours lorsqu'aucune information supplémentaire n'est requise.;TML;;OTH;Other includes applications created due to internal reasons, mostly related to implemenation of new framework.;Autre inclus les applications qui ont été crées à cause d'une raison interne, principalement lié à la mise en œuvre d’un nouveau cadre.;;0.9;1.0;1.0;1.0;Other includes applications created due to internal reasons, mostly related to implemenation of new framework.;Autre inclus les applications qui ont été crées à cause d'une raison interne, principalement lié à la mise en œuvre d’un nouveau cadre.;Y;http://www.ic.gc.ca/eic/site/smt-gst.nsf/eng/sf08802.html;http://www.ic.gc.ca/eic/site/smt-gst.nsf/fra/sf08802.html;;S.O.;ic;130.0;Innovation, Science and Economic Development Canada;Innovation, Sciences et Développement économique Canada;2023-2024_130_SRV03226
11771;2023-2024;SRV03226;Satellite Operations;Opérations par satellite;8581;Issuance of a new Earth Station Site Approval under a Spectrum licence will be processed within 49 days where no additional information is required.;Délivrance d’une nouvelle Approbation d’emplacement de station terrienne dans le cadre d'un licence de spectre sera traité dans un délai de 49 jours lorsqu'aucune information supplémentaire n'est requise.;TML;;OTH;Other includes applications created due to internal reasons, mostly related to implemenation of new framework.;Autre inclus les applications qui ont été crées à cause d'une raison interne, principalement lié à la mise en œuvre d’un nouveau cadre.;;0.9;1.0;1.0;1.0;Other includes applications created due to internal reasons, mostly related to implemenation of new framework.;Autre inclus les applications qui ont été crées à cause d'une raison interne, principalement lié à la mise en œuvre d’un nouveau cadre.;Y;http://www.ic.gc.ca/eic/site/smt-gst.nsf/eng/sf08802.html;http://www.ic.gc.ca/eic/site/smt-gst.nsf/fra/sf08802.html;;S.O.;ic;130.0;Innovation, Science and Economic Development Canada;Innovation, Sciences et Développement économique Canada;2023-2024_130_SRV03226
11772;2023-2024;SRV03226;Satellite Operations;Opérations par satellite;8597;Issuance of an additional Earth Station Site Approval under an existing Spectrum licence will be processed within 49 days where no additional information is required.;Délivrance d’une Approbation d’emplacement de station terrestre supplémentaire dans le cadre d’une licence de spectre existante sera traité dans un délai de 49 jours lorsqu'aucune information supplémentaire n'est requise.;TML;;OTH;Other includes applications created due to internal reasons, mostly related to implemenation of new framework.;Autre inclus les applications qui ont été crées à cause d'une raison interne, principalement lié à la mise en œuvre d’un nouveau cadre.;;0.9;;;;Other includes applications created due to internal reasons, mostly related to implemenation of new framework.;Autre inclus les applications qui ont été crées à cause d'une raison interne, principalement lié à la mise en œuvre d’un nouveau cadre.;;http://www.ic.gc.ca/eic/site/smt-gst.nsf/eng/sf08802.html;http://www.ic.gc.ca/eic/site/smt-gst.nsf/fra/sf08802.html;;S.O.;ic;130.0;Innovation, Science and Economic Development Canada;Innovation, Sciences et Développement économique Canada;2023-2024_130_SRV03226
11773;2023-2024;SRV03226;Satellite Operations;Opérations par satellite;8592;Issuance of a new Satellite Space station spectrum licence will be processed within 126 days where no additional information is required.;Délivrance d’une nouvelle licence de spectre Satellite Station spatiale sera traité dans un délai de 126 jours lorsqu'aucune information supplémentaire n'est requise.;TML;;POST;;;;0.9;0.0;0.0;;;;;http://www.ic.gc.ca/eic/site/smt-gst.nsf/eng/sf08802.html;http://www.ic.gc.ca/eic/site/smt-gst.nsf/fra/sf08802.html;;S.O.;ic;130.0;Innovation, Science and Economic Development Canada;Innovation, Sciences et Développement économique Canada;2023-2024_130_SRV03226
11774;2023-2024;SRV03226;Satellite Operations;Opérations par satellite;8584;Issuance of a new Satellite Generic Earth Station Spectrum license will be processed within 126 days where no additional information is required.;Délivrance d’une nouvelle licence de spectre Satellite Station terrienne génériques sera traité dans un délai de 126 jours lorsqu'aucune information supplémentaire n'est requise.;TML;;POST;;;;0.9;0.0;0.0;;;;;http://www.ic.gc.ca/eic/site/smt-gst.nsf/eng/sf08802.html;http://www.ic.gc.ca/eic/site/smt-gst.nsf/fra/sf08802.html;;S.O.;ic;130.0;Innovation, Science and Economic Development Canada;Innovation, Sciences et Développement économique Canada;2023-2024_130_SRV03226
11775;2023-2024;SRV03226;Satellite Operations;Opérations par satellite;8588;Issuance of a new Satellite Site-specific Earth Station Spectrum licence will be processed within 77 days where no additional information is required.;Délivrance d’une nouvelle licence de spectre Satellite Stations terriennes nécessitant l’approbation de l’emplacement sera traité dans un délai de 77 jours lorsqu'aucune information supplémentaire n'est requise.;TML;;POST;;;;0.9;0.0;0.0;;;;;http://www.ic.gc.ca/eic/site/smt-gst.nsf/eng/sf08802.html;http://www.ic.gc.ca/eic/site/smt-gst.nsf/fra/sf08802.html;;S.O.;ic;130.0;Innovation, Science and Economic Development Canada;Innovation, Sciences et Développement économique Canada;2023-2024_130_SRV03226
11776;2023-2024;SRV03226;Satellite Operations;Opérations par satellite;8580;Issuance of a new Earth Station Site Approval under a Spectrum licence will be processed within 49 days where no additional information is required.;Délivrance d’une nouvelle Approbation d’emplacement de station terrienne dans le cadre d'un licence de spectre sera traité dans un délai de 49 jours lorsqu'aucune information supplémentaire n'est requise.;TML;;POST;;;;0.9;0.0;0.0;;;;;http://www.ic.gc.ca/eic/site/smt-gst.nsf/eng/sf08802.html;http://www.ic.gc.ca/eic/site/smt-gst.nsf/fra/sf08802.html;;S.O.;ic;130.0;Innovation, Science and Economic Development Canada;Innovation, Sciences et Développement économique Canada;2023-2024_130_SRV03226
11777;2023-2024;SRV03226;Satellite Operations;Opérations par satellite;8596;Issuance of an additional Earth Station Site Approval under an existing Spectrum licence will be processed within 49 days where no additional information is required.;Délivrance d’une Approbation d’emplacement de station terrestre supplémentaire dans le cadre d’une licence de spectre existante sera traité dans un délai de 49 jours lorsqu'aucune information supplémentaire n'est requise.;TML;;POST;;;;0.9;;;;;;;http://www.ic.gc.ca/eic/site/smt-gst.nsf/eng/sf08802.html;http://www.ic.gc.ca/eic/site/smt-gst.nsf/fra/sf08802.html;;S.O.;ic;130.0;Innovation, Science and Economic Development Canada;Innovation, Sciences et Développement économique Canada;2023-2024_130_SRV03226
11778;2023-2024;SRV03232;Remediation of Terrestrial Interference;Réparation du brouillage des stations terrestres;8598;Harmful interference investigations will be completed within 84 days;Les enquêtes sur le brouillage préjudiciable seront complétées en 84 jours;TML;;OTH;At the moment, we do not track the channels by which the complaints are received. Updates to the system are on the way to be able to track it.;Pour l'instant, nous ne connaissons pas les canaux par lesquels les plaintes sont reçues. Des mises à jour du système sont en cours pour permettre ce suivi.;;0.9;238.0;252.0;0.9444;;;Y;https://ised-isde.canada.ca/site/spectrum-management-telecommunications/en/learn-more/key-documents/spectrum-and-telecommunications-service-standards;https://ised-isde.canada.ca/site/gestion-spectre-telecommunications/fr/savoir-plus/documents-cles/spectre-telecommunications-normes-service;;;ic;130.0;Innovation, Science and Economic Development Canada;Innovation, Sciences et Développement économique Canada;2023-2024_130_SRV03232
11838;2023-2024;2597;Contributions in support of the Forest Innovation Program;Contributions à l'appui du Programme de promotion de l'innovation en foresterie;5352;Acknowledging receipt of proposal (5 business days);Accusé de réception de la proposition (5 jours ouvrables);TML;;ONL;;;;0.95;21.0;22.0;0.9545;;;Y;https://www.nrcan.gc.ca/transparency/reporting-and-accountability/plans-and-performance-reports/service-standards-for-transfer-payment-programs/22265;https://www.rncan.gc.ca/transparence/rapports-et-responsabilisation/plans-et-rapports-sur-le-rendement/standards-de-service-pour-les-programmes-de-paiement-de-transfert-propre/22266;;;nrcan-rncan;134.0;Natural Resources Canada;Ressources naturelles Canada;2023-2024_134_2597
11839;2023-2024;2597;Contributions in support of the Forest Innovation Program;Contributions à l'appui du Programme de promotion de l'innovation en foresterie;5353;Providing funding decision (40 business days);Fournir une décision de financement (40 jours ouvrables);TML;;ONL;;;;0.9;22.0;22.0;1.0;;;Y;https://www.nrcan.gc.ca/transparency/reporting-and-accountability/plans-and-performance-reports/service-standards-for-transfer-payment-programs/22265;https://www.rncan.gc.ca/transparence/rapports-et-responsabilisation/plans-et-rapports-sur-le-rendement/standards-de-service-pour-les-programmes-de-paiement-de-transfert-propre/22266;;;nrcan-rncan;134.0;Natural Resources Canada;Ressources naturelles Canada;2023-2024_134_2597
11840;2023-2024;2597;Contributions in support of the Forest Innovation Program;Contributions à l'appui du Programme de promotion de l'innovation en foresterie;5354;Issuing payment (30 business days);Émission de paiement (30 jours ouvrables);TML;;ONL;;;;0.9;24.0;24.0;1.0;;;Y;https://www.nrcan.gc.ca/transparency/reporting-and-accountability/plans-and-performance-reports/service-standards-for-transfer-payment-programs/22265;https://www.rncan.gc.ca/transparence/rapports-et-responsabilisation/plans-et-rapports-sur-le-rendement/standards-de-service-pour-les-programmes-de-paiement-de-transfert-propre/22266;;;nrcan-rncan;134.0;Natural Resources Canada;Ressources naturelles Canada;2023-2024_134_2597
11841;2023-2024;3603;Grants and Contributions in support of the Global Forest Leadership Program;Subventions et contributions à l'appui du programme de leadership mondial sur les forêts;8509;Acknowledgement of receipt for proposal-Grants (5 Business Days);Subventionsmet Contributions Ã  l'appui du programme de leadership mondial sur les forÃªts;TML;;EML;;;;0.95;10.0;10.0;1.0;;;Y;https://www.nrcan.gc.ca/transparency/reporting-and-accountability/plans-and-performance-reports/service-standards-for-transfer-payment-programs/22265;https://www.rncan.gc.ca/transparence/rapports-et-responsabilisation/plans-et-rapports-sur-le-rendement/standards-de-service-pour-les-programmes-de-paiement-de-transfert-propre/22266;;;nrcan-rncan;134.0;Natural Resources Canada;Ressources naturelles Canada;2023-2024_134_3603
11842;2023-2024;3603;Grants and Contributions in support of the Global Forest Leadership Program;Subventions et contributions à l'appui du programme de leadership mondial sur les forêts;8510;Providing a funding decision-Grants (180 Business Days);Subventionsmet Contributions Ã  l'appui du programme de leadership mondial sur les forÃªts;TML;;EML;;;;0.9;8.0;8.0;1.0;;;Y;https://www.nrcan.gc.ca/transparency/reporting-and-accountability/plans-and-performance-reports/service-standards-for-transfer-payment-programs/22265;https://www.rncan.gc.ca/transparence/rapports-et-responsabilisation/plans-et-rapports-sur-le-rendement/standards-de-service-pour-les-programmes-de-paiement-de-transfert-propre/22266;;;nrcan-rncan;134.0;Natural Resources Canada;Ressources naturelles Canada;2023-2024_134_3603
11843;2023-2024;3603;Grants and Contributions in support of the Global Forest Leadership Program;Subventions et contributions à l'appui du programme de leadership mondial sur les forêts;8511;Issuing payment-Grants (30 Business Days);Subventionsmet Contributions Ã  l'appui du programme de leadership mondial sur les forÃªts;TML;;EML;;;;0.9;6.0;8.0;0.75;;;N;https://www.nrcan.gc.ca/transparency/reporting-and-accountability/plans-and-performance-reports/service-standards-for-transfer-payment-programs/22265;https://www.rncan.gc.ca/transparence/rapports-et-responsabilisation/plans-et-rapports-sur-le-rendement/standards-de-service-pour-les-programmes-de-paiement-de-transfert-propre/22266;;;nrcan-rncan;134.0;Natural Resources Canada;Ressources naturelles Canada;2023-2024_134_3603
11844;2023-2024;3603;Grants and Contributions in support of the Global Forest Leadership Program;Subventions et contributions à l'appui du programme de leadership mondial sur les forêts;8512;Acknowledgement of receipt for proposal-Contributions (5 Business Days);Subventionsmet Contributions Ã  l'appui du programme de leadership mondial sur les forÃªts;TML;;EML;;;;0.95;17.0;17.0;1.0;;;Y;https://www.nrcan.gc.ca/transparency/reporting-and-accountability/plans-and-performance-reports/service-standards-for-transfer-payment-programs/22265;https://www.rncan.gc.ca/transparence/rapports-et-responsabilisation/plans-et-rapports-sur-le-rendement/standards-de-service-pour-les-programmes-de-paiement-de-transfert-propre/22266;;;nrcan-rncan;134.0;Natural Resources Canada;Ressources naturelles Canada;2023-2024_134_3603
11845;2023-2024;3603;Grants and Contributions in support of the Global Forest Leadership Program;Subventions et contributions à l'appui du programme de leadership mondial sur les forêts;8513;Providing a funding decision-Contributions (180 Business Days);Subventionsmet Contributions Ã  l'appui du programme de leadership mondial sur les forÃªts;TML;;EML;;;;0.9;15.0;15.0;1.0;;;Y;https://www.nrcan.gc.ca/transparency/reporting-and-accountability/plans-and-performance-reports/service-standards-for-transfer-payment-programs/22265;https://www.rncan.gc.ca/transparence/rapports-et-responsabilisation/plans-et-rapports-sur-le-rendement/standards-de-service-pour-les-programmes-de-paiement-de-transfert-propre/22266;;;nrcan-rncan;134.0;Natural Resources Canada;Ressources naturelles Canada;2023-2024_134_3603
11846;2023-2024;3603;Grants and Contributions in support of the Global Forest Leadership Program;Subventions et contributions à l'appui du programme de leadership mondial sur les forêts;8514;Issuing payment-Contributions (30 Business Days);Subventionsmet Contributions Ã  l'appui du programme de leadership mondial sur les forÃªts;TML;;EML;;;;0.9;12.0;13.0;0.9231;;;Y;https://www.nrcan.gc.ca/transparency/reporting-and-accountability/plans-and-performance-reports/service-standards-for-transfer-payment-programs/22265;https://www.rncan.gc.ca/transparence/rapports-et-responsabilisation/plans-et-rapports-sur-le-rendement/standards-de-service-pour-les-programmes-de-paiement-de-transfert-propre/22266;;;nrcan-rncan;134.0;Natural Resources Canada;Ressources naturelles Canada;2023-2024_134_3603
11847;2023-2024;2600;Grants and Contributions in support of the Two Billion Tree Program;Subventions et contributions pour la croissance des forêts du Canada - 2 milliards d'arbres;5356;Acknowledging receipt of proposal (5 business days) (grants portion);Accusé de réception de la proposition (5 jours ouvrables) (portion de subventions);TML;;OTH;Online, Email;En ligne, Courriel;;0.95;27.0;27.0;1.0;;;Y;https://www.nrcan.gc.ca/transparency/reporting-and-accountability/plans-and-performance-reports/service-standards-for-transfer-payment-programs/22265;https://www.rncan.gc.ca/transparence/rapports-et-responsabilisation/plans-et-rapports-sur-le-rendement/standards-de-service-pour-les-programmes-de-paiement-de-transfert-propre/22266;;;nrcan-rncan;134.0;Natural Resources Canada;Ressources naturelles Canada;2023-2024_134_2600
11848;2023-2024;2600;Grants and Contributions in support of the Two Billion Tree Program;Subventions et contributions pour la croissance des forêts du Canada - 2 milliards d'arbres;5357;Providing funding decision (135 calendar days) (grants portion);Fournir une décision de financement (135 jours civils) (portion de subventions);TML;;EML;;;;0.9;16.0;16.0;1.0;;;Y;https://www.nrcan.gc.ca/transparency/reporting-and-accountability/plans-and-performance-reports/service-standards-for-transfer-payment-programs/22265;https://www.rncan.gc.ca/transparence/rapports-et-responsabilisation/plans-et-rapports-sur-le-rendement/standards-de-service-pour-les-programmes-de-paiement-de-transfert-propre/22266;;;nrcan-rncan;134.0;Natural Resources Canada;Ressources naturelles Canada;2023-2024_134_2600
11849;2023-2024;2600;Grants and Contributions in support of the Two Billion Tree Program;Subventions et contributions pour la croissance des forêts du Canada - 2 milliards d'arbres;5358;Issuing payment (30 business days) (grants portion);Emission du paiement (30 jours ourvables) (portion de subventions);TML;;EML;;;;0.9;10.0;12.0;0.8333;;;N;https://www.nrcan.gc.ca/transparency/reporting-and-accountability/plans-and-performance-reports/service-standards-for-transfer-payment-programs/22265;https://www.rncan.gc.ca/transparence/rapports-et-responsabilisation/plans-et-rapports-sur-le-rendement/standards-de-service-pour-les-programmes-de-paiement-de-transfert-propre/22266;;;nrcan-rncan;134.0;Natural Resources Canada;Ressources naturelles Canada;2023-2024_134_2600
11850;2023-2024;2600;Grants and Contributions in support of the Two Billion Tree Program;Subventions et contributions pour la croissance des forêts du Canada - 2 milliards d'arbres;5364;Acknowledging receipt of proposal (5 business days) (contributions portion);Accusé de réception de la proposition (5 jours ouvrables) (portion de contributions);TML;;OTH;Online, Email;En ligne, Courriel;;0.95;78.0;78.0;1.0;;;Y;https://www.nrcan.gc.ca/transparency/reporting-and-accountability/plans-and-performance-reports/service-standards-for-transfer-payment-programs/22265;https://www.rncan.gc.ca/transparence/rapports-et-responsabilisation/plans-et-rapports-sur-le-rendement/standards-de-service-pour-les-programmes-de-paiement-de-transfert-propre/22266;;;nrcan-rncan;134.0;Natural Resources Canada;Ressources naturelles Canada;2023-2024_134_2600
11851;2023-2024;2600;Grants and Contributions in support of the Two Billion Tree Program;Subventions et contributions pour la croissance des forêts du Canada - 2 milliards d'arbres;5365;Providing funding decision (135 calendar days);Fournir une décision de financement (135 jours civils) (portion de contributions);TML;;EML;;;;0.9;64.0;72.0;0.8889;;;N;https://www.nrcan.gc.ca/transparency/reporting-and-accountability/plans-and-performance-reports/service-standards-for-transfer-payment-programs/22265;https://www.rncan.gc.ca/transparence/rapports-et-responsabilisation/plans-et-rapports-sur-le-rendement/standards-de-service-pour-les-programmes-de-paiement-de-transfert-propre/22266;;;nrcan-rncan;134.0;Natural Resources Canada;Ressources naturelles Canada;2023-2024_134_2600
11852;2023-2024;2600;Grants and Contributions in support of the Two Billion Tree Program;Subventions et contributions pour la croissance des forêts du Canada - 2 milliards d'arbres;5366;Issuing payment (30 business days) (contributions portion);Emission du paiement (30 jours ourvables) (portion de contributions);TML;;EML;;;;0.9;198.0;218.0;0.9083;;;Y;https://www.nrcan.gc.ca/transparency/reporting-and-accountability/plans-and-performance-reports/service-standards-for-transfer-payment-programs/22265;https://www.rncan.gc.ca/transparence/rapports-et-responsabilisation/plans-et-rapports-sur-le-rendement/standards-de-service-pour-les-programmes-de-paiement-de-transfert-propre/22266;;;nrcan-rncan;134.0;Natural Resources Canada;Ressources naturelles Canada;2023-2024_134_2600
11855;2023-2024;2601;Contribution to the Indigenous Forestry Initiative;Contribution à l'Initiative de foresterie autochtone;5351;Providing funding decision (180 calendar days);Fournir une décision de financement (180 jours civils);TML;;ONL;;;;0.9;173.0;177.0;0.9774;Delays due to federal elections black-out period and delay in procurement of expert review services;Retards causés à la période d'interdiction des élections fédérales et au retard dans l'obtention de services d'experts.;Y;https://www.nrcan.gc.ca/transparency/reporting-and-accountability/plans-and-performance-reports/service-standards-for-transfer-payment-programs/22265;https://www.rncan.gc.ca/transparence/rapports-et-responsabilisation/plans-et-rapports-sur-le-rendement/standards-de-service-pour-les-programmes-de-paiement-de-transfert-propre/22266;;;nrcan-rncan;134.0;Natural Resources Canada;Ressources naturelles Canada;2023-2024_134_2601
11859;2023-2024;2605;Spruce Budworm Early Intervention Strategy – Phase II Contribution Program;Stratégie d’intervention précoce contre la tordeuse des bourgeons de l’épinette – Phase II;5378;Acknowledging receipt of proposal (5 business days);Accusé de réception de la proposition (5 jours ouvrables);TML;;ONL;;;;0.95;12.0;12.0;1.0;;;Y;https://www.nrcan.gc.ca/transparency/reporting-and-accountability/plans-and-performance-reports/service-standards-for-transfer-payment-programs/22265;https://www.rncan.gc.ca/transparence/rapports-et-responsabilisation/plans-et-rapports-sur-le-rendement/standards-de-service-pour-les-programmes-de-paiement-de-transfert-propre/22266;;;nrcan-rncan;134.0;Natural Resources Canada;Ressources naturelles Canada;2023-2024_134_2605
11860;2023-2024;2605;Spruce Budworm Early Intervention Strategy – Phase II Contribution Program;Stratégie d’intervention précoce contre la tordeuse des bourgeons de l’épinette – Phase II;5379;Providing funding decision (31 business days);Fournir une décision de financement (31 jours ouvrables);TML;;ONL;;;;0.9;2.0;2.0;1.0;;;Y;https://www.nrcan.gc.ca/transparency/reporting-and-accountability/plans-and-performance-reports/service-standards-for-transfer-payment-programs/22265;https://www.rncan.gc.ca/transparence/rapports-et-responsabilisation/plans-et-rapports-sur-le-rendement/standards-de-service-pour-les-programmes-de-paiement-de-transfert-propre/22266;;;nrcan-rncan;134.0;Natural Resources Canada;Ressources naturelles Canada;2023-2024_134_2605
11861;2023-2024;2605;Spruce Budworm Early Intervention Strategy – Phase II Contribution Program;Stratégie d’intervention précoce contre la tordeuse des bourgeons de l’épinette – Phase II;5380;Issuing payment (30 business days);Émission de paiement (30 jours ouvrables);TML;;ONL;;;;0.9;12.0;12.0;1.0;;;Y;https://www.nrcan.gc.ca/transparency/reporting-and-accountability/plans-and-performance-reports/service-standards-for-transfer-payment-programs/22265;https://www.rncan.gc.ca/transparence/rapports-et-responsabilisation/plans-et-rapports-sur-le-rendement/standards-de-service-pour-les-programmes-de-paiement-de-transfert-propre/22266;;;nrcan-rncan;134.0;Natural Resources Canada;Ressources naturelles Canada;2023-2024_134_2605
11868;2023-2024;3375;Fighting and Managing Wildfires in a Changing Climate;Combattre et gérer les feux de forêt dans un climat en changement;5846;Acknowledging receipt of proposal (5 business days);Accusé de réception de la proposition (5 jours ouvrables);TML;;EML;Email;Courriel;;0.95;158.0;158.0;1.0;All transactions met service standard target;Toutes les transactions ont atteint l’objectif de la norme de service;Y;https://www.nrcan.gc.ca/transparency/reporting-and-accountability/plans-and-performance-reports/service-standards-for-transfer-payment-programs/22265;https://www.rncan.gc.ca/transparence/rapports-et-responsabilisation/plans-et-rapports-sur-le-rendement/standards-de-service-pour-les-programmes-de-paiement-de-transfert-propre/22266;Not applicable;Sans objet;nrcan-rncan;134.0;Natural Resources Canada;Ressources naturelles Canada;2023-2024_134_3375
11869;2023-2024;3375;Fighting and Managing Wildfires in a Changing Climate;Combattre et gérer les feux de forêt dans un climat en changement;5847;Providing funding decision (105 calendar days);Fournir une décision de financement (105 jours civils);TML;;EML;Email;Courriel;;0.9;12.0;12.0;1.0;All transactions met service standard target;Toutes les transactions ont atteint l’objectif de la norme de service;Y;https://www.nrcan.gc.ca/transparency/reporting-and-accountability/plans-and-performance-reports/service-standards-for-transfer-payment-programs/22265;https://www.rncan.gc.ca/transparence/rapports-et-responsabilisation/plans-et-rapports-sur-le-rendement/standards-de-service-pour-les-programmes-de-paiement-de-transfert-propre/22266;Not applicable;Sans objet;nrcan-rncan;134.0;Natural Resources Canada;Ressources naturelles Canada;2023-2024_134_3375
11870;2023-2024;3375;Fighting and Managing Wildfires in a Changing Climate;Combattre et gérer les feux de forêt dans un climat en changement;5848;Issuing payment (30 business days);Émission de paiement (30 jours ouvrables);TML;;EML;Email;Courriel;;0.9;19.0;19.0;1.0;All transactions met service standard target;Toutes les transactions ont atteint l’objectif de la norme de service;Y;https://www.nrcan.gc.ca/transparency/reporting-and-accountability/plans-and-performance-reports/service-standards-for-transfer-payment-programs/22265;https://www.rncan.gc.ca/transparence/rapports-et-responsabilisation/plans-et-rapports-sur-le-rendement/standards-de-service-pour-les-programmes-de-paiement-de-transfert-propre/22266;Not applicable;Sans objet;nrcan-rncan;134.0;Natural Resources Canada;Ressources naturelles Canada;2023-2024_134_3375
11871;2023-2024;3378;Wildland Fire Resilience;Contribution à l'appui de Programme Résilience des feux de forêt;5849;Acknowledging receipt of proposal (5 business days);Accusé de réception de la proposition (5 jours ouvrables);TML;;EML;Email;Courriel;;0.95;3.0;3.0;1.0;All transactions met service standard target;Toutes les transactions ont atteint l’objectif de la norme de service;Y;https://www.nrcan.gc.ca/transparency/reporting-and-accountability/plans-and-performance-reports/service-standards-for-transfer-payment-programs/22265;https://www.rncan.gc.ca/transparence/rapports-et-responsabilisation/plans-et-rapports-sur-le-rendement/standards-de-service-pour-les-programmes-de-paiement-de-transfert-propre/22266;Not applicable;Sans objet;nrcan-rncan;134.0;Natural Resources Canada;Ressources naturelles Canada;2023-2024_134_3378
11872;2023-2024;3378;Wildland Fire Resilience;Contribution à l'appui de Programme Résilience des feux de forêt;5850;Providing funding decision (105 calendar days);Fournir une décision de financement (105 jours civils);TML;;EML;Email;Courriel;;0.9;3.0;3.0;1.0;All transactions met service standard target;Toutes les transactions ont atteint l’objectif de la norme de service;Y;https://www.nrcan.gc.ca/transparency/reporting-and-accountability/plans-and-performance-reports/service-standards-for-transfer-payment-programs/22265;https://www.rncan.gc.ca/transparence/rapports-et-responsabilisation/plans-et-rapports-sur-le-rendement/standards-de-service-pour-les-programmes-de-paiement-de-transfert-propre/22266;Not applicable;Sans objet;nrcan-rncan;134.0;Natural Resources Canada;Ressources naturelles Canada;2023-2024_134_3378
11873;2023-2024;3378;Wildland Fire Resilience;Contribution à l'appui de Programme Résilience des feux de forêt;5851;Issuing payment (30 business days);Émission de paiement (30 jours ouvrables);TML;;EML;Email;Courriel;;0.9;5.0;5.0;1.0;All transactions met service standard target;Toutes les transactions ont atteint l’objectif de la norme de service;Y;https://www.nrcan.gc.ca/transparency/reporting-and-accountability/plans-and-performance-reports/service-standards-for-transfer-payment-programs/22265;https://www.rncan.gc.ca/transparence/rapports-et-responsabilisation/plans-et-rapports-sur-le-rendement/standards-de-service-pour-les-programmes-de-paiement-de-transfert-propre/22266;Not applicable;Sans objet;nrcan-rncan;134.0;Natural Resources Canada;Ressources naturelles Canada;2023-2024_134_3378
11874;2023-2024;1712;Natural Resources Canada Library;Bibliothèque de Ressources naturelles Canada;8694;Acknowledge inqiry within 2 business days;Accusé réception à l'intérieur de 2 jours;TML;;EML;;;;0.98;3167.0;3167.0;1.0;"Enquiries not tracked as applications.  To review the interpretation of ""application"" for the next reporting period";Les demandes de renseignements ne sont pas considérées comme des demandes.  Revoir l'interprétation du terme « demande » pour la prochaine période de rapport.;Y;http://;http://;;;nrcan-rncan;134.0;Natural Resources Canada;Ressources naturelles Canada;2023-2024_134_1712
11876;2023-2024;1576;Media Enquiries;Demandes des médias;5382;Media requests acknowledged immediately on receipt and deadlines negotiated in collaboration with the journalist.;Les demandes des médias sont prises en compte dès leur réception et les délais sont négociés en collaboration avec le journaliste.;TML;;EML;;;;0.9;1532.0;1532.0;1.0;Media requests received during working hours (weekdays: 8am to 8pm, weekends: 10am to 6pm) are all acknowledged immediately, and deadlines which cannot be met are all negotiated in collaboration with the journalist.;Les demandes des médias reçues pendant les heures de travail (semaine : 8h à 20h, week-end : 10h à 18h) font l'objet d'un accusé de réception immédiat et les délais qui ne peuvent être respectés sont négociés en collaboration avec le journaliste.;Y;http://;http://;;;nrcan-rncan;134.0;Natural Resources Canada;Ressources naturelles Canada;2023-2024_134_1576
11888;2023-2024;2617;Industry Energy Management Programs;Programmes de gestion de l'énergie industrielle;5960;Acknowledging receipt of proposal (5 business days);Accusé de réception de la proposition (5 jours ouvrables);TML;;ONL;;;;;0.0;0.0;;Percentage of outcome numbers not provided;Pourcentage de résultats non communiqués;;https://www.nrcan.gc.ca/transparency/reporting-and-accountability/plans-and-performance-reports/service-standards-for-transfer-payment-programs/22265;https://www.rncan.gc.ca/transparence/rapports-et-responsabilisation/plans-et-rapports-sur-le-rendement/standards-de-service-pour-les-programmes-de-paiement-de-transfert-propre/22266;;;nrcan-rncan;134.0;Natural Resources Canada;Ressources naturelles Canada;2023-2024_134_2617
11889;2023-2024;2617;Industry Energy Management Programs;Programmes de gestion de l'énergie industrielle;5961;Providing funding decision (105 calendar days);Fournir une décision de financement (105 jours civils);TML;;ONL;;;;;0.0;0.0;;Percentage of outcome numbers not provided;Pourcentage de résultats non communiqués;;https://www.nrcan.gc.ca/transparency/reporting-and-accountability/plans-and-performance-reports/service-standards-for-transfer-payment-programs/22265;https://www.rncan.gc.ca/transparence/rapports-et-responsabilisation/plans-et-rapports-sur-le-rendement/standards-de-service-pour-les-programmes-de-paiement-de-transfert-propre/22266;;;nrcan-rncan;134.0;Natural Resources Canada;Ressources naturelles Canada;2023-2024_134_2617
11890;2023-2024;2617;Industry Energy Management Programs;Programmes de gestion de l'énergie industrielle;5962;Issuing payment (30 business days);Émission de paiement (30 jours ouvrables);TML;;ONL;;;;;0.0;0.0;;Percentage of outcome numbers not provided;Pourcentage de résultats non communiqués;;https://www.nrcan.gc.ca/transparency/reporting-and-accountability/plans-and-performance-reports/service-standards-for-transfer-payment-programs/22265;https://www.rncan.gc.ca/transparence/rapports-et-responsabilisation/plans-et-rapports-sur-le-rendement/standards-de-service-pour-les-programmes-de-paiement-de-transfert-propre/22266;;;nrcan-rncan;134.0;Natural Resources Canada;Ressources naturelles Canada;2023-2024_134_2617
11891;2023-2024;2914;Canada Greener Homes Initiative;Initiative canadienne pour des maisons plus vertes;5957;Acknowledging receipt of proposal (5 business days);Accusé de réception de la proposition (5 jours ouvrables);TML;;ONL;;;;;0.0;0.0;;percentage of outcome numbers not provided;Pourcentage de résultats non communiqués;;https://www.nrcan.gc.ca/transparency/reporting-and-accountability/plans-and-performance-reports/service-standards-for-transfer-payment-programs/22265;https://www.rncan.gc.ca/transparence/rapports-et-responsabilisation/plans-et-rapports-sur-le-rendement/standards-de-service-pour-les-programmes-de-paiement-de-transfert-propre/22266;;;nrcan-rncan;134.0;Natural Resources Canada;Ressources naturelles Canada;2023-2024_134_2914
11892;2023-2024;2914;Canada Greener Homes Initiative;Initiative canadienne pour des maisons plus vertes;5958;Providing funding decision (105 calendar days);Fournir une décision de financement (105 jours civils);TML;;ONL;;;;;0.0;0.0;;percentage of outcome numbers not provided;Pourcentage de résultats non communiqués;;https://www.nrcan.gc.ca/transparency/reporting-and-accountability/plans-and-performance-reports/service-standards-for-transfer-payment-programs/22265;https://www.rncan.gc.ca/transparence/rapports-et-responsabilisation/plans-et-rapports-sur-le-rendement/standards-de-service-pour-les-programmes-de-paiement-de-transfert-propre/22266;;;nrcan-rncan;134.0;Natural Resources Canada;Ressources naturelles Canada;2023-2024_134_2914
11893;2023-2024;2914;Canada Greener Homes Initiative;Initiative canadienne pour des maisons plus vertes;5959;Issuing payment (30 business days);Émission de paiement (30 jours ouvrables);TML;;ONL;;;;;0.0;0.0;;percentage of outcome numbers not provided;Pourcentage de résultats non communiqués;;https://www.nrcan.gc.ca/transparency/reporting-and-accountability/plans-and-performance-reports/service-standards-for-transfer-payment-programs/22265;https://www.rncan.gc.ca/transparence/rapports-et-responsabilisation/plans-et-rapports-sur-le-rendement/standards-de-service-pour-les-programmes-de-paiement-de-transfert-propre/22266;;;nrcan-rncan;134.0;Natural Resources Canada;Ressources naturelles Canada;2023-2024_134_2914
11894;2023-2024;3606;Multi-Partner Research Initiative;Initiative de recherche multipartenaire;8608;Acknowledging receipt of proposal (5 business days);Accusé de réception de la proposition (5 jours ouvrables);TML;;EML;;;;;54.0;54.0;1.0;;;;https://www.nrcan.gc.ca/transparency/reporting-and-accountability/plans-and-performance-reports/service-standards-for-transfer-payment-programs/22265;https://www.rncan.gc.ca/transparence/rapports-et-responsabilisation/plans-et-rapports-sur-le-rendement/standards-de-service-pour-les-programmes-de-paiement-de-transfert-propre/22266;;;nrcan-rncan;134.0;Natural Resources Canada;Ressources naturelles Canada;2023-2024_134_3606
11895;2023-2024;3606;Multi-Partner Research Initiative;Initiative de recherche multipartenaire;8609;Providing funding decision (100 calendar days);Fournir une décision de financement (100 jours ouvrables);TML;;EML;;;;;21.0;21.0;1.0;;;;https://www.nrcan.gc.ca/transparency/reporting-and-accountability/plans-and-performance-reports/service-standards-for-transfer-payment-programs/22265;https://www.rncan.gc.ca/transparence/rapports-et-responsabilisation/plans-et-rapports-sur-le-rendement/standards-de-service-pour-les-programmes-de-paiement-de-transfert-propre/22266;;;nrcan-rncan;134.0;Natural Resources Canada;Ressources naturelles Canada;2023-2024_134_3606
11896;2023-2024;3606;Multi-Partner Research Initiative;Initiative de recherche multipartenaire;8610;Issuing payment (30 business days);Émission de paiement (30 jours ouvrables);TML;;EML;;;;;9.0;9.0;1.0;;;;https://www.nrcan.gc.ca/transparency/reporting-and-accountability/plans-and-performance-reports/service-standards-for-transfer-payment-programs/22265;https://www.rncan.gc.ca/transparence/rapports-et-responsabilisation/plans-et-rapports-sur-le-rendement/standards-de-service-pour-les-programmes-de-paiement-de-transfert-propre/22266;;;nrcan-rncan;134.0;Natural Resources Canada;Ressources naturelles Canada;2023-2024_134_3606
11898;2023-2024;2619;Clean Energy for Rural and Remote Communities Program - Deployment;Programme d'énergie propre pour les collectivités rurales et éloignées - Déploiement;5341;Providing funding decision (120 business days);Fournir une décision de financement (120 jours ouvrables);TML;;EML;;;;0.9;4.0;4.0;1.0;;;Y;https://www.nrcan.gc.ca/transparency/reporting-and-accountability/plans-and-performance-reports/service-standards-for-transfer-payment-programs/22265;https://www.rncan.gc.ca/transparence/rapports-et-responsabilisation/plans-et-rapports-sur-le-rendement/standards-de-service-pour-les-programmes-de-paiement-de-transfert-propre/22266;;;nrcan-rncan;134.0;Natural Resources Canada;Ressources naturelles Canada;2023-2024_134_2619
11899;2023-2024;2619;Clean Energy for Rural and Remote Communities Program - Deployment;Programme d'énergie propre pour les collectivités rurales et éloignées - Déploiement;5342;Issuing payment (30 business days);Émission de paiement (30 jours ouvrables);TML;;EML;;;;0.9;5.0;5.0;1.0;;;Y;https://www.nrcan.gc.ca/transparency/reporting-and-accountability/plans-and-performance-reports/service-standards-for-transfer-payment-programs/22265;https://www.rncan.gc.ca/transparence/rapports-et-responsabilisation/plans-et-rapports-sur-le-rendement/standards-de-service-pour-les-programmes-de-paiement-de-transfert-propre/22266;;;nrcan-rncan;134.0;Natural Resources Canada;Ressources naturelles Canada;2023-2024_134_2619
11915;2023-2024;2940;Clean Energy for Rural and Remote Communities Program - Capacity Building and Grants;Programme d'énergie propre pour les collectivités rurales et éloignées - Renforcement des capacités et subventions;5839;Acknowledging receipt of proposal (5 business days);Accusé de réception de la proposition (5 jours ouvrables);TML;;EML;;;;0.95;19.0;19.0;1.0;;;Y;https://www.nrcan.gc.ca/transparency/reporting-and-accountability/plans-and-performance-reports/service-standards-for-transfer-payment-programs/22265;https://www.rncan.gc.ca/transparence/rapports-et-responsabilisation/plans-et-rapports-sur-le-rendement/standards-de-service-pour-les-programmes-de-paiement-de-transfert-propre/22266;;;nrcan-rncan;134.0;Natural Resources Canada;Ressources naturelles Canada;2023-2024_134_2940
11916;2023-2024;2940;Clean Energy for Rural and Remote Communities Program - Capacity Building and Grants;Programme d'énergie propre pour les collectivités rurales et éloignées - Renforcement des capacités et subventions;5840;Providing a funding decision (120 business days);Fournir une décision de financement (120 jours ouvrables);TML;;EML;;;;0.9;9.0;19.0;0.4737;;;N;https://www.nrcan.gc.ca/transparency/reporting-and-accountability/plans-and-performance-reports/service-standards-for-transfer-payment-programs/22265;https://www.rncan.gc.ca/transparence/rapports-et-responsabilisation/plans-et-rapports-sur-le-rendement/standards-de-service-pour-les-programmes-de-paiement-de-transfert-propre/22266;;;nrcan-rncan;134.0;Natural Resources Canada;Ressources naturelles Canada;2023-2024_134_2940
11917;2023-2024;2940;Clean Energy for Rural and Remote Communities Program - Capacity Building and Grants;Programme d'énergie propre pour les collectivités rurales et éloignées - Renforcement des capacités et subventions;5841;Issuing payment (30 business days);Émission de paiement (30 jours ouvrables);TML;;EML;;;;0.9;74.0;78.0;0.9487;;;Y;https://www.nrcan.gc.ca/transparency/reporting-and-accountability/plans-and-performance-reports/service-standards-for-transfer-payment-programs/22265;https://www.rncan.gc.ca/transparence/rapports-et-responsabilisation/plans-et-rapports-sur-le-rendement/standards-de-service-pour-les-programmes-de-paiement-de-transfert-propre/22266;;;nrcan-rncan;134.0;Natural Resources Canada;Ressources naturelles Canada;2023-2024_134_2940
11921;2023-2024;3612;Electricity Predevelopment Program;Programme de prédéveloppement en matière d'électricité;8515;Acknowledging receipt of proposal (5 business days);Accusé de réception de la proposition (5 jours ouvrables);TML;;EML;;;;0.95;7.0;7.0;1.0;;;Y;https://www.nrcan.gc.ca/transparency/reporting-and-accountability/plans-and-performance-reports/service-standards-for-transfer-payment-programs/22265;https://www.rncan.gc.ca/transparence/rapports-et-responsabilisation/plans-et-rapports-sur-le-rendement/standards-de-service-pour-les-programmes-de-paiement-de-transfert-propre/22266;;;nrcan-rncan;134.0;Natural Resources Canada;Ressources naturelles Canada;2023-2024_134_3612
11922;2023-2024;3612;Electricity Predevelopment Program;Programme de prédéveloppement en matière d'électricité;8516;Providing funding decision (90 business days);Fournir une décision de financement (90 jours ouvrables);TML;;EML;;;;0.9;7.0;7.0;1.0;;;Y;https://www.nrcan.gc.ca/transparency/reporting-and-accountability/plans-and-performance-reports/service-standards-for-transfer-payment-programs/22265;https://www.rncan.gc.ca/transparence/rapports-et-responsabilisation/plans-et-rapports-sur-le-rendement/standards-de-service-pour-les-programmes-de-paiement-de-transfert-propre/22266;;;nrcan-rncan;134.0;Natural Resources Canada;Ressources naturelles Canada;2023-2024_134_3612
11923;2023-2024;3612;Electricity Predevelopment Program;Programme de prédéveloppement en matière d'électricité;8517;Issuing payment (30 business days);Émission de paiement (30 jours ouvrables);TML;;EML;;;;0.9;7.0;7.0;1.0;;;Y;https://www.nrcan.gc.ca/transparency/reporting-and-accountability/plans-and-performance-reports/service-standards-for-transfer-payment-programs/22265;https://www.rncan.gc.ca/transparence/rapports-et-responsabilisation/plans-et-rapports-sur-le-rendement/standards-de-service-pour-les-programmes-de-paiement-de-transfert-propre/22266;;;nrcan-rncan;134.0;Natural Resources Canada;Ressources naturelles Canada;2023-2024_134_3612
11924;2023-2024;1657;SmartWay Transportation Partnership;Partenariat de transport SmartWay;5770;Review SmartWay tool and validate data within 5 business days;Examiner l’outil SmartWay et valider les données dans les cinq jours ouvrables.;TML;;EML;;;;0.9;0.0;0.0;;Volume not provided;Volume non communiqué;;https://natural-resources.canada.ca/energy-efficiency/transportation-alternative-fuels/greening-freight-programs/smartway-fuel-efficient-freight-transportation/about-smartway/21052;https://ressources-naturelles.canada.ca/efficacite-energetique/efficacite-energetique-transports-carburants-remplacement/programme-transport-ecoenergetique-marchandises/propos-smartway/propos-smartway/21053?_gl=1*113q6sk*_ga*OTgzNzQxMDIuMTY3MzYzMzYxMw..*_ga_C2N57Y7DX5*MTczMTUyOTQ1OS40Ni4wLjE3MzE1Mjk0NTkuMC4wLjA.;;;nrcan-rncan;134.0;Natural Resources Canada;Ressources naturelles Canada;2023-2024_134_1657
11926;2023-2024;1657;SmartWay Transportation Partnership;Partenariat de transport SmartWay;5775;A Letter to the Executive contact confirming SmartWay participation will be sent within 1 month;Une lettre sera transmise à la personne-ressource de la direction pour confirmer la participation au programme SmartWay dans un délai d’un mois.;TML;;EML;;;;0.9;0.0;0.0;;Volume not provided;Volume non communiqué;;https://natural-resources.canada.ca/energy-efficiency/transportation-alternative-fuels/greening-freight-programs/smartway-fuel-efficient-freight-transportation/about-smartway/21052;https://ressources-naturelles.canada.ca/efficacite-energetique/efficacite-energetique-transports-carburants-remplacement/programme-transport-ecoenergetique-marchandises/propos-smartway/propos-smartway/21053?_gl=1*113q6sk*_ga*OTgzNzQxMDIuMTY3MzYzMzYxMw..*_ga_C2N57Y7DX5*MTczMTUyOTQ1OS40Ni4wLjE3MzE1Mjk0NTkuMC4wLjA.;;;nrcan-rncan;134.0;Natural Resources Canada;Ressources naturelles Canada;2023-2024_134_1657
11927;2023-2024;2618;Emissions Reduction Fund - Onshore Program;Fond de réduction des émissions - programme d'installations terrestres;5301;Acknowledging receipt of proposal (5 business days);Accusé de réception de la proposition (5 jours ouvrables);TML;;ONL;;;;0.95;0.0;0.0;;No Applications in 2023-24.;Aucune demande en 2023-2024.;;https://www.nrcan.gc.ca/transparency/reporting-and-accountability/plans-and-performance-reports/service-standards-for-transfer-payment-programs/22265;https://www.rncan.gc.ca/transparence/rapports-et-responsabilisation/plans-et-rapports-sur-le-rendement/standards-de-service-pour-les-programmes-de-paiement-de-transfert-propre/22266;;;nrcan-rncan;134.0;Natural Resources Canada;Ressources naturelles Canada;2023-2024_134_2618
11928;2023-2024;2618;Emissions Reduction Fund - Onshore Program;Fond de réduction des émissions - programme d'installations terrestres;5302;Providing funding decision (150 calendar days);Fournir une décision de financement (100 jours civils);TML;;ONL;;;;0.9;0.0;0.0;;No Applications in 2023-24.;Aucune demande en 2023-2024.;;https://www.nrcan.gc.ca/transparency/reporting-and-accountability/plans-and-performance-reports/service-standards-for-transfer-payment-programs/22265;https://www.rncan.gc.ca/transparence/rapports-et-responsabilisation/plans-et-rapports-sur-le-rendement/standards-de-service-pour-les-programmes-de-paiement-de-transfert-propre/22266;;;nrcan-rncan;134.0;Natural Resources Canada;Ressources naturelles Canada;2023-2024_134_2618
11929;2023-2024;2618;Emissions Reduction Fund - Onshore Program;Fond de réduction des émissions - programme d'installations terrestres;5303;Issuing payment (30 business days);Emission du paiement (30 jours ouvrables);TML;;ONL;;;;0.9;2.0;23.0;0.087;;;N;https://www.nrcan.gc.ca/transparency/reporting-and-accountability/plans-and-performance-reports/service-standards-for-transfer-payment-programs/22265;https://www.rncan.gc.ca/transparence/rapports-et-responsabilisation/plans-et-rapports-sur-le-rendement/standards-de-service-pour-les-programmes-de-paiement-de-transfert-propre/22266;;;nrcan-rncan;134.0;Natural Resources Canada;Ressources naturelles Canada;2023-2024_134_2618
11930;2023-2024;2918;Emissions Reduction Fund Offshore Deployment Program;Programme de déploiement extracôtier du fonds de réduction des émissions;5396;Acknowledging receipt of proposal (5 business days);Accusé de réception de la proposition (5 jours ouvrables);TML;;ONL;;;;0.95;0.0;0.0;;No Applications in 2023-24.;Aucune demande en 2023-2024.;;https://www.nrcan.gc.ca/transparency/reporting-and-accountability/plans-and-performance-reports/service-standards-for-transfer-payment-programs/22265;https://www.rncan.gc.ca/transparence/rapports-et-responsabilisation/plans-et-rapports-sur-le-rendement/standards-de-service-pour-les-programmes-de-paiement-de-transfert-propre/22266;;;nrcan-rncan;134.0;Natural Resources Canada;Ressources naturelles Canada;2023-2024_134_2918
11933;2023-2024;3215;Zero Emission Vehicles Infrastructure Program (ZEVIP);Programme d’infrastructure pour les véhicules à émission zéro (PIVEZ);5859;Acknowledging receipt of proposal (5 business days);Accusé de réception de la proposition;TML;;EML;;;;0.9;0.0;0.0;;Volume not provided;Volume non communiqué;;https://www.nrcan.gc.ca/transparency/reporting-and-accountability/plans-and-performance-reports/service-standards-for-transfer-payment-programs/22265;https://www.rncan.gc.ca/transparence/rapports-et-responsabilisation/plans-et-rapports-sur-le-rendement/standards-de-service-pour-les-programmes-de-paiement-de-transfert-propre/22266;;;nrcan-rncan;134.0;Natural Resources Canada;Ressources naturelles Canada;2023-2024_134_3215
11934;2023-2024;3215;Zero Emission Vehicles Infrastructure Program (ZEVIP);Programme d’infrastructure pour les véhicules à émission zéro (PIVEZ);5860;Providing funding decision (120 calendar days);Fournir une décision de financement (120 jours civils);TML;;EML;;;;0.9;0.0;0.0;;Volume not provided;Volume non communiqué;;https://www.nrcan.gc.ca/transparency/reporting-and-accountability/plans-and-performance-reports/service-standards-for-transfer-payment-programs/22265;https://www.rncan.gc.ca/transparence/rapports-et-responsabilisation/plans-et-rapports-sur-le-rendement/standards-de-service-pour-les-programmes-de-paiement-de-transfert-propre/22266;;;nrcan-rncan;134.0;Natural Resources Canada;Ressources naturelles Canada;2023-2024_134_3215
11936;2023-2024;3220;Zero Emission Vehicle Awareness Initiative (ZEVAI);Initiative de sensibilisation aux véhicules à émission zéro (ISVEZ);5835;Acknowledging receipt of proposal (5 business days);Accusé de réception de la proposition (5 jours ouvrables);TML;;EML;;;;0.95;128.0;128.0;1.0;;;Y;https://www.nrcan.gc.ca/transparency/reporting-and-accountability/plans-and-performance-reports/service-standards-for-transfer-payment-programs/22265;https://www.rncan.gc.ca/transparence/rapports-et-responsabilisation/plans-et-rapports-sur-le-rendement/standards-de-service-pour-les-programmes-de-paiement-de-transfert-propre/22266;;;nrcan-rncan;134.0;Natural Resources Canada;Ressources naturelles Canada;2023-2024_134_3220
11937;2023-2024;3220;Zero Emission Vehicle Awareness Initiative (ZEVAI);Initiative de sensibilisation aux véhicules à émission zéro (ISVEZ);5837;Providing funding decision (100 calendar days);Fournir une décision de financement (100 jours civils);TML;;EML;;;;0.9;128.0;128.0;1.0;;;Y;https://www.nrcan.gc.ca/transparency/reporting-and-accountability/plans-and-performance-reports/service-standards-for-transfer-payment-programs/22265;https://www.rncan.gc.ca/transparence/rapports-et-responsabilisation/plans-et-rapports-sur-le-rendement/standards-de-service-pour-les-programmes-de-paiement-de-transfert-propre/22266;;;nrcan-rncan;134.0;Natural Resources Canada;Ressources naturelles Canada;2023-2024_134_3220
11938;2023-2024;3220;Zero Emission Vehicle Awareness Initiative (ZEVAI);Initiative de sensibilisation aux véhicules à émission zéro (ISVEZ);5838;Issuing payment (30 business days);Emission du paiement (30 jours ouvrables);TML;;EML;;;;0.9;37.0;130.0;0.2846;;;N;https://www.nrcan.gc.ca/transparency/reporting-and-accountability/plans-and-performance-reports/service-standards-for-transfer-payment-programs/22265;https://www.rncan.gc.ca/transparence/rapports-et-responsabilisation/plans-et-rapports-sur-le-rendement/standards-de-service-pour-les-programmes-de-paiement-de-transfert-propre/22266;;;nrcan-rncan;134.0;Natural Resources Canada;Ressources naturelles Canada;2023-2024_134_3220
11939;2023-2024;3222;Green Freight Program (GFP);Programme de transport écoénergétique de marchandises;5853;Acknowledging receipt of proposal (5 business days);Accusé de réception de la proposition (5 jours ouvrables);TML;;EML;;;;0.95;113.0;113.0;1.0;;;Y;https://www.nrcan.gc.ca/transparency/reporting-and-accountability/plans-and-performance-reports/service-standards-for-transfer-payment-programs/22265;https://www.rncan.gc.ca/transparence/rapports-et-responsabilisation/plans-et-rapports-sur-le-rendement/standards-de-service-pour-les-programmes-de-paiement-de-transfert-propre/22266;;;nrcan-rncan;134.0;Natural Resources Canada;Ressources naturelles Canada;2023-2024_134_3222
11940;2023-2024;3222;Green Freight Program (GFP);Programme de transport écoénergétique de marchandises;5854;Providing funding decision (90 business days);Fournir une décision de financement (90 jours ouvrables);TML;;EML;;;;0.9;101.0;113.0;0.8938;;;N;https://www.nrcan.gc.ca/transparency/reporting-and-accountability/plans-and-performance-reports/service-standards-for-transfer-payment-programs/22265;https://www.rncan.gc.ca/transparence/rapports-et-responsabilisation/plans-et-rapports-sur-le-rendement/standards-de-service-pour-les-programmes-de-paiement-de-transfert-propre/22266;;;nrcan-rncan;134.0;Natural Resources Canada;Ressources naturelles Canada;2023-2024_134_3222
11941;2023-2024;3222;Green Freight Program (GFP);Programme de transport écoénergétique de marchandises;5855;Issuing payment (30 business days);Emission du paiement (30 jours ouvrables);TML;;EML;;;;0.9;113.0;113.0;1.0;;;Y;https://www.nrcan.gc.ca/transparency/reporting-and-accountability/plans-and-performance-reports/service-standards-for-transfer-payment-programs/22265;https://www.rncan.gc.ca/transparence/rapports-et-responsabilisation/plans-et-rapports-sur-le-rendement/standards-de-service-pour-les-programmes-de-paiement-de-transfert-propre/22266;;;nrcan-rncan;134.0;Natural Resources Canada;Ressources naturelles Canada;2023-2024_134_3222
11942;2023-2024;3242;SmartDriver;Conducteur averti;5856;Acknowledge receipt of general inquiries as soon as possible and no later than 3 business days.;ccuser réception des demandes générales le plus rapidement possible, sans dépasser 3 jours ouvrables.;TML;;EML;;;;;0.0;0.0;;Volume not provided;Volume non communiqué;;https://natural-resources.canada.ca/energy-efficiency/transportation-alternative-fuels/greening-freight-programs/smartdriver-training-series/21048;https://ressources-naturelles.canada.ca/efficacite-energetique/efficacite-energetique-transports-carburants-remplacement/programme-transport-ecoenergetique-marchandises/serie-de-formations-conducteur-averti/21049?_gl=1*1k59g4a*_ga*OTgzNzQxMDIuMTY3MzYzMzYxMw..*_ga_C2N57Y7DX5*MTczMTUyOTQ1OS40Ni4xLjE3MzE1Mjk4NDMuMC4wLjA.;;;nrcan-rncan;134.0;Natural Resources Canada;Ressources naturelles Canada;2023-2024_134_3242
11944;2023-2024;3242;SmartDriver;Conducteur averti;5858;Respond to Contact Us  inquiries no later than 7 business days.;Répondre aux demandes de la section communiquez avec nous sans dépasser 7 jours ouvrables.;TML;;EML;;;;;0.0;0.0;;Volume not provided;Volume non communiqué;;https://natural-resources.canada.ca/energy-efficiency/transportation-alternative-fuels/greening-freight-programs/smartdriver-training-series/21048;https://ressources-naturelles.canada.ca/efficacite-energetique/efficacite-energetique-transports-carburants-remplacement/programme-transport-ecoenergetique-marchandises/serie-de-formations-conducteur-averti/21049?_gl=1*1k59g4a*_ga*OTgzNzQxMDIuMTY3MzYzMzYxMw..*_ga_C2N57Y7DX5*MTczMTUyOTQ1OS40Ni4xLjE3MzE1Mjk4NDMuMC4wLjA.;;;nrcan-rncan;134.0;Natural Resources Canada;Ressources naturelles Canada;2023-2024_134_3242
11945;2023-2024;3251;Clean Fuels Fund (CFF);Fonds pour les combustibles propres;5777;Acknowledging receipt of proposal (5 business days);Accusé de réception de la proposition (5 jours ouvrables);TML;;EML;;;;0.95;9.0;9.0;1.0;;;Y;https://www.nrcan.gc.ca/transparency/reporting-and-accountability/plans-and-performance-reports/service-standards-for-transfer-payment-programs/22265;https://www.rncan.gc.ca/transparence/rapports-et-responsabilisation/plans-et-rapports-sur-le-rendement/standards-de-service-pour-les-programmes-de-paiement-de-transfert-propre/22266;;;nrcan-rncan;134.0;Natural Resources Canada;Ressources naturelles Canada;2023-2024_134_3251
11946;2023-2024;3251;Clean Fuels Fund (CFF);Fonds pour les combustibles propres;5863;Providing funding decision (120 calendar days);Fournir une décision de financement (120 jours civils);TML;;EML;;;;0.9;0.0;22.0;0.0;;;N;https://www.nrcan.gc.ca/transparency/reporting-and-accountability/plans-and-performance-reports/service-standards-for-transfer-payment-programs/22265;https://www.rncan.gc.ca/transparence/rapports-et-responsabilisation/plans-et-rapports-sur-le-rendement/standards-de-service-pour-les-programmes-de-paiement-de-transfert-propre/22266;;;nrcan-rncan;134.0;Natural Resources Canada;Ressources naturelles Canada;2023-2024_134_3251
11948;2023-2024;1675;Transportation Fuels Webpage;Page Web sur les carburants de transport;8695;Response time for information requests is 5 working days.;Le temps de réponse pour les demandes d'information est de cinq jours ouvrables.;TML;;OTH;Telephone, email;Téléphone, courriel;;0.95;;;;"Volume not provided
The webpage (gasoline and diesel prices) is updated each week day approximately 260 times per year.  This webpage is critical to NRCan's mandate.";"Volume non communiqué
La page Web (prix de l'essence et du diesel) est mise à jour chaque jour de la semaine, environ 260 fois par an.  Cette page Web est essentielle au mandat de RNCan.";;http://;http://;;;nrcan-rncan;134.0;Natural Resources Canada;Ressources naturelles Canada;2023-2024_134_1675
11950;2023-2024;1260;Canada Lands Survey System;Système d'arpentage des terres du Canada;5386;Recording survey documents in Canada Lands Survey Records (CLSR);Enregistrement de documents d’arpentage dans les Archives d’arpentage des terres du Canada (AATC);TML;;ONL;;;;0.95;654.0;716.0;0.9134;;;N;https://www.nrcan.gc.ca/maps-tools-and-publications/maps/canada-lands-surveys/service-standards-the-canada-lands-survey-system/22954;https://www.rncan.gc.ca/cartes-outils-et-publications/cartes/arpentage-terres-canada/normes-de-service-au-systeme-darpentage-des-terres-du-canada/22955;;;nrcan-rncan;134.0;Natural Resources Canada;Ressources naturelles Canada;2023-2024_134_1260
11951;2023-2024;1260;Canada Lands Survey System;Système d'arpentage des terres du Canada;5387;Updating cadastral datasets: New plans;Mise à jour de jeux de données cadastrales: nouveaux plans;TML;;ONL;;;;0.75;933.0;1082.0;0.8623;;;Y;https://www.nrcan.gc.ca/maps-tools-and-publications/maps/canada-lands-surveys/service-standards-the-canada-lands-survey-system/22954;https://www.rncan.gc.ca/cartes-outils-et-publications/cartes/arpentage-terres-canada/normes-de-service-au-systeme-darpentage-des-terres-du-canada/22955;;;nrcan-rncan;134.0;Natural Resources Canada;Ressources naturelles Canada;2023-2024_134_1260
11956;2023-2024;1674;Canadian Certified Reference Materials Project;Projet canadien des matériaux de référence certifiés;5845;All items listed in the price list are normally in stock and will, except in unusual circumstances, be dispatched within five (5) working days of receipt of the order.;Normalement, tous les matériaux figurant sur la liste des prix sont disponibles et seront, sauf en cas de circonstances inhabituelles, expédiés dans les cinq jours ouvrables suivant la réception de la commande.;TML;;EML;;;;0.95;391.0;402.0;0.9726;"The standard is for dispatch of orders, and not applications, as the term ""application"" is not interpreted to included orders.  To be reviewed next reporting period.
more than 95% of orders dispatched within 5 days of receipt";"La norme concerne l'envoi du nombre de commandes, et non de demandes, car le terme « demande » n'est pas interprété comme incluant les commandes.  À revoir lors de la prochaine période de rapport.
plus de 95% de commandes expédiées dans les 5 jours suivant leur réception";Y;https://natural-resources.canada.ca/mining-materials/resources/canadian-certified-reference-materials-project/how-order/8145;https://ressources-naturelles.canada.ca/nos-ressources-naturelles/mines-materiaux/services-pour-lindustrie-miniere/projet-canadien-materiaux-reference-certifies/pour-commander/8146;calculated from data in database on  internal network;calculé des données qui viennent d'une base de donn;nrcan-rncan;134.0;Natural Resources Canada;Ressources naturelles Canada;2023-2024_134_1674
11960;2023-2024;2577;Contribution in support of Climate Change Adaptation;Contribution à l'appui de l'adaptation au changement climatique;5374;Acknowledging receipt of proposal (5 business days);Accusé de réception de la proposition (5 jours ouvrables);TML;;EML;;;;0.95;3.0;3.0;1.0;;;Y;https://www.nrcan.gc.ca/transparency/reporting-and-accountability/plans-and-performance-reports/service-standards-for-transfer-payment-programs/22265;https://www.rncan.gc.ca/transparence/rapports-et-responsabilisation/plans-et-rapports-sur-le-rendement/standards-de-service-pour-les-programmes-de-paiement-de-transfert-propre/22266;;;nrcan-rncan;134.0;Natural Resources Canada;Ressources naturelles Canada;2023-2024_134_2577
11961;2023-2024;2577;Contribution in support of Climate Change Adaptation;Contribution à l'appui de l'adaptation au changement climatique;5375;Providing funding decision (80 business days);Fournir une décision de financement (80 jours civils);TML;;EML;;;;0.9;3.0;3.0;1.0;;;Y;https://www.nrcan.gc.ca/transparency/reporting-and-accountability/plans-and-performance-reports/service-standards-for-transfer-payment-programs/22265;https://www.rncan.gc.ca/transparence/rapports-et-responsabilisation/plans-et-rapports-sur-le-rendement/standards-de-service-pour-les-programmes-de-paiement-de-transfert-propre/22266;;;nrcan-rncan;134.0;Natural Resources Canada;Ressources naturelles Canada;2023-2024_134_2577
11963;2023-2024;2602;Grants and Contributions in support of Geoscience;Subventions et contributions en soutien aux géosciences;5367;Acknowledging receipt of proposal (5 business days) (GEM);Accusé de réception de la proposition (5 jours ouvrables) (GEM);TML;;EML;;;;0.95;11.0;11.0;1.0;;;Y;https://www.nrcan.gc.ca/transparency/reporting-and-accountability/plans-and-performance-reports/service-standards-for-transfer-payment-programs/22265;https://www.rncan.gc.ca/transparence/rapports-et-responsabilisation/plans-et-rapports-sur-le-rendement/standards-de-service-pour-les-programmes-de-paiement-de-transfert-propre/22266;;;nrcan-rncan;134.0;Natural Resources Canada;Ressources naturelles Canada;2023-2024_134_2602
11964;2023-2024;2602;Grants and Contributions in support of Geoscience;Subventions et contributions en soutien aux géosciences;5368;Providing funding decision (30 business days) (GEM);Fournir une décision de financement (30 jours ouvrables) (GEM);TML;;EML;;;;0.9;11.0;11.0;1.0;;;Y;https://www.nrcan.gc.ca/transparency/reporting-and-accountability/plans-and-performance-reports/service-standards-for-transfer-payment-programs/22265;https://www.rncan.gc.ca/transparence/rapports-et-responsabilisation/plans-et-rapports-sur-le-rendement/standards-de-service-pour-les-programmes-de-paiement-de-transfert-propre/22266;;;nrcan-rncan;134.0;Natural Resources Canada;Ressources naturelles Canada;2023-2024_134_2602
11965;2023-2024;2602;Grants and Contributions in support of Geoscience;Subventions et contributions en soutien aux géosciences;5369;Issuing payment (30 business days) (GEM);Émission de paiement (30 jours ouvrables) (GEM);TML;;EML;;;;0.9;1.0;10.0;0.1;;;N;https://www.nrcan.gc.ca/transparency/reporting-and-accountability/plans-and-performance-reports/service-standards-for-transfer-payment-programs/22265;https://www.rncan.gc.ca/transparence/rapports-et-responsabilisation/plans-et-rapports-sur-le-rendement/standards-de-service-pour-les-programmes-de-paiement-de-transfert-propre/22266;;;nrcan-rncan;134.0;Natural Resources Canada;Ressources naturelles Canada;2023-2024_134_2602
11966;2023-2024;2602;Grants and Contributions in support of Geoscience;Subventions et contributions en soutien aux géosciences;5370;Acknowledging receipt of proposal (5 business days) (TGI);Accusé de réception de la proposition (5 jours ouvrables) (IGC);TML;;EML;;;;0.95;13.0;13.0;1.0;;;Y;https://www.nrcan.gc.ca/transparency/reporting-and-accountability/plans-and-performance-reports/service-standards-for-transfer-payment-programs/22265;https://www.rncan.gc.ca/transparence/rapports-et-responsabilisation/plans-et-rapports-sur-le-rendement/standards-de-service-pour-les-programmes-de-paiement-de-transfert-propre/22266;;;nrcan-rncan;134.0;Natural Resources Canada;Ressources naturelles Canada;2023-2024_134_2602
11967;2023-2024;2602;Grants and Contributions in support of Geoscience;Subventions et contributions en soutien aux géosciences;5371;Providing funding decision (60 business days) (TGI);Fournir une décision de financement (60 jours civils) (IGC);TML;;EML;;;;0.9;13.0;13.0;1.0;;;Y;https://www.nrcan.gc.ca/transparency/reporting-and-accountability/plans-and-performance-reports/service-standards-for-transfer-payment-programs/22265;https://www.rncan.gc.ca/transparence/rapports-et-responsabilisation/plans-et-rapports-sur-le-rendement/standards-de-service-pour-les-programmes-de-paiement-de-transfert-propre/22266;;;nrcan-rncan;134.0;Natural Resources Canada;Ressources naturelles Canada;2023-2024_134_2602
11968;2023-2024;2602;Grants and Contributions in support of Geoscience;Subventions et contributions en soutien aux géosciences;5372;Issuing payment (30 business days) (TGI);Émission de paiement (30 jours ouvrables) (IGC);TML;;EML;;;;0.9;26.0;26.0;1.0;;;Y;https://www.nrcan.gc.ca/transparency/reporting-and-accountability/plans-and-performance-reports/service-standards-for-transfer-payment-programs/22265;https://www.rncan.gc.ca/transparence/rapports-et-responsabilisation/plans-et-rapports-sur-le-rendement/standards-de-service-pour-les-programmes-de-paiement-de-transfert-propre/22266;;;nrcan-rncan;134.0;Natural Resources Canada;Ressources naturelles Canada;2023-2024_134_2602
11970;2023-2024;2604;CIM's Our Earth's Riches Mineral Literacy Installation;Installation Our Earth's Riches de l'ICM pour mieux faire connaître le domaine minier aux jeunes Canadiens;5945;The interactive mineral literacy experience is 100% accurate;L'expérience interactive sur les minéraux est exacte à 100 %.;ACY;;EML;;;;;;;;;;;http://;http://;;;nrcan-rncan;134.0;Natural Resources Canada;Ressources naturelles Canada;2023-2024_134_2604
11972;2023-2024;2606;Mining Matters Educational Resources for Students;Ressources éducatives pour les étudiants 'Mining Matters';5947;The educational resources are 100% accurate;Les ressources éducatives sont exactes à 100 %.;ACY;;EML;;;;;;;;;;;http://;http://;;;nrcan-rncan;134.0;Natural Resources Canada;Ressources naturelles Canada;2023-2024_134_2606
11973;2023-2024;2608;Development and Delivery of Regional Mining Webinars;Développement et livraison de séminaire en ligne régionaux pour l'exploitation minière;5948;Providing access to educational webinars.(Webinars are accessible 24 hours a day,  7 days a week, 365 days a year);Accès aux webinaires éducatifs.(Les webinaires sont accessibles 24 heures sur 24, 7 jours sur 7, 365 jours par an.);ACS;;EML;;;;;;;;;;;http://;http://;;;nrcan-rncan;134.0;Natural Resources Canada;Ressources naturelles Canada;2023-2024_134_2608
11974;2023-2024;2608;Development and Delivery of Regional Mining Webinars;Développement et livraison de séminaire en ligne régionaux pour l'exploitation minière;5949;Webinars are 100% accurate;Les webinaires sont exacts à 100 %.;ACY;;EML;;;;;;;;;;;http://;http://;;;nrcan-rncan;134.0;Natural Resources Canada;Ressources naturelles Canada;2023-2024_134_2608
11975;2023-2024;2912;Canadian Hazards Information Service (Untargeted);Service canadien d'information sur les risques (non ciblé);5887;Reports on 95% earthquakes M>4 within 5 mins of data acquistion. Space weather forecast issued daily.;Rapports sur 95 % des tremblements de terre M>4 dans les 5 minutes suivant l'acquisition des données. Prévisions météorologiques spatiales publiées quotidiennement.;TML;;ONL;;;;;;;;;;;http://;http://;;;nrcan-rncan;134.0;Natural Resources Canada;Ressources naturelles Canada;2023-2024_134_2912
11976;2023-2024;3193;Administration of the Explosives Act and Explosives Regulations, 2013;Administration de la loi sur les explosifs et du règlement sur les explosifs de 2013;5748;Decisions on applications for authorization will be made within 40 business days of receipt of the complete documentation in compliance with the requirements of the Explosives Regulations, 2013.;Les décisions relatives aux demandes d'autorisation seront prises dans les 40 jours ouvrables suivant la réception de la documentation complète, conformément aux exigences du Règlement sur les explosifs de 2013.;TML;;ONL;;;;0.95;6162.0;6174.0;0.9981;;;Y;http://;https://natural-resources.canada.ca/our-natural-resources/minerals-mining/explosives-fireworks-and-ammunition/explosives/permits-licences-certificates-and-regulations-for-explosives/fees-and-service-standards/fees-and-service-standards;https://ressources-naturelles.canada.ca/nos-ressources-naturelles/mines-materiaux/explosifs-pieces-pyrotechniques-et-munitions/explosifs/permis-licences-certificats-et-reglements-concernant-les-explosif/frais-et-normes-de-service/frais-et;https://ressources-naturelles.canada.ca/nos-ressources-naturelles/mines-materiaux/explosifs-pieces-pyrotechniques-et-munitions/explosifs/permis-licences-certificats-et-reglements-concernant-les-explosif/frais-et-normes-de-service/frais-et;nrcan-rncan;134.0;Natural Resources Canada;Ressources naturelles Canada;2023-2024_134_3193
11978;2023-2024;3193;Administration of the Explosives Act and Explosives Regulations, 2013;Administration de la loi sur les explosifs et du règlement sur les explosifs de 2013;5750;Initial factory applications for High Explosives will be completed within 60 business days of receipt of completed documentation.;Les demandes initiales d'usine pour les explosifs détonants seront traitées dans les 60 jours ouvrables suivant la réception de la documentation dûment remplie.;TML;;ONL;;;;0.95;32.0;32.0;1.0;;;Y;http://;https://natural-resources.canada.ca/our-natural-resources/minerals-mining/explosives-fireworks-and-ammunition/explosives/permits-licences-certificates-and-regulations-for-explosives/fees-and-service-standards/fees-and-service-standards;https://ressources-naturelles.canada.ca/nos-ressources-naturelles/mines-materiaux/explosifs-pieces-pyrotechniques-et-munitions/explosifs/permis-licences-certificats-et-reglements-concernant-les-explosif/frais-et-normes-de-service/frais-et;https://ressources-naturelles.canada.ca/nos-ressources-naturelles/mines-materiaux/explosifs-pieces-pyrotechniques-et-munitions/explosifs/permis-licences-certificats-et-reglements-concernant-les-explosif/frais-et-normes-de-service/frais-et;nrcan-rncan;134.0;Natural Resources Canada;Ressources naturelles Canada;2023-2024_134_3193
11979;2023-2024;3193;Administration of the Explosives Act and Explosives Regulations, 2013;Administration de la loi sur les explosifs et du règlement sur les explosifs de 2013;5751;Renewals of all licenses and permits will be processed within 30 business days of a completed request.;Les renouvellements de toutes les licences et permis seront traités dans les 30 jours ouvrables suivant une demande dûment remplie.;TML;;ONL;;;;0.95;1361.0;1365.0;0.9971;;;Y;http://;https://natural-resources.canada.ca/our-natural-resources/minerals-mining/explosives-fireworks-and-ammunition/explosives/permits-licences-certificates-and-regulations-for-explosives/fees-and-service-standards/fees-and-service-standards;https://ressources-naturelles.canada.ca/nos-ressources-naturelles/mines-materiaux/explosifs-pieces-pyrotechniques-et-munitions/explosifs/permis-licences-certificats-et-reglements-concernant-les-explosif/frais-et-normes-de-service/frais-et;https://ressources-naturelles.canada.ca/nos-ressources-naturelles/mines-materiaux/explosifs-pieces-pyrotechniques-et-munitions/explosifs/permis-licences-certificats-et-reglements-concernant-les-explosif/frais-et-normes-de-service/frais-et;nrcan-rncan;134.0;Natural Resources Canada;Ressources naturelles Canada;2023-2024_134_3193
11980;2023-2024;2611;Contributions in support of Indigenous Natural Resource Partnerships;Contributions en faveur des partenariats pour les ressources naturelles autochtones;5383;Acknowledging receipt of proposal (5 business days);Accusé de réception de la proposition (5 jours ouvrables);TML;;ONL;;;;0.95;65.0;66.0;0.9848;;;Y;https://www.nrcan.gc.ca/transparency/reporting-and-accountability/plans-and-performance-reports/service-standards-for-transfer-payment-programs/22265;https://www.rncan.gc.ca/transparence/rapports-et-responsabilisation/plans-et-rapports-sur-le-rendement/standards-de-service-pour-les-programmes-de-paiement-de-transfert-propre/22266;;;nrcan-rncan;134.0;Natural Resources Canada;Ressources naturelles Canada;2023-2024_134_2611
11981;2023-2024;2611;Contributions in support of Indigenous Natural Resource Partnerships;Contributions en faveur des partenariats pour les ressources naturelles autochtones;5384;Providing funding decision (105 business days);Fournir une décision de financement (60 jours ouvrables);TML;;ONL;;;;0.9;23.0;23.0;1.0;;;Y;https://www.nrcan.gc.ca/transparency/reporting-and-accountability/plans-and-performance-reports/service-standards-for-transfer-payment-programs/22265;https://www.rncan.gc.ca/transparence/rapports-et-responsabilisation/plans-et-rapports-sur-le-rendement/standards-de-service-pour-les-programmes-de-paiement-de-transfert-propre/22266;;;nrcan-rncan;134.0;Natural Resources Canada;Ressources naturelles Canada;2023-2024_134_2611
11982;2023-2024;2611;Contributions in support of Indigenous Natural Resource Partnerships;Contributions en faveur des partenariats pour les ressources naturelles autochtones;5385;Issuing payment (30 business days);Émission de paiement (30 jours ouvrables);TML;;ONL;;;;0.9;45.0;49.0;0.9184;;;Y;https://www.nrcan.gc.ca/transparency/reporting-and-accountability/plans-and-performance-reports/service-standards-for-transfer-payment-programs/22265;https://www.rncan.gc.ca/transparence/rapports-et-responsabilisation/plans-et-rapports-sur-le-rendement/standards-de-service-pour-les-programmes-de-paiement-de-transfert-propre/22266;;;nrcan-rncan;134.0;Natural Resources Canada;Ressources naturelles Canada;2023-2024_134_2611
11983;2023-2024;2612;Contributions in support of Indigenous Advisory & Monitoring Committees for EIPs (TMX & L3);Contributions pour appuyer les comités autochtones de consultation et de surveillance de projets d'infrastructure énergétique - comités (TMX & L3);5295;Acknowledging receipt of proposal (5 business days);Accusé de réception de la proposition (5 jours ouvrables);TML;;ONL;;;;0.95;34.0;42.0;0.8095;;;N;https://www.nrcan.gc.ca/transparency/reporting-and-accountability/plans-and-performance-reports/service-standards-for-transfer-payment-programs/22265;https://www.rncan.gc.ca/transparence/rapports-et-responsabilisation/plans-et-rapports-sur-le-rendement/standards-de-service-pour-les-programmes-de-paiement-de-transfert-propre/22266;;;nrcan-rncan;134.0;Natural Resources Canada;Ressources naturelles Canada;2023-2024_134_2612
11984;2023-2024;2612;Contributions in support of Indigenous Advisory & Monitoring Committees for EIPs (TMX & L3);Contributions pour appuyer les comités autochtones de consultation et de surveillance de projets d'infrastructure énergétique - comités (TMX & L3);5296;Providing funding decision (60 business days);Fournir une décision de financement (60 jours ouvrables);TML;;ONL;;;;0.9;39.0;42.0;0.9286;;;Y;https://www.nrcan.gc.ca/transparency/reporting-and-accountability/plans-and-performance-reports/service-standards-for-transfer-payment-programs/22265;https://www.rncan.gc.ca/transparence/rapports-et-responsabilisation/plans-et-rapports-sur-le-rendement/standards-de-service-pour-les-programmes-de-paiement-de-transfert-propre/22266;;;nrcan-rncan;134.0;Natural Resources Canada;Ressources naturelles Canada;2023-2024_134_2612
11985;2023-2024;2612;Contributions in support of Indigenous Advisory & Monitoring Committees for EIPs (TMX & L3);Contributions pour appuyer les comités autochtones de consultation et de surveillance de projets d'infrastructure énergétique - comités (TMX & L3);5297;Issuing payment (30 business days);Émission de paiement (30 jours ouvrables);TML;;ONL;;;;0.9;42.0;50.0;0.84;;;N;https://www.nrcan.gc.ca/transparency/reporting-and-accountability/plans-and-performance-reports/service-standards-for-transfer-payment-programs/22265;https://www.rncan.gc.ca/transparence/rapports-et-responsabilisation/plans-et-rapports-sur-le-rendement/standards-de-service-pour-les-programmes-de-paiement-de-transfert-propre/22266;;;nrcan-rncan;134.0;Natural Resources Canada;Ressources naturelles Canada;2023-2024_134_2612
11988;2023-2024;2613;Contributions in support of Indigenous Participation in Dialogues;Contributions à l'appui du Fonds d'aide financière aux participants pour les consultations auprès des Autochtones;5291;Issuing payment (30 business days);Émission de paiement (30 jours ouvrables);TML;;ONL;;;;0.9;9.0;11.0;0.8182;;;N;https://www.nrcan.gc.ca/transparency/reporting-and-accountability/plans-and-performance-reports/service-standards-for-transfer-payment-programs/22265;https://www.rncan.gc.ca/transparence/rapports-et-responsabilisation/plans-et-rapports-sur-le-rendement/standards-de-service-pour-les-programmes-de-paiement-de-transfert-propre/22266;;;nrcan-rncan;134.0;Natural Resources Canada;Ressources naturelles Canada;2023-2024_134_2613
11990;2023-2024;2614;Contributions in support of Accommodation Measures for Trans Mountain Expansion;Contributions à l'appui des mesures d'accommodement du projet d'agrandissement du réseau de Trans Mountain;5287;Providing funding decision (60 business days);Fournir une décision de financement (60 jours ouvrables);TML;;ONL;;;;;0.0;0.0;;No new contribution agreements have been signed since 2022-2023.  All 2023-2024 has been transfered to ECCC;Aucun nouvel accord de contribution n'a été signé depuis 2022-2023.  La totalité de la période 2023-2024 a été transférée à l'ECCC.;;https://www.nrcan.gc.ca/transparency/reporting-and-accountability/plans-and-performance-reports/service-standards-for-transfer-payment-programs/22265;https://www.rncan.gc.ca/transparence/rapports-et-responsabilisation/plans-et-rapports-sur-le-rendement/standards-de-service-pour-les-programmes-de-paiement-de-transfert-propre/22266;;;nrcan-rncan;134.0;Natural Resources Canada;Ressources naturelles Canada;2023-2024_134_2614
11995;2023-2024;2917;Open Science and Data Platform;Plateforme de science et de données ouvertes;5776;Providing access to science and data in support of the Impact Assessment, Regional Assessment and Cumulative Effects;Fournir l'accès à la science et aux données ouvertes à l’appui de l’évaluation d’impact, l'évaluation régionale et les effets cumulatifs;ACS;;ONL;On-line platform providing open science and data as well as information about federal redulatory registries.;Plateforme en ligne fournissant des publications scientifiques et des données ouvertes ainsi que des informations sur les registres réglementaires fédéraux.;;0.95;45000.0;45000.0;1.0;"Access of OSDP during business hours, target of 95%. Further, beyond normal business hours, the service is running 24/7 in a resilient cloud-resident solution. Total volume should be tracked as number of business days in a fiscal year (260.88).  To be reviewed next reporting period
Access of OSDP during business hours, target of 95%. Further, beyond normal business hours, the service is running 24/7 in a resilient cloud-resident solution.";Accès à la PSDO pendant les heures ouvrables, objectif de 95 %. De plus, au-delà des heures normales de bureau, le service fonctionne 24h/24 et 7j/7 dans une solution résiliente résidant dans le nuage.Le volume total devrait être suivi en tant que nombre de jours ouvrables au cours d'un exercice fiscal (260.88).  À revoir lors de la prochaine période de rapport;Y;http://;http://;;;nrcan-rncan;134.0;Natural Resources Canada;Ressources naturelles Canada;2023-2024_134_2917
12011;2023-2024;757;Funding Decisions for Grants to Researchers;Décisions sur le financement des subventions de recherche;5152;Notify applicants of the outcome of their applications (deemed complete), from the date of receipt by NSERC, in accordance with the established deadlines. (Deadlines for notice of decision vary by program.);Aviser les candidats du résultat de leurs demandes (réputé complet), à compter de la date de réception par le CRSNG, conformément aux délais prescrits. (Les délais d’avis de décision varient d’un programme à l’autre.);TML;;ONL;;;;0.8;991.0;1245.0;0.796;;;N;https://www.nserc-crsng.gc.ca/NSERC-CRSNG/ServiceStandards-NormesDeService/PerformanceStandards-NormesDeRendement_eng.asp;https://www.nserc-crsng.gc.ca/NSERC-CRSNG/ServiceStandards-NormesDeService/PerformanceStandards-NormesDeRendement_fra.asp;;;nserc-crsng;230.0;Natural Sciences and Engineering Research Council of Canada;Conseil de recherches en sciences naturelles et en génie du Canada;2023-2024_230_757
12014;2023-2024;758;Funding Decisions for Institutional Capacity;Décisions de financement relatives à la capacité institutionnelle;8696;Notify applicants of the outcome of their applications (deemed complete), from the date of receipt by NSERC, in accordance with the established deadlines. (Deadlines for notice of decision vary by program.);Aviser les candidats du résultat de leurs demandes (réputé complet), à compter de la date de réception par le CRSNG, conformément aux délais prescrits. (Les délais d’avis de décision varient d’un programme à l’autre.);TML;;ONL;;;;0.8;286.0;344.0;0.8314;;;Y;https://www.nserc-crsng.gc.ca/NSERC-CRSNG/ServiceStandards-NormesDeService/PerformanceStandards-NormesDeRendement_eng.asp;https://www.nserc-crsng.gc.ca/NSERC-CRSNG/ServiceStandards-NormesDeService/PerformanceStandards-NormesDeRendement_fra.asp;;;nserc-crsng;230.0;Natural Sciences and Engineering Research Council of Canada;Conseil de recherches en sciences naturelles et en génie du Canada;2023-2024_230_758
12030;2023-2024;SRV02818;Financial audits of the Public Accounts of Canada;Audit des états financiers des Comptes publics du Canada;0;Percentage of audits that meet statutory deadlines;Pourcentage des audits réalisés dans le respect des échéances fixées par la loi;TML;;EML;;;;0.8;1.0;1.0;1.0;;;Y;;;;;oag-bvg;238.0;Office of the Auditor General of Canada;Bureau du vérificateur général du Canada;2023-2024_238_SRV02818
12037;2023-2024;2539;Respond to requests for information from Parliamentarians.;Répondre aux demandes d'information des parlementaires.;5320;If Parliamentarians submit requests by email or phone, response time is 48 hours. For requests received by postal mail, response time is 30 days.;Si les parlementaires soumettent leurs demandes par courriel ou par téléphone, le temps de réponse est de 48 heures. Pour les demandes reçues par la poste, le délai de réponse est 30 jours.;TML;;EML;;;;1.0;11.0;11.0;1.0;In all cases, we responded to Parliamentarians within established timelines.;Dans tous les cas, nous avons répondu aux parlementaires dans les délais établis.;Y;https://www.priv.gc.ca/fr/mesures-et-decisions-prises-par-le-commissariat/conseils-au-parlement/;https://www.priv.gc.ca/en/opc-actions-and-decisions/advice-to-parliament/;Not applicable;Not applicable;opc-cpvp;256.0;Offices of the Information and Privacy Commissioners of Canada;Commissariats à l’information et à la protection de la vie privée du Canada;2023-2024_256_2539
12038;2023-2024;2550;Contributions Program of the Office of the Privacy Commissioner of Canada.;Programme des contributions du Commissariat à la protection de la vie privée du Canada.;5321;Advise applicants of our funding decisions within 90 business days of the close of a call for proposals.;Informer les candidats de nos décisions de financement dans les 90 jours ouvrables suivant la clôture d'un appel à propositions.;TML;;EML;All applications were received via email this year, although we also allow people to submit via mail or Fax.;Cette année, toutes les candidatures ont été reçues par courriel, mais nous offrons également la possibilité de les envoyer par courrier ou par télécopie.;;;61.0;68.0;0.8971;In most cases, we responded to organizations within the 90 business days. Due to a filing error, 7 applicants received a response outside of the standard.;Dans la plupart des cas, nous avons répondu aux organisations dans les 90 jours ouvrables. En raison d'une erreur de classement, 7 candidats ont reçu une réponse en dehors de la norme.;;https://www.priv.gc.ca/en/opc-actions-and-decisions/research/funding-for-privacy-research-and-knowledge-translation/;https://www.priv.gc.ca/fr/mesures-et-decisions-prises-par-le-commissariat/recherche/financement-pour-les-projets-de-recherche-et-d-application-des-connaissances/;Not applicable;Not applicable;opc-cpvp;256.0;Offices of the Information and Privacy Commissioners of Canada;Commissariats à l’information et à la protection de la vie privée du Canada;2023-2024_256_2550
12057;2023-2024;SRV02887;Emergency Dispatch;Envoi d'urgence;8732;We will answer 90% of emergency phone calls within 15 seconds.;Nous répondons à 90 % des appels d'urgence dans les 15 secondes.;TML;;TEL;The application for tracking time on phone is being updated - allowing us to measure this service standard.;L'application de suivi du temps passé sur le téléphone est en cours de mise à jour, ce qui nous permettra de mesurer cette norme de service.;;0.9;;;;The application for tracking time on phone is being updated - allowing us to measure this service standard.;L'application de suivi du temps passé sur le téléphone est en cours de mise à jour, ce qui nous permettra de mesurer cette norme de service.;;http://;http://;;;pc;263.0;Parks Canada;Parcs Canada;2023-2024_263_SRV02887
12063;2023-2024;SRV03422;Library Services;Services de bibliothèque;8733;Ensure online resources are accessible 90% of the time, allowing uninterrupted access to Parks Canada online resources and promoting equal opportunity and diversity of users.;Veiller à ce que les ressources en ligne soient accessibles 90 % du temps, afin de permettre un accès ininterrompu aux ressources en ligne de Parcs Canada et de promouvoir l'égalité des chances et la diversité des utilisateurs.;ACS;;ONL;;;;0.9;;;;;;;http://;http://;;;pc;263.0;Parks Canada;Parcs Canada;2023-2024_263_SRV03422
12076;2023-2024;3684;Research Support Process;Processus de soutien à la recherche;8697;Acknowledgement of receipt is sent to applicants via email within 48 hours.;Un accusé de réception est envoyé aux candidats par courriel dans les 48 heures.;TML;;ONL;Online;en ligne;;0.95;61.0;61.0;1.0;;;Y;Not available;Non disponible;Not available;Non disponible;polar-polaire;552.0;Polar Knowledge Canada;Savoir polaire Canada;2023-2024_552_3684
12098;2023-2024;2265;Travel Health Advice;Conseils de santé aux voyageurs;8611;Percentage of visitors to travel.gc.ca who found travel health advice helpful;Pourcentage de visiteurs de travel.gc.ca ayant trouvé les conseils de santé pour les voyageurs utiles.;ACY;;OTH;Aligned with performance indicators (PIPs), results taken from the most recent Intercept Survey on travel.gc.ca;Alignée avec les indicateurs de performance (PIPs). Résultats tirés du sondage d'interception le plus récent sur travel.gc.ca;;0.8;66268409.0;71072940.0;0.9324;Percentage of visitors to travel.gc.ca who found travel health advice helpful: 93.24%+Q17;Pourcentage de visiteurs de travel.gc.ca ayant trouvé les conseils de voyage utiles: 93.24%;Y;;;;;phac-aspc;280.0;Public Health Agency of Canada;Agence de la santé publique du Canada;2023-2024_280_2265
12099;2023-2024;2265;Travel Health Advice;Conseils de santé aux voyageurs;8612;Percentage of visitors to travel.gc.ca who seek travel health advice;Pourcentage de visiteurs de travel.gc.ca qui recherchent des conseils de santé pour les voyageurs.;ACS;;OTH;Aligned with performance indicators (PIPs), Results taken from web analytics of travel health pages on travel.gc.ca provided by Global Affairs Canada;Aligné avec les indicateurs de performance (PIPs). Résultats tirés des analyses web des pages de santé pour les voyageus sur travel.gc.ca forunies par Affaires mondiales Canada.;;0.65;71072940.0;93939907.0;0.7566;Percentage of visitors to travel.gc.ca who seek travel health advice: 75.6% (71,072,940 travel health page visits / 93,939,907 visits to travel.gc.ca);Pourcentage de visiteurs de travel.gc.ca qui recherchent des conseils de santé pour les voyageurs: 75.6% (71,072,940 visites des pages de santé pour les voyageurs / 93,939,907 visites sur travel.gc.ca);Y;;;;;phac-aspc;280.0;Public Health Agency of Canada;Agence de la santé publique du Canada;2023-2024_280_2265
12131;2023-2024;840;Coordination of Federal Emergency Management (Government Operations Centre);Coordination de la gestion fédérale des situations d'urgence (Centre des opérations du gouvernement);8599;Coordinate whole-of-government response management for incidents meeting the Government Operations Centre’s activation criteria.;Coordonner la gestion de la réponse de l'ensemble du gouvernement pour les incidents répondant aux critères d'activation du centre d'opérations du gouvernement.;ACY;;OTH;;;;1.0;1.0;1.0;1.0;This is the GOC's core mandate.;Ceci est le mandat principal du COG.;Y;no service standard site yet;pas encore de site sur les normes de service;;;ps-sp;135.0;Public Safety Canada;Sécurité publique Canada;2023-2024_135_840
12132;2023-2024;840;Coordination of Federal Emergency Management (Government Operations Centre);Coordination de la gestion fédérale des situations d'urgence (Centre des opérations du gouvernement);8600;Distribute initial cyclical event planning guidance and conduct initial meetings by the end of February.;Distribuer les premières orientations en matière de planification des événements cycliques et organiser les premières réunions par la fin du mois de février.;TML;;EML;;;;1.0;4.0;4.0;1.0;All PS Regional Offices were consulted. These are internal service standards and not reported on publicly. Further, there may situations where accomplishing this may be overtaken by operational events or other priority events.;Tous les bureaux régionaux de la SP ont été consultés. Il s'agit de normes de service internes qui ne font pas l'objet d'un rapport public. En outre, il peut arriver que des événements opérationnels ou d'autres événements prioritaires l'emportent sur l'accomplissement de ces normes.;Y;no service standard site yet;pas encore de site sur les normes de service;;;ps-sp;135.0;Public Safety Canada;Sécurité publique Canada;2023-2024_135_840
12133;2023-2024;840;Coordination of Federal Emergency Management (Government Operations Centre);Coordination de la gestion fédérale des situations d'urgence (Centre des opérations du gouvernement);8601;Distribute the annual cyclical event risk assessments and engage with most at-risk stakeholders prior to the peak hazard season.;Distribuer les évaluations annuelles des risques liés aux événements cycliques et s'engager avec les parties prenantes les plus exposées aux risques avant la saison de pointe des dangers.;TML;;EML;;;;1.0;3.0;3.0;1.0;All regional offices facing the highest risks have been met and briefed. These are internal service standards and not reported on publicly. Further, there may situations where accomplishing this may be overtaken by operational events or other priority events.;Tous les bureaux régionaux confrontés aux risques les plus élevés ont été rencontrés et informés. Il s'agit de normes de service internes qui ne font pas l'objet d'un rapport public. En outre, il peut arriver que des événements opérationnels ou d'autres événements prioritaires l'emportent sur l'accomplissement de cette tâche.;Y;no service standard site yet;pas encore de site sur les normes de service;;;ps-sp;135.0;Public Safety Canada;Sécurité publique Canada;2023-2024_135_840
12134;2023-2024;840;Coordination of Federal Emergency Management (Government Operations Centre);Coordination de la gestion fédérale des situations d'urgence (Centre des opérations du gouvernement);8604;Maintain accurate Watch Team's SOPs.;Maintenir à jour les procédures opérationnelles normalisées de l'équipe de surveillance du COG.;TML;;ONL;;;;0.8;40.0;50.0;0.8;;;Y;no service standard site yet;pas encore de site sur les normes de service;;;ps-sp;135.0;Public Safety Canada;Sécurité publique Canada;2023-2024_135_840
12135;2023-2024;840;Coordination of Federal Emergency Management (Government Operations Centre);Coordination de la gestion fédérale des situations d'urgence (Centre des opérations du gouvernement);8603;Provide national-level awareness to emergency management partners for situations that meet the Government Operations Centre’s reporting criteria.;Sensibiliser au niveau national les partenaires de la gestion des urgences aux situations qui répondent aux critères d'établissement des rapports du Centre d'opérations du gouvernement.;ACY;;OTH;;;;1.0;547.0;547.0;1.0;This is the GOC's core mandate.;Ceci est le mandat principal du COG.;Y;no service standard site yet;pas encore de site sur les normes de service;;;ps-sp;135.0;Public Safety Canada;Sécurité publique Canada;2023-2024_135_840
12136;2023-2024;840;Coordination of Federal Emergency Management (Government Operations Centre);Coordination de la gestion fédérale des situations d'urgence (Centre des opérations du gouvernement);8602;Provide Watch Services 24/7.;Fournir des services de surveillance 24 heures sur 24 et 7 jours sur 7.;ACY;;OTH;;;;1.0;365.0;365.0;1.0;This is a critical service with an extremely limited downtime. The services are primarily situational awareness products for other federal departments, agencies and other stakeholders.;Il s'agit d'un service critique dont le temps d'arrêt est extrêmement limité. Les services sont principalement des produits de connaissance de la situation pour d'autres départements fédéraux, agences et autres parties prenantes.;Y;no service standard site yet;pas encore de site sur les normes de service;;;ps-sp;135.0;Public Safety Canada;Sécurité publique Canada;2023-2024_135_840
12143;2023-2024;822;Crime Prevention Inventory;Répertoire en prévention du crime;8625;The Call Out for Updates happens during the Spring/Summer FPT Working Group on Crime Prevention meeting, usually in late June. The deadline for submissions is the end of July. By late September/early October, the Research Division (RD) finalizes the updated templates, including Public Safety and provincial/territorial contributions. RD sends them for translation, receiving them by early November, and uploads them into the CPI backend application in December.;L'appel à des mises à jour a lieu lors de la réunion printemps/été du Groupe de travail FPT sur la prévention du crime, généralement fin juin. La date limite pour les soumissions est fin juillet. Fin septembre/début octobre, la Division de la recherche (DR) finalise les gabarits mis à jour, incluant les contributions de la Sécurité publique et des provinces/territoires. DR les envoie à la traduction, les reçoit début novembre et les télécharge dans l'application backend de l'IPC en décembre.;TML;;ONL;;;;0.95;45.0;45.0;1.0;Service Standard channel can be online and/or by email.;Le moyen par lequel la norme de service est administrée peut être en ligne et/ou par courrier électronique.;Y;no service standard site yet;pas encore de site sur les normes de service;;;ps-sp;135.0;Public Safety Canada;Sécurité publique Canada;2023-2024_135_822
12148;2023-2024;779;Emergency Management Exercises;Exercices de gestion des urgences;8607;Design and disseminate engagement strategies for each of the exercises that GOC either leads or participates in.;Concevoir et diffuser des stratégies d'engagement pour chacun des exercices que le COG dirige ou auxquels il participe.;ACY;;EML;;;;1.0;5.0;5.0;1.0;All engagement strategies for the exercises ECIS was responsible for were provided.;Toutes les stratégies d'engagement pour les exercices dont la division d’exercice, d’amélioration continue et des normes était responsable ont été fournies.;Y;no service standard site yet;pas encore de site sur les normes de service;;;ps-sp;135.0;Public Safety Canada;Sécurité publique Canada;2023-2024_135_779
12149;2023-2024;779;Emergency Management Exercises;Exercices de gestion des urgences;8606;Provide bilingual record of discussion to CIWG and FEWG partners within 10 business days following the meeting.;Fournir un compte rendu bilingue des discussions aux partenaires du GTAC et du GFTE dans les 10 jours ouvrables suivant la réunion.;TML;;EML;;;;1.0;6.0;12.0;0.5;;;N;no service standard site yet;pas encore de site sur les normes de service;;;ps-sp;135.0;Public Safety Canada;Sécurité publique Canada;2023-2024_135_779
12150;2023-2024;779;Emergency Management Exercises;Exercices de gestion des urgences;8605;Respond to email inquiries sent to the Continuous Improvement Working Group (CIWG) and Federal Exercise Working Group's (FEWG) organizational mailboxes within 36 hours.;Répondre aux demandes de renseignements envoyées par courrier électronique aux boîtes aux lettres organisationnelles du groupe de travail sur l'amélioration continue (GTAC) et du groupe de travail sur les exercice fédérales (GTFE) dans un délai de 36 heures.;TML;;EML;;;;1.0;124.0;137.0;0.9051;All CIWG correspondence are responded to within one (1) business day. For the FEWG, not all correspondence were responded to within the prescribed service standards due to a period of heightened operational tempo however, internal mitigation measures have been put in place to aim for a response within 24 hours.;Toute la correspondance du groupe de travail sur l'amélioration continue (GTAC) a été traité dans un délai d'un (1) jour ouvrable. Pour le  groupe de travail sur les exercice fédérales (GTFE) toutes les correspondances n'ont pas été traitées dans les normes de service prescrites en raison d'une période de rythme opérationnel élevé. Toutefois, des mesures d'atténuation internes ont été mises en place afin d'obtenir une réponse dans les 24 heures.;N;no service standard site yet;pas encore de site sur les normes de service;;;ps-sp;135.0;Public Safety Canada;Sécurité publique Canada;2023-2024_135_779
12217;2023-2024;840;Coordination of Federal Emergency Management (Government Operations Centre);Coordination de la gestion fédérale des situations d'urgence (Centre des opérations du gouvernement);8740;Coordinate whole-of-government response management for incidents meeting the Government Operations Centre’s activation criteria.;Coordonner la gestion de la réponse de l'ensemble du gouvernement pour les incidents répondant aux critères d'activation du centre d'opérations du gouvernement.;ACY;;OTH;;;;1.0;1.0;1.0;1.0;This is the GOC's core mandate.;Ceci est le mandat principal du COG.;Y;no service standard site yet;pas encore de site sur les normes de service;;;ps-sp;135.0;Public Safety Canada;Sécurité publique Canada;2023-2024_135_840
12218;2023-2024;840;Coordination of Federal Emergency Management (Government Operations Centre);Coordination de la gestion fédérale des situations d'urgence (Centre des opérations du gouvernement);8741;Distribute initial cyclical event planning guidance and conduct initial meetings by the end of February.;Distribuer les premières orientations en matière de planification des événements cycliques et organiser les premières réunions par la fin du mois de février.;TML;;EML;;;;1.0;4.0;4.0;1.0;All PS Regional Offices were consulted. These are internal service standards and not reported on publicly. Further, there may situations where accomplishing this may be overtaken by operational events or other priority events.;Tous les bureaux régionaux de la SP ont été consultés. Il s'agit de normes de service internes qui ne font pas l'objet d'un rapport public. En outre, il peut arriver que des événements opérationnels ou d'autres événements prioritaires l'emportent sur l'accomplissement de ces normes.;Y;no service standard site yet;pas encore de site sur les normes de service;;;ps-sp;135.0;Public Safety Canada;Sécurité publique Canada;2023-2024_135_840
12219;2023-2024;840;Coordination of Federal Emergency Management (Government Operations Centre);Coordination de la gestion fédérale des situations d'urgence (Centre des opérations du gouvernement);8742;Distribute the annual cyclical event risk assessments and engage with most at-risk stakeholders prior to the peak hazard season.;Distribuer les évaluations annuelles des risques liés aux événements cycliques et s'engager avec les parties prenantes les plus exposées aux risques avant la saison de pointe des dangers.;TML;;EML;;;;1.0;3.0;3.0;1.0;All regional offices facing the highest risks have been met and briefed. These are internal service standards and not reported on publicly. Further, there may situations where accomplishing this may be overtaken by operational events or other priority events.;Tous les bureaux régionaux confrontés aux risques les plus élevés ont été rencontrés et informés. Il s'agit de normes de service internes qui ne font pas l'objet d'un rapport public. En outre, il peut arriver que des événements opérationnels ou d'autres événements prioritaires l'emportent sur l'accomplissement de cette tâche.;Y;no service standard site yet;pas encore de site sur les normes de service;;;ps-sp;135.0;Public Safety Canada;Sécurité publique Canada;2023-2024_135_840
12220;2023-2024;840;Coordination of Federal Emergency Management (Government Operations Centre);Coordination de la gestion fédérale des situations d'urgence (Centre des opérations du gouvernement);8743;Provide Watch Services 24/7.;Fournir des services de surveillance 24 heures sur 24 et 7 jours sur 7.;ACY;;OTH;;;;1.0;365.0;365.0;1.0;This is a critical service with an extremely limited downtime. The services are primarily situational awareness products for other federal departments, agencies and other stakeholders.;Il s'agit d'un service critique dont le temps d'arrêt est extrêmement limité. Les services sont principalement des produits de connaissance de la situation pour d'autres départements fédéraux, agences et autres parties prenantes.;Y;no service standard site yet;pas encore de site sur les normes de service;;;ps-sp;135.0;Public Safety Canada;Sécurité publique Canada;2023-2024_135_840
12283;2023-2024;SRV02780;Project Management;Gestion du projet;8406;Percentage of real property projects that are delivered within scope, on time and on budget;Pourcentage des projets de biens immobiliers livrés conformément à la portée, dans les délais et selon le budget prévu;ACY;;ONL;;;;0.95;0.0;661.0;0.0;Exceeded target. Comment not required.;Objectif dépassé. Commentaire non requis;N;;;Not applicable;Not applicable;pwgsc-tpsgc;136.0;Public Services and Procurement Canada;Services publics et Approvisionnement Canada;2023-2024_136_SRV02780
12284;2023-2024;2029;Accessibility in the  Built Enviroment;Accessiblité et inclusivité dans l'environnement bâti;8407;Total accessibility score of PSPC Crown-owned and lease purchase buildings assessed against the 2018 Canadian Standards Association standard for Accessibility (CSA B651-2018;Score total d'accessibilité des immeubles appartenant à la Couronne et des immeubles en location-achat de SPAC évalués selon la norme 2018 des Normes d’accessibilité Canada (CSA B651-2018);ACY;;PERSON;;;;1.0;0.0;13352.0;0.0;"(Total volume of 13,352 accessibility score (This figure is meaningless without the associated methodology). 
RPS completed its first accessibility audit cycle and now has a baseline for its crown-owned and leased to purchased portfolio. RPS has completed a Technical Accessibility Assessment Action Plan that highlights both assets and accessibility improvements (base building) that should be implemented to bring our score closer to 100% compliant.  In the environment of budget constraints and portfolio reduction, it will be challenging to bring our existing base buildings to 100% compliant with current codes. When we start the next 5 year audit cycle we will be looking for improvements from the baseline.";"Volume total de 13 352 score d'accessibilité. Ce chiffre est sans signification sans la méthodologie associée. 
RPS a terminé son premier cycle d'audit d'accessibilité et dispose maintenant d'une base de référence pour son portefeuille de propriétés appartenant à la Couronne et louées ou achetées. RPS a complété un Plan d'Action d'Évaluation Technique de l'Accessibilité qui met en évidence à la fois les actifs et les améliorations d'accessibilité (bâtiment de base) qui devraient être mises en œuvre pour rapprocher notre score de 100% de conformité. Dans un contexte de contraintes budgétaires et de réduction du portefeuille, il sera difficile de rendre nos bâtiments de base existants 100% conformes aux codes actuels. Lorsque nous commencerons le prochain cycle d'audit de 5 ans, nous rechercherons des améliorations par rapport à la base de référence.";N;;;Not applicable;Not applicable;pwgsc-tpsgc;136.0;Public Services and Procurement Canada;Services publics et Approvisionnement Canada;2023-2024_136_2029
12285;2023-2024;2030;Green and Sustainable Government for Real Property;Gouvernement vert et durable pour les biens immobiliers;8408;Percentage of non-hazardous operational waste diverted from landfills for audited buildings;Pourcentage des déchets opérationnels non dangereux détournés des sites d'enfouissement pour les bâtiments audités.;ACY;;PERSON;;;;0.63;0.0;1476485.0;0.0;"Total volume in kg  (1476.5 tonnes). 
Achieving the interim diversion rate has been challenged by disruptions to diversion program services during pandemic (including temporary hold on composting programs),  and challenges to motivate RTO occupants to participate accordingly in new and changing workplace environments, with adapted diversion programs. However, while the occupancy of buildings has more than doubled since last year, the amount of waste generated has not: PSPC reduced its overall waste generated to 55 kg/occupant in 2023-24, representing a decrease of 52 kg/occupant since FY 2022-23 (from 107 kg/occupant). If this reduction is included in the final diversion calculation, the result is a 74.8% diversion against the 2022-2023 baseline of 107 kg/occupant. (Measurement methodology for this target is provided in guidance from TBS, which does not currently factor in reduction).";"Volume total en kg (1476,5 tonnes). 
Atteindre le taux de diversion intermédiaire a été compliqué par les perturbations des services de programmes de diversion pendant la pandémie (y compris la suspension temporaire des programmes de compostage) et les défis pour motiver les occupants de RTO à participer en conséquence dans de nouveaux environnements de travail en évolution, avec des programmes de diversion adaptés. Cependant, bien que l'occupation des bâtiments ait plus que doublé depuis l'année dernière, la quantité de déchets générés n'a pas suivi : SPAC a réduit ses déchets globaux générés à 55 kg/occupant en 2023-24, représentant une diminution de 52 kg/occupant depuis l'exercice 2022-23 (de 107 kg/occupant). Si cette réduction est incluse dans le calcul final de la diversion, le résultat est une diversion de 74,8 % par rapport à la base de référence de 2022-2023 de 107 kg/occupant. (La méthodologie de mesure pour cet objectif est fournie dans les directives du SCT, qui ne prend actuellement pas en compte la réduction).";N;;;Not applicable;Not applicable;pwgsc-tpsgc;136.0;Public Services and Procurement Canada;Services publics et Approvisionnement Canada;2023-2024_136_2030
12286;2023-2024;2030;Green and Sustainable Government for Real Property;Gouvernement vert et durable pour les biens immobiliers;8409;Percentage of plastic waste diverted from landfills for audited buildings;Pourcentage des déchets plastiques détournés des sites d'enfouissement pour les bâtiments audités.;ACY;;PERSON;;;;0.45;0.0;100570.0;0.0;"Total volume in kg (100.6 tonnes). 
Though slightly shy of the interim diversion target, plastic diversion is trending upward and the total plastic generated per occupant has dropped by more than half since last year (from 9.5 kg/occupant in FY 22/23 to 4.7 kg/occupant in FY 23/24). If this reduction were to be included in the diversion rate calculation, the result is a 70.8% diversion against the 2022-2023 baseline of 9.5 kg/occupant. (Measurement methodology for this target is provided in guidance from TBS, which does not currently factor in reduction).
Diversion alone remains a challenge due to consumption trends of single-use plastics with  low availability of market ready recycling solutions. PSPC is focusing on reducing plastic waste to promote a circular economy. Our multi-year occupant engagement pilot will provide valuable recommendations to guide the development of programs that promote behavioral change to effectively reduce and recycle plastic waste in the workplace.";"Volume total en kg (100,6 tonnes) 
Bien que légèrement en deçà de l'objectif provisoire de diversion, la diversion des plastiques est en hausse et la quantité totale de plastique générée par occupant a diminué de plus de moitié depuis l'année dernière (de 9,5 kg/occupant en FY 22/23 à 4,7 kg/occupant en FY 23/24). Si cette réduction était incluse dans le calcul du taux de diversion, le résultat serait une diversion de 70,8 % par rapport à la base de référence de 2022-2023 de 9,5 kg/occupant. (La méthodologie de mesure pour cet objectif est fournie dans les directives du SCT, qui ne prend actuellement pas en compte la réduction).

La diversion seule reste un défi en raison des tendances de consommation des plastiques à usage unique avec une faible disponibilité de solutions de recyclage prêtes à être commercialisées. SPAC se concentre sur la réduction des déchets plastiques pour promouvoir une économie circulaire. Notre projet pilote pluriannuel d'engagement des occupants fournira des recommandations précieuses pour guider le développement de programmes qui favorisent le changement de comportement afin de réduire et de recycler efficacement les déchets plastiques sur le lieu de travail.";N;;;Not applicable;Not applicable;pwgsc-tpsgc;136.0;Public Services and Procurement Canada;Services publics et Approvisionnement Canada;2023-2024_136_2030
12287;2023-2024;970;Payment in Lieu of Taxes;Paiements en remplacement d'impôts;8410;Percentage of payments made instead of property taxes to taxing authorities within established timeframes;Pourcentage des paiements faits au lieu des impôts fonciers aux autorités fiscales dans les délais établis;TML;;OTH;Service standard channel (other): Online and email;Canal standard de service (autre) : en ligne et par courriel;;0.95;0.0;1609.0;0.0;Met target. Comment not required.;Objectif atteint. Commentaire non requis;N;;;Not applicable;Not applicable;pwgsc-tpsgc;136.0;Public Services and Procurement Canada;Services publics et Approvisionnement Canada;2023-2024_136_970
12301;2023-2024;3589;Shared HR Services;Services partagés en RH;8413;"Percentage of intake processed within services standards.
Client inquiries are acknowledged within 1 business day.";"Pourcentage d'entrées traitées conformément aux normes de service. 

Les demandes des clients font l'objet d'un accusé de réception dans un délai d'un jour ouvrable.";TML;;OTH;;;;0.9;14706.0;14706.0;1.0;Total Volumes includes Compensation, HR , Data entry and enquiries   (Source: JIRA- SHRS Tracking project) , acknowledgement via JIRA upon ticket creation (automated email);Volume total inclut Rémunération, RH, entrée de données, et demandes de renseignement (Source: JIRA - SPRH projet de suivi) reconnaissance via JIRA au moment de création d'un billet (courriel automatisé);Y;not applicable;not applicable;Not applicable;Not applicable;pwgsc-tpsgc;136.0;Public Services and Procurement Canada;Services publics et Approvisionnement Canada;2023-2024_136_3589
12330;2023-2024;3649;Digital Communications – Web Communications;Communications numériques –  Communications Web;8638;Our service standard for Web Communications focuses on delivering timely, accurate, and user-friendly content. We are committed to ensuring that our websites are up-to-date, accessible, and provide clear information to meet the needs of our users. We prioritize efficient content management, responsive user support, and regular updates to enhance the overall web experience.;Notre norme de service pour les Communications Web vise à offrir un contenu précis, accessible et convivial en temps opportun. Nous nous engageons à garantir que nos sites Web sont à jour, accessibles et fournissent des informations claires pour répondre aux besoins de nos utilisateurs. Nous priorisons la gestion efficace du contenu, le soutien réactif aux utilisateurs et les mises à jour régulières pour améliorer l'expérience web globale.;ACS;;ONL;;;;0.99;;;;Our goal is to meet and exceed traffic targets by implementing strategic initiatives and continuously optimizing our digital presence. We track performance metrics closely and adjust our strategies based on data insights to ensure we attract and engage our audience effectively. Achieving these traffic goals is crucial for enhancing our visibility and achieving our overall objectives.;Notre objectif est d'atteindre et de dépasser les objectifs de trafic en mettant en œuvre des initiatives stratégiques et en optimisant continuellement notre présence numérique. Nous suivons de près les indicateurs de performance et ajustons nos stratégies en fonction des données pour nous assurer d'attirer et d'engager notre audience de manière efficace. Atteindre ces objectifs de trafic est essentiel pour améliorer notre visibilité et réaliser nos objectifs globaux.;;https//infoweb.rcmp-grc.gc.ca/pacificregion/branches/osb/communication-services/web-communications/index-eng.htm;https//infoweb.rcmp-grc.gc.ca/pacificregion/branches/osb/communication-services/web-communications/index-frc.htm;Not applicable;Not applicable;rcmp-grc;295.0;Royal Canadian Mounted Police;Gendarmerie royale du Canada;2023-2024_295_3649
12401;2023-2024;3690;Access to activities at the Plains of Abraham Museum;Accès aux activités du Musée des plaines d'Abraham;8714;Access to the facilities and to an activity for the general public under normal circumstances following the purchase of admission.;Accès aux installations et à l’activité à la suite de l’achat d’une entrée à une activité grand public dans des circonstances normales.;ACS;;PERSON;;;;;;;;;;;https://www.canada.ca/en/national-battlefields-commission/corporate/publications/plans-reports/service-pledge/refund-policy.html;https://www.canada.ca/fr/commission-champs-bataille-nationaux/organisation/publications/plans-rapports/engagement-matiere-service/politique-remboursements.html;;;nbc-ccbn;218.0;The National Battlefields Commission;Commission des champs de bataille nationaux;2023-2024_218_3690
12402;2023-2024;3695;Access to social, cultural, heritage and sports activities for the public at large (no fee);Accès à des activités socio-culturelles, patrimoniales et sportives gratuites pour le grand public (sans frais);8715;Access to facilities under normal circumstances for the general public during an activity.;Accès aux installations d'une activité grand public, dans des circonstances normales.;ACS;;PERSON;;;;;;;;;;;https://www.canada.ca/en/national-battlefields-commission/corporate/publications/plans-reports/service-pledge/refund-policy.html;https://www.canada.ca/fr/commission-champs-bataille-nationaux/organisation/publications/plans-rapports/engagement-matiere-service/politique-remboursements.html;;;nbc-ccbn;218.0;The National Battlefields Commission;Commission des champs de bataille nationaux;2023-2024_218_3695
12404;2023-2024;3691;Access to social, cultural and heritage content online (no fee);Accès à du contenu socio-culturel et patrimonial en ligne (sans frais);8716;Access to digital solutions at all times under normal circumstances.;Accessibilité aux solutions numériques en tout temps durant les circonstances normales.;ACS;;ONL;;;;;;;;;;;https://www.canada.ca/en/national-battlefields-commission/corporate/publications/plans-reports/service-pledge/refund-policy.html;https://www.canada.ca/fr/commission-champs-bataille-nationaux/organisation/publications/plans-rapports/engagement-matiere-service/politique-remboursements.html;;;nbc-ccbn;218.0;The National Battlefields Commission;Commission des champs de bataille nationaux;2023-2024_218_3691
12405;2023-2024;3692;Access to a parking space;Accès à une place de stationnement;8717;Access to a parking space under normal circumstances for daily permits. Upon request for monthly parking stickers. Periodic maintenance work, inclement weather and emergency operations could have an impact on access to the facilities.;Accès à une place de stationnement dans les circonstances normales, pour les permis quotidiens. Sur demande pour les vignettes mensuelles. Des travaux d'entretien périodiques, des mauvaises conditions météorologiques ou des opérations d'urgence pourraient avoir un impact sur l’accès à des installations.;ACS;;PERSON;;;;;;;;;;;https://www.canada.ca/en/national-battlefields-commission/corporate/publications/plans-reports/service-pledge/refund-policy.html;https://www.canada.ca/fr/commission-champs-bataille-nationaux/organisation/publications/plans-rapports/engagement-matiere-service/politique-remboursements.html;;;nbc-ccbn;218.0;The National Battlefields Commission;Commission des champs de bataille nationaux;2023-2024_218_3692
12406;2023-2024;30;Access to information and the protection of personal information;Accès à l'information et protection des renseignements personnels;8718;Response to requests within 30 days. If an additional delay is required, inform the client why within the first 30 days.;Réponse aux demandes dans les 30 jours. Si une prorogation de délai est nécessaire, informer le client du motif dans les 30 premiers jours.;TML;;EML;;;;;;;;;;;https://www.canada.ca/en/national-battlefields-commission/corporate/publications/plans-reports/service-pledge/refund-policy.html;https://www.canada.ca/fr/commission-champs-bataille-nationaux/organisation/publications/plans-rapports/engagement-matiere-service/politique-remboursements.html;;;nbc-ccbn;218.0;The National Battlefields Commission;Commission des champs de bataille nationaux;2023-2024_218_30
12407;2023-2024;324;Receipt of requests to use the territory;Réception des demandes d'utilisation du territoire;8719;Send an acknowledgement of receipt for requests to use the territory within 5 working days.;Envoi d’un accusé de réception d’une demande d’information sur le programme de commémoration dans les 5 jours ouvrables.;TML;;EML;;;;;;;;;;;https://www.canada.ca/en/national-battlefields-commission/corporate/publications/plans-reports/service-pledge/refund-policy.html;https://www.canada.ca/fr/commission-champs-bataille-nationaux/organisation/publications/plans-rapports/engagement-matiere-service/politique-remboursements.html;;;nbc-ccbn;218.0;The National Battlefields Commission;Commission des champs de bataille nationaux;2023-2024_218_324
12408;2023-2024;29;Commemorative program (no fee);Programme de commémoration (sans frais);8720;Send an acknowledgment of receipt for a request for information on the commemorative program within 5 working days.;Envoi d’un accusé de réception d’une demande d’information sur le programme de commémoration dans les 5 jours ouvrables.;TML;;EML;;;;;;;;;;;https://www.canada.ca/en/national-battlefields-commission/corporate/publications/plans-reports/service-pledge/refund-policy.html;https://www.canada.ca/fr/commission-champs-bataille-nationaux/organisation/publications/plans-rapports/engagement-matiere-service/politique-remboursements.html;;;nbc-ccbn;218.0;The National Battlefields Commission;Commission des champs de bataille nationaux;2023-2024_218_29
12409;2023-2024;3693;Access to archives (no fee);Accès aux archives (sans frais;8721;Send an acknowledgment of receipt for a request for access to the archives within 5 working days.;Envoi d’un accusé de réception d’une demande d’accès aux archives dans les 5 jours ouvrables.;TML;;EML;;;;;;;;;;;https://www.canada.ca/en/national-battlefields-commission/corporate/publications/plans-reports/service-pledge/refund-policy.html;https://www.canada.ca/fr/commission-champs-bataille-nationaux/organisation/publications/plans-rapports/engagement-matiere-service/politique-remboursements.html;;;nbc-ccbn;218.0;The National Battlefields Commission;Commission des champs de bataille nationaux;2023-2024_218_3693
12410;2023-2024;3694;Receipt of requests from the media and public at large (no fee);Réception des demandes des médias et du public (sans frais);8722;Send an acknowledgment of receipt for requests from the media and the public at large within 5 working days.;Envoi d’un accusé de réception d’une demande des médias ou du public dans les 5 jours ouvrables.;TML;;EML;;;;;;;;;;;https://www.canada.ca/en/national-battlefields-commission/corporate/publications/plans-reports/service-pledge/refund-policy.html;https://www.canada.ca/fr/commission-champs-bataille-nationaux/organisation/publications/plans-rapports/engagement-matiere-service/politique-remboursements.html;;;nbc-ccbn;218.0;The National Battlefields Commission;Commission des champs de bataille nationaux;2023-2024_218_3694
12416;2023-2024;3663;Marine Pilotage Licence or Pilotage Certificate;Brevet de pilote ou certificat de pilotage maritime;8680;Marine Pilotage Licence or Certificate: Process a complete application within 5 business days;Brevet de pilote ou certificat de pilotage maritime : Le délai de traitement d’une demande est de cinq jours ouvrables.;TML;;EML;All Channels;All Channels;;;115.0;119.0;0.9664;Count of pilotage licences and pilotage certificates issued and reissued in 2023-24.;Count of pilotage licences and pilotage certificates issued and reissued in 2023-24.;;Yes;Oui;No;Non;tc;138.0;Transport Canada;Transports Canada;2023-2024_138_3663
12420;2023-2024;SRV03537;Zero-Emission Trucking Program;Programme de camionage zéro émission;8682;Acknowledge Receipt - 10 Business Days - Zero-Emission Trucking Program;Acusser réception d'une demande - 10 jours ourvables - Programme de camionnage zéro émission;TML;;EML;All Channels;All Channels;;0.8;11.0;11.0;1.0;;;Y;Yes;Oui;No;Non;tc;138.0;Transport Canada;Transports Canada;2023-2024_138_SRV03537
12422;2023-2024;SRV03509;Pleasure Craft Licence;Délivrance des permis d'embarcations de plaisance;8662;Renew a pleasure craft licence: TC will process applications and send the licence within five (5) business days of receipt of a fully completed application, including all required supporting documentation.;Renouveler un permis d’embarcation de plaisance : TC va traiter les demandes et envoyer le permis dans les cinq jours ouvrables suivant la réception d'une demande dûment remplie, accompagnée de toutes les pièces justificatives requises.;TML;;OTH;All Channels;All Channels;;;;;;New Service Standard;New Service Standard;;Yes;Oui;No;Non;tc;138.0;Transport Canada;Transports Canada;2023-2024_138_SRV03509
12427;2023-2024;SRV03537;Program to Address Disturbances from Vessel Traffic;Programme de lutte contre les perturbations causées par le trafic maritime;8669;Acknowledge Receipt - 10 business days - Program to Address Disturbances from Vessel Traffic: Community Participation Funding Program (CPFP) - whales component;Accuser réception d’une demande - 10 jours ouvrables - Programme visant à contrer les perturbations causées par le trafic maritime : Programme de financement de la participation communautaire (PFPC) - composant lié aux baleines;TML;;OTH;All Channels;All Channels;;0.8;1.0;1.0;1.0;;;Y;Yes;Oui;No;Non;tc;138.0;Transport Canada;Transports Canada;2023-2024_138_SRV03537
12428;2023-2024;SRV03537;Program to Advance Indigenous Reconciliation (PAIR);Programme visant à favoriser la réconciliation avec les peuples autochtones (PFRPA);8671;Acknowledge Receipt - 10 business days - Program to Advance Indigenous Reconciliation: : Community Participation Funding Program (CPFP) - Oceans Protection Plan (OPP)-related components;Accuser réception d’une demande - 10 jours ouvrables - Programme de promotion de la réconciliation avec les Autochtones :  Programme de financement de la participation communautaire (PFPC) - composants liés au Plan de protection des océans (PPO);TML;;OTH;All Channels;All Channels;;0.8;200.0;202.0;0.9901;;;Y;Yes;Oui;No;Non;tc;138.0;Transport Canada;Transports Canada;2023-2024_138_SRV03537
12432;2023-2024;SRV03485;Register a vessel;Immatriculer un bâtiment;8654;Re-register: Issue the certificate of registry within 30 business days of receiving a complete application.;Ré-immatriculation : Dans les 30 jours ouvrables excluant tout retard encouru pour obtenir des renseignements et/ou documentation manquants.;TML;;OTH;All Channels;All Channels;;1.0;;215.0;;Unable to determine volume meeting service standard due to upgrades to vessel registry systems in 2024.;Unable to determine volume meeting service standard due to upgrades to vessel registry systems in 2024.;;Yes;Oui;No;Non;tc;138.0;Transport Canada;Transports Canada;2023-2024_138_SRV03485
12436;2023-2024;3654;Surface Transportation Merger and Acquisition Review and Assessment Process;Processus d'examen et d'évaluation des fusions et acquisitions dans le domaine des transports de surface;8681;Complete Merger and Acquisition Review and Assessment Process Within 42 Days After the Notification;Achever la procédure d'examen et d'évaluation des fusions et acquisitions dans les 42 jours suivant la notification;TML;;EML;All Channels;All Channels;;1.0;8.0;8.0;1.0;;;Y;No;Non;No;Non;tc;138.0;Transport Canada;Transports Canada;2023-2024_138_3654
12444;2023-2024;SRV03537;Zero-Emission Trucking Program;Programme de camionage zéro émission;8683;Issue Payment - 20 Business Days - Zero- Emission Trucking Program;Versement des paiements - 20 jours ouvrables - Programme de camionnage zéro émission;TML;;EML;All Channels;All Channels;;0.8;1.0;1.0;1.0;;;Y;Yes;Oui;No;Non;tc;138.0;Transport Canada;Transports Canada;2023-2024_138_SRV03537
12459;2023-2024;3665;Flight Tests Conducted by the Department of Transport;Tests en vol effectués par le ministère des Transports;8677;Conduct, by an employee of the Department of Transport, of a practical test (CAR 404.05).  30 working days. Actual processing times can vary depending on the complexity and completeness of the request. The service standard is applicable to situations where the Department of Transport must schedule an appointment for the writing of an exam at the request of an applicant.;Tenue d’un test pratique par un employé du ministère des Transports (RAC 404.05).  30 jours ouvrables. Le temps réel requis pour traiter une demande dépend de sa complexité et de son exhaustivité. La norme de service s'applique aux situations où le ministère de Transports doit programmer un rendez-vous pour la rédaction d'un examen à la demande d'un candidat.;TML;;EML;All Channels;All Channels;;1.0;0.0;0.0;;Service not requested in 2023-24.;Le service n'a pas été demandé en 2023-24;;Yes;Oui;No;Non;tc;138.0;Transport Canada;Transports Canada;2023-2024_138_3665
12467;2023-2024;SRV03537;Green Shipping Corridor Program;Programme de corridors maritimes verts;8710;Issue Payment - 20 business days - Green Shipping Corridor Program;Versement des paiements - 20 jours ouvrables - Programme de corridors maritimes verts;TML;;OTH;All Channels;All Channels;;0.8;8.0;8.0;1.0;;;Y;No;Non;No;Non;tc;138.0;Transport Canada;Transports Canada;2023-2024_138_SRV03537
12477;2023-2024;SRV03480;Licensing for aviation personnel;Licences pour le personnel en aviation;8653;Issue an Aviation Document Booklet - Paper Application.  60 working days. Actual processing times can vary depending on the complexity and completeness of the request.;Émettre un carnet de documents d'aviation - Demande sur papier.  60 jours ouvrables. Le temps réel requis pour traiter une demande dépend de sa complexité et de son exhaustivité.;TML;;OTH;All Channels;All Channels;;1.0;9919.0;9919.0;1.0;No mechanism to track service performance at present. However, the program will implement a new workload management & tracking tool in December 2024.;Il n'existe actuellement aucun mécanisme de suivi des performances des services.Toutefois, le programme mettra en œuvre un nouvel outil de gestion et de suivi de la charge de travail en décembre 2024.;Y;Yes;Oui;No;Non;tc;138.0;Transport Canada;Transports Canada;2023-2024_138_SRV03480
12478;2023-2024;SRV03509;Pleasure Craft Licence;Délivrance des permis d'embarcations de plaisance;8661;Transfer a pleasure craft licence: TC will process applications and send the licence within five (5) business days of receipt of a fully completed application, including all required supporting documentation.;Transférer un permis d’embarcation de plaisance : TC va traiter les demandes et envoyer le permis dans les cinq jours ouvrables suivant la réception d'une demande dûment remplie, accompagnée de toutes les pièces justificatives requises.;TML;;OTH;All Channels;All Channels;;;;;;New Service Standard;New Service Standard;;Yes;Oui;No;Non;tc;138.0;Transport Canada;Transports Canada;2023-2024_138_SRV03509
12487;2023-2024;3659;Assistance for a formal application for certification;Aide fournie en vue de la préparation d’une demande de services de certification;8659;Assistance for a formal application for certification.  TC will acknowledge receipt of the application and provide the applicant with the name of the responsible designated contact, the project number assigned to the file and the fee information, within 30 business days of receiving an application.;Aide fournie en vue de la préparation d’une demande de services de certification.  TC doit accuser réception de la demande et communiquer au demandeur le nom de la personne-ressource désignée responsable, le numéro de projet attribué au dossier et les renseignements sur les frais, et ce, dans les 30 jours ouvrables;TML;;EML;All Channels;All Channels;;1.0;0.0;0.0;;Service came into force in June 2023.  Service not requested in 2023-24.;Le service est entré en vigueur en juin 2023. Service non demandé en 2023-24.;;No;Non;No;Non;tc;138.0;Transport Canada;Transports Canada;2023-2024_138_3659
12488;2023-2024;SRV03542;Dispensation for a seafarer;Dispense pour un gens de mer;8674;Application for a dispensation: 5 working days after receipt of complete application if all the prerequisites are met;Demande de dispense : 5 jours ouvrables suivant la réception de la demande dûment remplie si toutes les conditions préalables sont satisfaites;TML;;EML;All Channels;All Channels;;0.8;;107.0;;;;;Yes;Oui;No;Non;tc;138.0;Transport Canada;Transports Canada;2023-2024_138_SRV03542
12505;2023-2024;SRV03537;Program to Protect Canada's Coastlines and Waterways (PPCCW);Programme de protection du littoral et des voies navigables du Canada (PPCVNC);8668;Issue Payment - 20 business days - Program to Protect Canada's Coastlines and Waterways: Ballast Water Innovation Program;Versement des paiements -  20 jours ouvrables - Programme de protection des côtes et des voies navigables du Canada : Programme d’innovation pour les eaux de ballast;TML;;OTH;All Channels;All Channels;;0.8;6.0;6.0;1.0;;;Y;Yes;Oui;No;Non;tc;138.0;Transport Canada;Transports Canada;2023-2024_138_SRV03537
12512;2023-2024;SRV03537;Innovative Solutions Canada;Solutions Innovatrices Canada;8684;Issue Payment - 20 business days - Innovative Solutions Canada;Versement des paiements -  20 jours ouvrables -  Solutions innovatrices Canada;TML;;OTH;All Channels;All Channels;;0.8;5.0;6.0;0.8333;6 payments were made in FY 2023-2024, but one wasn't paid in full within 20 business days due to budget limitations, however, it was paid in full within FY 2023-2024.;6 paiements ont été effectués au cours de l'exercice 2023-2024, mais un n'a pas été payé intégralement dans les 20 jours ouvrables en raison de limitations budgétaires. Cependant, il a été payé intégr;Y;Yes;Oui;No;Non;tc;138.0;Transport Canada;Transports Canada;2023-2024_138_SRV03537
12523;2023-2024;SRV03567;Special flight operations certificate;Certificat d’opérations aériennes spécialisées;8688;Issuance of a special flight operations certificate, in respect to other special aviation events (Aerobatics, take-offs, approaches and landings in built-up areas, etc.) 20 working days. Actual processing times can vary depending on the complexity and completeness of the request.;Délivrance d'un certificat d'opérations aériennes spéciales pour d'autres événements aéronautiques spéciaux (acrobaties aériennes, décollages, approches et atterrissages en zônes bâties, etc.).  20 jours ouvrables. Les délais de traitement réels peuvent varier en fonction de la complexité et de l'exhaustivité de la demande.;TML;;OTH;All Channels;All Channels;;1.0;24.0;34.0;0.7059;;;N;No;Non;No;Non;tc;138.0;Transport Canada;Transports Canada;2023-2024_138_SRV03567
12529;2023-2024;SRV03533;Small Vessel Compliance Program (SVCP);Programme de conformité des petits bâtiments (PCPB);8673;Small Vessel Compliance Program: You will receive your decal within 45 working days of Transport Canada receiving all your documents and completing a technical review;Programme de conformité des petits bâtiments : Vous recevrez votre vignette dans les 45 jours ouvrables suivant la réception par Transports Canada de tous vos documents et la réalisation de l'examen technique.;TML;;ONL;All Channels;All Channels;;;496.0;602.0;0.8239;This service standard does not have a target.;This service standard does not have a target.;;Yes;Oui;No;Non;tc;138.0;Transport Canada;Transports Canada;2023-2024_138_SRV03533
12535;2023-2024;SRV03567;Special flight operations certificate;Certificat d’opérations aériennes spécialisées;8687;Issuance of a special flight operations certificate, in respect of parachuting in or into controlled airspace or an air route. 20 working days. Actual processing times can vary depending on the complexity and completeness of the request.;Délivrer un certificat d'opérations aériennes spécialisées pour le parachutisme dans l'espace aérien contrôlé ou sur une route aérienne.  20 jours ouvrables. Les délais de traitement réels peuvent varier en fonction de la complexité et de l'exhaustivité de la demande.;TML;;OTH;All Channels;All Channels;;1.0;16.0;18.0;0.8889;;;N;No;Non;No;Non;tc;138.0;Transport Canada;Transports Canada;2023-2024_138_SRV03567
12544;2023-2024;SRV03568;Air operator certificate;Certificat d'exploitant aérien;8713;Issuance of an Air Operator Certificate, in respect of aerial work (CAR 702). 120 working days. Actual processing times can vary depending on the complexity and completeness of the request.;Délivrance d’un certificat d’exploitation aérienne, concernant un travail aérien (RAC 702). 120 jours ouvrables. Le temps réel requis pour traiter une demande dépend de sa complexité et de son exhaustivité.;TML;;EML;All Channels;All Channels;;1.0;4.0;5.0;0.8;;;N;Yes;Oui;No;Non;tc;138.0;Transport Canada;Transports Canada;2023-2024_138_SRV03568
12549;2023-2024;SRV03471;Coasting Trade inspections : Letters of Compliance Issued; Inspections des métiers du cabotage : Lettres de conformité émises;8650;Coasting Trade: Issuance of Safety Convention Certificates: Issue certificate and/or transcript, as applicable, within 5 working days after completion of satisfactory inspection.;Inspections des métiers du cabotage : Délivrance des certificats selon la Convention de sécurité : Délivre un certificat et/ou une transcription, selon le cas, dans un délai de 5 jours ouvrables après la réalisation d’une inspection satisfaisante.;TML;;OTH;All Channels;All Channels;;1.0;;37.0;;;;;Yes;Oui;No;Non;tc;138.0;Transport Canada;Transports Canada;2023-2024_138_SRV03471
12553;2023-2024;SRV03537;Program to Protect Canada's Coastlines and Waterways (PPCCW);Programme de protection du littoral et des voies navigables du Canada (PPCVNC);8667;Acknowledge Receipt - 10 business days - Program to Protect Canada's Coastlines and Waterways: Ballast Water Innovation Program;Accuser réception d’une demande - 10 jours ouvrables - Programme de protection des côtes et des voies navigables du Canada : Programme d’innovation pour les eaux de ballast;TML;;OTH;All Channels;All Channels;;0.8;10.0;10.0;1.0;;;Y;Yes;Oui;No;Non;tc;138.0;Transport Canada;Transports Canada;2023-2024_138_SRV03537
12556;2023-2024;SRV03546;Delegated Statutory Inspection Program (DSIP) exemption request applications received;Demandes de dérogation au Programme de Délégation des Inspections Obligatoires (PDIO) reçues;8676;Delegated Statutory Inspection Program Exemption: 30 business days between receiving an application, together with all supporting documentation, and sending the record of decision to the authorized representative;Exemption du Programme de délégation des inspections obligatoires : 30 jours ouvrables entre la réception d’une demande, accompagnée de toutes les pièces justificatives, et l’envoi du compte rendu de décision au représentant autorisé;TML;;EML;All Channels;All Channels;;;15.0;17.0;0.8824;This service standard does not have a target.;This service standard does not have a target.;;Yes;Oui;No;Non;tc;138.0;Transport Canada;Transports Canada;2023-2024_138_SRV03546
12558;2023-2024;SRV03567;Special flight operations certificate;Certificat d’opérations aériennes spécialisées;8712;Issuance of a special flight operations certificate, in respect of a special aviation event with 10 000 or fewer spectators. 20 working days. Actual processing times can vary depending on the complexity and completeness of the request.;Délivrance d'un certificat d'opérations aériennes spécialisées, à l'égard d'une manifestation aéronautique spéciale réunissant 10 000 spectateurs ou moins. 20 jours ouvrables. Le temps réel requis pour traiter une demande dépend de sa complexité et de son exhaustivité.;TML;;OTH;All Channels;All Channels;;1.0;9.0;18.0;0.5;;;N;Yes;Oui;No;Non;tc;138.0;Transport Canada;Transports Canada;2023-2024_138_SRV03567
12561;2023-2024;SRV03509;Pleasure Craft Licence;Délivrance des permis d'embarcations de plaisance;8663;Get a duplicate pleasure craft licence document: TC will process applications and send the licence within five (5) business days of receipt of a fully completed application, including all required supporting documentation.;Obtenir un duplicata permis d’embarcation de plaisance : TC va traiter les demandes et envoyer le permis dans les cinq jours ouvrables suivant la réception d'une demande dûment remplie, accompagnée de toutes les pièces justificatives requises.;TML;;OTH;All Channels;All Channels;;;;;;New Service Standard;New Service Standard;;Yes;Oui;No;Non;tc;138.0;Transport Canada;Transports Canada;2023-2024_138_SRV03509
12562;2023-2024;SRV03482;Certification for a seafarer;Certification des gens de mer;STAN0006023;Issuance of a record of qualifications and examinations for a certificate or an endorsement. Assess request within 5 working days after receipt of complete application if all the prerequisites are met;Délivrance d'un relevé des qualifications et des examens en vue de l'obtention de brevets ou de visas. Évaluer une demande dans les 5 jours ouvrables suivant la réception de la demande dûment remplie si toutes les conditions préalables sont satisfaites.;TML;;OTH;All Channels;All Channels;;1.0;;1466.0;;Count of Records of Qualifications.;Count of Records of Qualifications.;;Yes;Oui;No;Non;tc;138.0;Transport Canada;Transports Canada;2023-2024_138_SRV03482
12572;2023-2024;SRV03537;Green Shipping Corridor Program;Programme de corridors maritimes verts;8709;Acknowledge Receipt - 10 business days - Green Shipping Corridor Program;Accuser réception d'une demande - 10 jours ouvrables - Programme de corridors maritimes verts;TML;;OTH;All Channels;All Channels;;0.8;19.0;19.0;1.0;;;Y;No;Non;No;Non;tc;138.0;Transport Canada;Transports Canada;2023-2024_138_SRV03537
12574;2023-2024;3662;Marine Medical Examiner Designation;Désignation des médecins examinateurs de la marine;8679;"Designation of a Marine Medical Examiner: 30 working days after attendance at a scheduled Transport Canada MME seminar; or 30 working days after date of application as an MME for applicants who have attended a Transport Canada MME seminar prior to application";"Nomination d'un médecin examinateur de la marine : 30 jours ouvrables après la participation à un séminaire maritime prévu pour les médecins des gens de mer de Transports Canada; ou 30 jours ouvrables après la date de demande de nomination à titre de MEM pour les candidats qui ont participé à un séminaire maritime pour les médecins des gens de mer de Transports Canada avant leur demande.";TML;;EML;All Channels;All Channels;;0.8;;144.0;;;;;Yes;Oui;No;Non;tc;138.0;Transport Canada;Transports Canada;2023-2024_138_3662
12587;2023-2024;SRV03509;Pleasure Craft Licence;Délivrance des permis d'embarcations de plaisance;8664;Update a pleasure craft licence: TC will process applications and send the licence within five (5) business days of receipt of a fully completed application, including all required supporting documentation.;Mettre à jour les renseignements figurant sur votre permis d’embarcation de plaisance : TC va traiter les demandes et envoyer le permis dans les cinq jours ouvrables suivant la réception d'une demande dûment remplie, accompagnée de toutes les pièces justificatives requises.;TML;;OTH;All Channels;All Channels;;;;;;New Service Standard;New Service Standard;;Yes;Oui;No;Non;tc;138.0;Transport Canada;Transports Canada;2023-2024_138_SRV03509
12589;2023-2024;SRV03495;Dangerous Goods inspection;Inspection des marchandises dangereuses;8655;Division 5: Inspection of a vessel carrying packaged dangerous goods: Issue certificate and/or transcript, as applicable, within 5 working days after completion of satisfactory inspection;Section 5 : Inspection d’un bâtiment transportant des marchandises dangereuses emballées : Émettre un certificat et/ou une transcription, selon le cas, dans les 5 jours ouvrables suivant la fin d'une inspection satisfaisante;TML;;OTH;All Channels;All Channels;;1.0;0.0;0.0;;This service is provided upon request and was not requested in FY 2023-24.;This service is provided upon request and was not requested in FY 2023-24.;;Yes;Oui;No;Non;tc;138.0;Transport Canada;Transports Canada;2023-2024_138_SRV03495
12592;2023-2024;3664;Marking and lighting of obstacles to air navigation;Balisage et éclairage des obstacles à la navigation aérienne;8686;Aeronautical Obstacle Assessment. 60 business days. Actual processing times can vary depending on the complexity and completeness of the request.;Évaluation des obstacles aéronautiques.  60 jours ouvrables. Le temps réel requis pour traiter une demande dépend de sa complexité et de son exhaustivité.;TML;;EML;All Channels;All Channels;;1.0;671.0;1585.0;0.4233;;;N;Yes;Oui;No;Non;tc;138.0;Transport Canada;Transports Canada;2023-2024_138_3664
12598;2023-2024;SRV03462;Statement of aerobatic competency;Énoncé de compétence en voltige aérienne;8711;Issuance of a statement of aerobatic competency (Canadian Aviation Regulation [CAR] Standard 623.06). 20 working days. Actual processing times can vary depending on the complexity and completeness of the request.;Délivrance d'une attestation de compétence en voltige aérienne (Article 623.06 de la norme 623 du Règlement de l'aviation canadien [RAC]). 20 jours ouvrables. Le temps réel requis pour traiter une demande dépend de sa complexité et de son exhaustivité.;TML;;OTH;All Channels;All Channels;;1.0;1.0;1.0;1.0;;;Y;Yes;Oui;No;Non;tc;138.0;Transport Canada;Transports Canada;2023-2024_138_SRV03462
12599;2023-2024;SRV03473;Inspection on a domestic vessel;Inspection à bord d’un bâtiment canadien;8651;Extension: An extension of a short-term certificate or a letter of compliance: Issue certificate and/or transcript, as applicable, within 5 working days after completion of satisfactory inspection.;Prolongation : La prolongation d’un certificat de courte durée ou d’une lettre de conformité : Délivre un certificat et/ou une transcription, selon le cas, dans un délai de 5 jours ouvrables après la réalisation d’une inspection satisfaisante.;TML;;OTH;All Channels;All Channels;;1.0;176.0;176.0;1.0;;;Y;Yes;Oui;No;Non;tc;138.0;Transport Canada;Transports Canada;2023-2024_138_SRV03473
12604;2023-2024;SRV03511;Transportation Security Clearance;Autorisation de sécurité des transports;8666;Processing time for Transportation Security Clearance application is up to 60 business days.;Délai de traitement d'une demande d'habilitation de sécurité en matière de transport est jusqu'à 60 jours ouvrables.;TML;;ONL;All Channels;All Channels;;0.8;33792.0;34764.0;0.972;The service standard is calculated on non-complex TSC applications only. The overall volume of TSC applications for the period is 54,308, of which 34,764 are deemed non-complex.;La norme de service est calculée uniquement sur les demandes TSC non complexes. Le volume global des demandes TSC pour la période est de 54 308, dont 34 764 sont jugées non complexes.;Y;Yes;Oui;No;Non;tc;138.0;Transport Canada;Transports Canada;2023-2024_138_SRV03511
12615;2023-2024;SRV03509;Pleasure Craft Licence;Délivrance des permis d'embarcations de plaisance;8665;Cancel a pleasure craft licence: TC will process applications and send the licence within five (5) business days of receipt of a fully completed application, including all required supporting documentation.;Annuler un permis d’embarcation de plaisance : TC va traiter les demandes et envoyer le permis dans les cinq jours ouvrables suivant la réception d'une demande dûment remplie, accompagnée de toutes les pièces justificatives requises.;TML;;OTH;All Channels;All Channels;;;;;;New Service Standard;New Service Standard;;Yes;Oui;No;Non;tc;138.0;Transport Canada;Transports Canada;2023-2024_138_SRV03509
12625;2023-2024;SRV03482;Certification for a seafarer;Certification des gens de mer;STAN0006024;Replacement of a certificate or an endorsement except for a certificate or an endorsement lost owing to shipwreck. Issue Minister's certificate or endorsement - 120 working days after receipt of complete application if all the prerequisites are met.;Remplacement d'un brevet d'aptitude, un certificat d'aptitude ou d'un visa à l'exception d'un brevet d'aptitude, d'un certificat d'aptitude ou d'un visa perdu en raison d'un naufrage. Délivrer un brevet d'aptitude, un certificat d'aptitude ou un visa du ministre - 120 jours ouvrables suivant la réception de la demande dûment remplie si toutes les conditions préalables sont satisfaites.;TML;;OTH;All Channels;All Channels;;1.0;;;;Unable to differentiate between types of certificate issued.;Unable to differentiate between types of certificate issued.;;Yes;Oui;No;Non;tc;138.0;Transport Canada;Transports Canada;2023-2024_138_SRV03482
12631;2023-2024;SRV03480;Licensing for aviation personnel;Licences pour le personnel en aviation;8652;Issue an Aviation Document Booklet - Digital Application.  30 working days. Actual processing times can vary depending on the complexity and completeness of the request.;Émettre un carnet de documents d'aviation - Demande numérique.  30 jours ouvrables. Le temps réel requis pour traiter une demande dépend de sa complexité et de son exhaustivité.;TML;;ONL;All Channels;All Channels;;1.0;0.0;0.0;;New digital service launching in Fall 2024.;Nouveau service numérique lancé à l'automne 2024.;;Yes;Oui;No;Non;tc;138.0;Transport Canada;Transports Canada;2023-2024_138_SRV03480
12651;2023-2024;SRV03568;Air operator certificate;Certificat d'exploitant aérien;8689;Issuance of a Canadian Foreign Air Operator Certificate (CAR 701).  180 working days. Actual processing times can vary depending on the complexity and completeness of the request.;Délivrance d’un certificat canadien d’exploitant aérien étranger (RAC 701).  180 jours ouvrables. Le temps réel requis pour traiter une demande dépend de sa complexité et de son exhaustivité.;TML;;OTH;All Channels;All Channels;;1.0;83.0;86.0;0.9651;;;N;Yes;Oui;No;Non;tc;138.0;Transport Canada;Transports Canada;2023-2024_138_SRV03568
12655;2023-2024;SRV03537;Program to Address Disturbances from Vessel Traffic;Programme de lutte contre les perturbations causées par le trafic maritime;8670;Issue Payment - 20 business days - Program to Address Disturbances from Vessel Traffic: Community Participation Funding Program (CPFP) - whales component;Versement des paiements -  20 jours ouvrables - Programme visant à contrer les perturbations causées par le trafic maritime : Programme de financement de la participation communautaire (PFPC) - composant lié aux baleines;TML;;OTH;All Channels;All Channels;;0.8;1.0;1.0;1.0;;;Y;Yes;Oui;No;Non;tc;138.0;Transport Canada;Transports Canada;2023-2024_138_SRV03537
12658;2023-2024;SRV03559;Rescinding detention of a foreign vessel;Annuler une ordonnance de détention pour un bâtiment étranger;8656;Inspection of foreign vessels for the recission of a detention order: Endorsing of the appropriate entries in the relevant documentation within 24 hours of completing inspection.;Inspections CNEP de bâtiments étrangers pour l’annulation d’une ordonnance de détention : Émettre une transcription, un rapport ou l'annulation d'un ordre de détention, selon le cas, dans les 24 heures suivant la fin de l'inspection.;TML;;OTH;All Channels;All Channels;;1.0;56.0;56.0;1.0;;;Y;Yes;Oui;No;Non;tc;138.0;Transport Canada;Transports Canada;2023-2024_138_SRV03559
12661;2023-2024;SRV03502;Licensing for air traffic controllers;Licence pour les contrôleurs aériens;STAN00006565;Issuance of an air traffic controller licence. 40 working days. Actual processing times can vary depending on the complexity and completeness of the request.;Délivrance d'une licence de contrôleur de la circulation aérienne. 40 jours ouvrables. Le temps réel requis pour traiter une demande dépend de sa complexité et de son exhaustivité.;TML;;OTH;All Channels;All Channels;;1.0;94.0;96.0;0.9792;;;N;No;Non;No;Non;tc;138.0;Transport Canada;Transports Canada;2023-2024_138_SRV03502
12667;2023-2024;3660;Administrative changes to amend documents under Schedule V;Modification administrative apportée à un document pour lequel une redevance est exigible en vertu de la présente annexe;8685;Administrative change to any document for which a charge is payable under Schedule V.  TC will issue the document within 30 business days after receipt of a complete application.;Changement administratif à un document pour lequel une redevance est exigible en vertu de l’annexe V.  TC délivrera le document dans les 30 jours ouvrables suivant la réception d’une demande complète.;TML;;EML;All Channels;All Channels;;1.0;26.0;26.0;1.0;;;Y;Yes;Oui;No;Non;tc;138.0;Transport Canada;Transports Canada;2023-2024_138_3660
12675;2023-2024;SRV03530;Alternative means of compliance (AMOC) with an airworthiness directive;Moyens alternatifs de conformité (AMOC) à une consigne de navigabilité;8658;Alternative means of compliance (AMOC) with an airworthiness directive. TC will issue the document within 60 business days after receipt of a complete request.;Autre moyen de se conformé (AMOC) à une consigne de navigabilité.  TC délivrera le document dans les 60 jours ouvrables suivant la réception d'une demande complète.;TML;;EML;All Channels;All Channels;;1.0;19.0;19.0;1.0;;;Y;Yes;Oui;No;Non;tc;138.0;Transport Canada;Transports Canada;2023-2024_138_SRV03530
12678;2023-2024;SRV03499;Supplemental type certificate for an aeronautical product;Certificat de type supplémentaire pour un produit aéronautique;8657;Suppplemental type certificate for an aeronautical product.  TC will establish the initial certification basis, pursuant to the CARs, within 120 business days of being satisfied that all necessary regulatory and design standard requirements for the product’s type design have been identified.;Certificat de type supplémentaire pour un produit aéronautique.  TC établira la base de certification initiale, conformément au RAC, dans un délai de 120 jours ouvrables après avoir confirmé que toutes les exigences réglementaires et normes de conception nécessaires pour le type de conception du produit ont été identifiées;TML;;EML;All Channels;All Channels;;1.0;416.0;416.0;1.0;;;Y;Yes;Oui;No;Non;tc;138.0;Transport Canada;Transports Canada;2023-2024_138_SRV03499
12679;2023-2024;3661;Ministerial exemption to an airworthiness directive pursuant to 605.84(3);Exemption ministérielle à une consigne de navigabilité en vertu du paragraphe 605.84(3);8678;Approval of a ministerial exemption under subsection 605.84(3). TC will issue the document within 60 business days after receipt of a complete application.;Approbation d’une exemption ministérielle en application du paragraphe 605.84(3). TC délivrera le document dans les 60 jours ouvrables suivant la réception d’une demande complète.;TML;;EML;All Channels;All Channels;;1.0;0.0;0.0;;Service came into effect in June 2023.  No service requested in 23-24.;Le service est entré en vigueur en juin 2023. Aucun service n'a été demandé en 23-24.;;Yes;Oui;No;Non;tc;138.0;Transport Canada;Transports Canada;2023-2024_138_3661
12684;2023-2024;SRV03537;Program to Advance Indigenous Reconciliation (PAIR);Programme visant à favoriser la réconciliation avec les peuples autochtones (PFRPA);8672;Issue Payment - 20 business days - Program to Advance Indigenous Reconciliation: Community Participation Funding Program (CPFP) - Oceans Protection Plan (OPP)-related components;Versement des paiements -  20 jours ouvrables - Programme de promotion de la réconciliation avec les Autochtones : Programme de financement de la participation communautaire - Programme de financement de la participation communautaire (PFPC) - composants liés au Plan de protection des océans;TML;;OTH;All Channels;All Channels;;0.8;164.0;179.0;0.9162;;;Y;Yes;Oui;No;Non;tc;138.0;Transport Canada;Transports Canada;2023-2024_138_SRV03537
12688;2023-2024;SRV03482;Certification for a seafarer;Certification des gens de mer;STAN0006025;Issuance of a certificate or an endorsement not requiring examination other than a medical examination. Issue a Minister's certificate or endorsement - 120 working days after receipt of complete application if all the prerequisites are met.;Délivrance d'un brevet ou d'un visa qui n'exigeant pas d’examen autre qu'un examen medical. Délivrer un brevet de compétence ou un visa - 120 jours ouvrables suivant la réception de la demande dûment remplie si toutes les conditions préalables sont satisfaites.;TML;;OTH;All Channels;All Channels;;1.0;;;;Unable to differentiate between types of certificate issued.;Unable to differentiate between types of certificate issued.;;Yes;Oui;No;Non;tc;138.0;Transport Canada;Transports Canada;2023-2024_138_SRV03482
12690;2023-2024;SRV03544;Declarations of Conformity (DOC);Déclarations de conformité (DOC);8675;Declaration of Conformity: We will process your application within 30 business days if your submission is complete and your declaration has a satisfactory review.;Déclaration de conformité : Nous traiterons votre demande dans les 30 jours ouvrables si votre demande est complète et que votre déclaration a fait l'objet d'un examen satisfaisant.;TML;;OTH;All Channels;All Channels;;;;848.0;;This service standard is difficult to track.;This service standard is difficult to track.;;Yes;Oui;No;Non;tc;138.0;Transport Canada;Transports Canada;2023-2024_138_SRV03544
12692;2023-2024;SRV03509;Pleasure Craft Licence;Délivrance des permis d'embarcations de plaisance;8660;Get a new pleasure craft licence: TC will process applications and send the licence within five (5) business days of receipt of a fully completed application, including all required supporting documentation.;Obtenir un nouveau permis d’embarcation de plaisance : TC va traiter les demandes et envoyer le permis dans les cinq jours ouvrables suivant la réception d'une demande dûment remplie, accompagnée de toutes les pièces justificatives requises.;TML;;OTH;All Channels;All Channels;;;;;;New Service Standard;New Service Standard;;Yes;Oui;No;Non;tc;138.0;Transport Canada;Transports Canada;2023-2024_138_SRV03509
12698;2023-2024;1348;Treasury Board of Canada Secretariat’s Claims Office;Bureau des réclamations du Secrétariat du Conseil du Trésor du Canada;8707;A recommendation is provided on a case by case basis for Severe Impact.;Une recommandation est fournie au cas par cas pour les impacts sévères.;OTH;;EML;;;;;962.0;1295.0;0.7429;Due to the nature and complexity of the claims, each claim is treated on a case-by-case basis and therefore no service standards can apply.;En raison de la nature et de la complexité des demandes, chaque demande est traitée au cas par cas et aucune norme de service ne peut donc s'appliquer.;;;;;;tbs-sct;326.0;Treasury Board of Canada Secretariat;Secrétariat du Conseil du Trésor du Canada;2023-2024_326_1348
12724;2023-2024;3677;Student Experience Survey (SES);Sondage sur l'experience etudiante (SEE);8700;The external SES webpage will be available 24/7 based on the application's supported hours of operation and exclusive of pre-determined maintenance periods.;La page Web externe du SEE sera disponible 24 heures sur 24, 7 jours sur 7, en fonction des heures de fonctionnement de l'application, à l'exclusion des périodes de maintenance prédéterminées.;ACS;;ONL;;;;0.98;;;;The service is new and standards were developed and will be tracked for next year.;Le service est nouveau et des normes ont été élaborées et feront l'objet d'un suivi l'année prochaine.;;;;;;tbs-sct;326.0;Treasury Board of Canada Secretariat;Secrétariat du Conseil du Trésor du Canada;2023-2024_326_3677
12725;2023-2024;3678;Human resources statistics;Statistiques concernant les ressources humaines;8701;The external HR Stats webpage will be available 24/7 based on the application's supported hours of operation and exclusive of pre-determined maintenance periods.;La page Web externe de  Statistiques concernant les ressources humaines sera disponible 24 heures sur 24, 7 jours sur 7, en fonction des heures de fonctionnement de l'application, à l'exclusion des périodes de maintenance prédéterminées.;ACS;;ONL;;;;;;;;The service is new and stadards will be tracked for next year.;Le service est nouveau et les normes seront suivies pour l'année prochaine.;;;;;;tbs-sct;326.0;Treasury Board of Canada Secretariat;Secrétariat du Conseil du Trésor du Canada;2023-2024_326_3678
12726;2023-2024;SRV03456;Tracker;Suivi;8705;Application Availability -This cloud-based web application is to be 95% fully operational from 8:00 AM to 4:00 PM Eatern time on regular business days.;Cette application Web en nuage doit être opérationnelle à 95 % de 8 h à 16 h (heure de l'Est) pendant les jours ouvrables réguliers.;ACS;;ONL;;;;0.95;;;;This is a new standard that will be tracked for next year. In general the service is up as it operates in the cloud. Tracker also doesn't require maintenance windows to make releases.;Il s'agit d'une nouvelle norme qui fera l'objet d'un suivi l'année prochaine. En général, le service est en ligne car il fonctionne dans le nuage. Tracker n'a pas besoin de fenêtres de maintenance pour effectuer des mises à jour.;;None available. This requirement has been created as an action item.;Aucune n'est disponible. Cette exigence a été créée en tant qu'action.;;;tbs-sct;326.0;Treasury Board of Canada Secretariat;Secrétariat du Conseil du Trésor du Canada;2023-2024_326_SRV03456
12727;2023-2024;SRV03456;Tracker;Suivi;8703;Domain Scanning Accuracy -The service will maintain a 95% accuracy rate for domains when reporting on section 1 of the Web Sites and Services Management Configuration Requirements.;Le service maintiendra un taux de précision de 95 % pour les domaines lors des rapports sur la section 1 des Exigences de configuration de la gestion des sites Web et des services.;ACY;;ONL;;;;0.95;;;;"This is a new standard that will be tracked for next year.
Accuracy = (TP + TN) / (TP + TN + FP + FN)
True Positive (TP),True Negative (TN)
False Positive (FP), False Negative (FN)";"Il s'agit d'une nouvelle norme qui fera l'objet d'un suivi l'année prochaine. 
« Précision = (TP + TN) / (TP + TN + FP + FN)
Vrai positif (TP), Vrai négatif (TN)
Faux positif (FP), faux négatif (FN)";;None available. This requirement has been created as an action item.;Aucune n'est disponible. Cette exigence a été créée en tant qu'action.;;;tbs-sct;326.0;Treasury Board of Canada Secretariat;Secrétariat du Conseil du Trésor du Canada;2023-2024_326_SRV03456
12728;2023-2024;SRV03456;Tracker;Suivi;8704;Help Desk - All enquiries submitted via generic mailboxs tracker@tbs-sct.gc.ca, suivi@tbs-sct.gc.ca will be responded to within 10 business days.;Toutes les demandes soumises via les boîtes aux lettres génériques tracker@tbs-sct.gc.ca, suivi@tbs-sct.gc.ca recevront une réponse dans un délai de 10 jours ouvrables.;TML;;EML;;;;0.9;;;;The service is new and standards were developed and will be tracked for next year.;Le service est nouveau et des normes ont été élaborées et feront l'objet d'un suivi l'année prochaine.;;None available. This requirement has been created as an action item.;Aucune n'est disponible. Cette exigence a été créée en tant qu'action.;;;tbs-sct;326.0;Treasury Board of Canada Secretariat;Secrétariat du Conseil du Trésor du Canada;2023-2024_326_SRV03456
12729;2023-2024;SRV03454;Cyber Maturity Self-Assessment (CMSA) Availability;Autoévaluation de la cybermaturité (AECM);8702;This cloud-based web application is to be 95% fully operational from 8:00 AM to 4:00 PM Eatern time on regular business days.;Cette application Web en nuage doit être opérationnelle à 95 % de 8 h à 16 h (heure de l'Est) pendant les jours ouvrables réguliers.;ACS;;ONL;;;;0.95;;;;This is a new standard we are tracking on. Working with the internal to TBS service provider to determine next years performance. In general the service is up and running because it operates in the cloud.;Il s'agit d'une nouvelle norme dont nous assurons le suivi. Nous travaillons avec le fournisseur de services interne au SCT pour déterminer les performances de l'année prochaine. En général, le service est opérationnel parce qu'il fonctionne dans le nuage.;;None available. This requirement has been created as an action item.;Aucune n'est disponible. Cette exigence a été créée en tant qu'action.;;;tbs-sct;326.0;Treasury Board of Canada Secretariat;Secrétariat du Conseil du Trésor du Canada;2023-2024_326_SRV03454
12730;2023-2024;3676;Diversity and inclusion statistics;Statistiques sur la diversité et l'inclusion;8699;The external Diversity and inclusion webpage will be available 24/7 based on the application's supported hours of operation and exclusive of pre-determined maintenance periods.;La page Web externe de Statistiques sur la diversité et l'inclusion sera disponible 24 heures sur 24, 7 jours sur 7, en fonction des heures de fonctionnement de l'application, à l'exclusion des périodes de maintenance prédéterminées.;ACS;;ONL;;;;;;;;The service is new and standards were developed and will be tracked for next year.;Le service est nouveau et des normes ont été élaborées et feront l'objet d'un suivi l'année prochaine.;;;;;;tbs-sct;326.0;Treasury Board of Canada Secretariat;Secrétariat du Conseil du Trésor du Canada;2023-2024_326_3676
12731;2023-2024;3673;System For Official Languages Obligations (SOLO);Système pour les obligations en langues officielles (SOLO);8698;Access to the system is available 24/7, except for during pre-determined maintenance periods;Le système est disponible 24, 7 jours sur 7,  à l'exclusion des périodes de maintenance prédéterminées.;ACS;;ONL;;;;0.98;;;;The service is new and standards were developed and will be tracked for next year.;Le service est nouveau et des normes ont été élaborées et feront l'objet d'un suivi l'année prochaine.;;;;;;tbs-sct;326.0;Treasury Board of Canada Secretariat;Secrétariat du Conseil du Trésor du Canada;2023-2024_326_3673
12732;2023-2024;SRV03455;GC Digital Talent;Talents numériques du GC;8706;All client inquiries received through the website are responded to by a live agent within 2 business days of a ticket being submitted.;Toutes les demandes des clients reçues via le site Web reçoivent une réponse d'un agent en direct dans les  deux (2) jours ouvrables suivant la soumission d'un ticket.;TML;;EML;;;;0.85;1065.0;1092.0;0.9753;;;Y;;;;;tbs-sct;326.0;Treasury Board of Canada Secretariat;Secrétariat du Conseil du Trésor du Canada;2023-2024_326_SRV03455
12736;2023-2024;1368;Canadian Forces Income Support Benefit;Allocation de soutien du revenu des forces canadiennes;5186;When you apply for Canadian Forces Income Support, your decision will be made within 4 weeks.;Lorsque vous présentez une demande pour la Soutien du revenu des Forces canadiennes, une décision sera rendue dans un délai de quatre semaines.;TML;;OTH;Other channels include online, mail and in person.;Les autres voies de communication comprennent en ligne, par la poste et en personne.;;0.8;28.0;44.0;0.6364;;;N;https://www.veterans.gc.ca/eng/about-vac/what-we-do/service-standards;https://www.veterans.gc.ca/fra/about-vac/what-we-do/service-standards;Not applicable;Not applicable;vac-acc;139.0;Veterans Affairs Canada;Anciens Combattants Canada;2023-2024_139_1368
12753;2023-2024;1419;Rehabilitation Services and Vocational Assistance;Services de réadaptation et d'assistance professionnelle;5195;When you apply for VAC's Rehab Services, your decision will be made within 2 weeks.;Lorsque vous présentez une demande pour les services de réadaptation ACC, une décision sera rendue dans un délai de deux semaines.;TML;;OTH;Other channels include online, mail and in person.;Les autres voies de communication comprennent en ligne, par la poste et en personne.;;0.8;2722.0;4393.0;0.6196;;;N;https://www.veterans.gc.ca/eng/about-vac/what-we-do/service-standards;https://www.veterans.gc.ca/fra/about-vac/what-we-do/service-standards;https://veterans.gc.ca/en/about-vac/addressing-wait-times-veterans/wait-time-tool;Temps d’attente - Anciens Combattants Canada (veterans.gc.ca);vac-acc;139.0;Veterans Affairs Canada;Anciens Combattants Canada;2023-2024_139_1419
12754;2023-2024;1419;Rehabilitation Services and Vocational Assistance;Services de réadaptation et d'assistance professionnelle;5194;Work with your case manager and develop a plan to best meet your needs within 45 days of your eligible Rehabilitation Program decision.;Travaillerez avec votre gestionnaire de cas pour établir un plan qui réponde le mieux à vos besoins, dans un délai de 45 jours suivant la décision sur votre admissibilité au Programme de réadaptation.;TML;;OTH;Other channels include online, mail and in person.;Les autres voies de communication comprennent en ligne, par la poste et en personne.;;0.8;1774.0;1874.0;0.9466;;;Y;https://www.veterans.gc.ca/eng/about-vac/what-we-do/service-standards;https://www.veterans.gc.ca/fra/about-vac/what-we-do/service-standards;Not applicable;Non applicable;vac-acc;139.0;Veterans Affairs Canada;Anciens Combattants Canada;2023-2024_139_1419
